// monkey
#include <stdint.h>
#include <stdio.h>
#include <stdlib.h>
#include <stdbool.h>
#include <kernel/tty.h>
#include <sys/io.h>

#define SB16_BASE 0x220
#define DSP_RESET       (SB16_BASE + 0x6)
#define DSP_READ        (SB16_BASE + 0xA)
#define DSP_WRITE       (SB16_BASE + 0xC)
#define DSP_READ_STATUS (SB16_BASE + 0xE)

// DMA settings
#define DMA_PAGE 0x83
#define DMA_MASK 0x0A
#define DMA_MODE 0x0B
#define DMA_CLEAR 0x0C
#define DMA_ADDR 0x02
#define DMA_COUNT 0x03
#define DMA_CHANNEL 1

uint8_t sound_buffer[] = {
    0x80, 0x80, 0x80, 0x7f, 0x80, 0x7f, 0x7f, 0x7f, 0x7f, 0x80, 0x7f, 0x7f,
    0x80, 0x7f, 0x7f, 0x7f, 0x7f, 0x7f, 0x7f, 0x7f, 0x7f, 0x7f, 0x7f, 0x7f,
    0x7f, 0x7f, 0x7f, 0x7f, 0x80, 0x80, 0x7f, 0x7f, 0x7f, 0x80, 0x7f, 0x80,
    0x80, 0x7f, 0x7f, 0x7f, 0x7f, 0x7f, 0x7f, 0x7f, 0x7f, 0x7f, 0x7f, 0x7f,
    0x7f, 0x7f, 0x7f, 0x7f, 0x7f, 0x7f, 0x7f, 0x80, 0x7f, 0x80, 0x7f, 0x80,
    0x80, 0x7f, 0x7f, 0x7f, 0x80, 0x7f, 0x7f, 0x80, 0x7f, 0x7f, 0x80, 0x7f,
    0x7f, 0x80, 0x7f, 0x7f, 0x7f, 0x7f, 0x7f, 0x7f, 0x7f, 0x7f, 0x7f, 0x7f,
    0x7f, 0x7f, 0x7f, 0x7f, 0x7f, 0x7f, 0x7f, 0x7f, 0x7f, 0x7f, 0x7f, 0x7f,
    0x7f, 0x80, 0x7f, 0x7f, 0x80, 0x7f, 0x80, 0x7f, 0x7f, 0x7f, 0x7f, 0x7f,
    0x7f, 0x7f, 0x7f, 0x7f, 0x7f, 0x7f, 0x7f, 0x7f, 0x7f, 0x7f, 0x80, 0x7f,
    0x7f, 0x80, 0x7f, 0x7f, 0x7f, 0x7f, 0x7f, 0x7f, 0x7f, 0x80, 0x7f, 0x80,
    0x80, 0x7f, 0x7f, 0x7f, 0x7f, 0x7f, 0x7f, 0x7f, 0x7f, 0x7f, 0x7f, 0x7f,
    0x7f, 0x7f, 0x7f, 0x80, 0x80, 0x80, 0x7f, 0x80, 0x80, 0x7f, 0x7f, 0x7f,
    0x7f, 0x80, 0x7f, 0x7f, 0x7f, 0x7f, 0x80, 0x7f, 0x7f, 0x7f, 0x7f, 0x7f,
    0x7f, 0x7f, 0x7f, 0x7f, 0x7f, 0x80, 0x80, 0x7f, 0x7f, 0x7f, 0x7f, 0x80,
    0x7f, 0x7f, 0x80, 0x7f, 0x7f, 0x7f, 0x7f, 0x7f, 0x7f, 0x7f, 0x7f, 0x7f,
    0x7f, 0x80, 0x7f, 0x7f, 0x7f, 0x7f, 0x7f, 0x7f, 0x80, 0x7f, 0x7f, 0x7f,
    0x7f, 0x7f, 0x7f, 0x7f, 0x7f, 0x7f, 0x7f, 0x7f, 0x7f, 0x7f, 0x7f, 0x7f,
    0x7f, 0x7f, 0x7f, 0x7f, 0x7f, 0x7f, 0x80, 0x7f, 0x7f, 0x7f, 0x7f, 0x80,
    0x7f, 0x7f, 0x7f, 0x7f, 0x7f, 0x7f, 0x7f, 0x7f, 0x7f, 0x7f, 0x7f, 0x80,
    0x7f, 0x80, 0x7f, 0x7f, 0x80, 0x7f, 0x7f, 0x7f, 0x80, 0x7f, 0x80, 0x7f,
    0x7f, 0x7f, 0x7f, 0x80, 0x7f, 0x80, 0x7f, 0x80, 0x80, 0x7f, 0x80, 0x7f,
    0x7f, 0x7f, 0x7f, 0x7f, 0x7f, 0x7f, 0x7f, 0x7f, 0x7f, 0x7f, 0x7f, 0x7f,
    0x7f, 0x7f, 0x7f, 0x7f, 0x7f, 0x7f, 0x7f, 0x7f, 0x7f, 0x7f, 0x7f, 0x7f,
    0x80, 0x80, 0x80, 0x80, 0x80, 0x80, 0x80, 0x80, 0x80, 0x80, 0x80, 0x80,
    0x80, 0x80, 0x80, 0x80, 0x80, 0x7f, 0x7f, 0x7f, 0x7f, 0x7f, 0x7f, 0x7f,
    0x7f, 0x7f, 0x7f, 0x7f, 0x7f, 0x7f, 0x80, 0x80, 0x80, 0x80, 0x80, 0x80,
    0x80, 0x80, 0x80, 0x80, 0x80, 0x80, 0x80, 0x80, 0x80, 0x80, 0x80, 0x80,
    0x7f, 0x7f, 0x7f, 0x7f, 0x7f, 0x7f, 0x7f, 0x7f, 0x7f, 0x7f, 0x7f, 0x7f,
    0x7f, 0x7f, 0x7f, 0x7f, 0x7f, 0x7f, 0x7f, 0x7f, 0x80, 0x80, 0x80, 0x80,
    0x80, 0x80, 0x80, 0x80, 0x80, 0x80, 0x80, 0x80, 0x80, 0x80, 0x80, 0x80,
    0x80, 0x80, 0x80, 0x80, 0x80, 0x80, 0x80, 0x7f, 0x7f, 0x7f, 0x7f, 0x7f,
    0x7f, 0x7f, 0x7f, 0x7f, 0x7f, 0x7f, 0x7f, 0x7f, 0x80, 0x80, 0x80, 0x80,
    0x80, 0x80, 0x80, 0x80, 0x80, 0x80, 0x80, 0x80, 0x7f, 0x7f, 0x7f, 0x7f,
    0x7f, 0x7f, 0x7f, 0x7f, 0x80, 0x7f, 0x80, 0x80, 0x80, 0x7f, 0x80, 0x7f,
    0x7f, 0x7f, 0x7f, 0x7f, 0x7f, 0x7f, 0x7f, 0x7f, 0x7f, 0x7f, 0x7f, 0x7f,
    0x80, 0x80, 0x80, 0x80, 0x80, 0x81, 0x81, 0x81, 0x81, 0x81, 0x81, 0x81,
    0x81, 0x81, 0x80, 0x80, 0x7f, 0x7f, 0x7e, 0x7d, 0x7c, 0x7c, 0x7b, 0x7b,
    0x7b, 0x7b, 0x7b, 0x7d, 0x7d, 0x7f, 0x80, 0x81, 0x83, 0x84, 0x85, 0x86,
    0x86, 0x86, 0x86, 0x86, 0x85, 0x83, 0x83, 0x81, 0x7f, 0x7e, 0x7c, 0x7b,
    0x7a, 0x79, 0x78, 0x77, 0x78, 0x78, 0x78, 0x79, 0x7a, 0x7c, 0x7d, 0x80,
    0x81, 0x83, 0x85, 0x86, 0x88, 0x88, 0x8a, 0x89, 0x89, 0x88, 0x87, 0x86,
    0x84, 0x82, 0x80, 0x7e, 0x7c, 0x7a, 0x78, 0x77, 0x76, 0x75, 0x75, 0x74,
    0x75, 0x75, 0x78, 0x78, 0x79, 0x7e, 0x7f, 0x83, 0x84, 0x86, 0x89, 0x8b,
    0x8c, 0x8b, 0x8d, 0x8c, 0x8c, 0x8b, 0x88, 0x86, 0x84, 0x82, 0x7e, 0x7c,
    0x7a, 0x77, 0x77, 0x73, 0x73, 0x73, 0x73, 0x73, 0x73, 0x73, 0x75, 0x79,
    0x77, 0x7b, 0x7f, 0x81, 0x86, 0x86, 0x89, 0x8b, 0x8f, 0x8e, 0x8e, 0x91,
    0x8e, 0x8e, 0x8b, 0x89, 0x86, 0x84, 0x80, 0x7b, 0x7a, 0x76, 0x76, 0x74,
    0x71, 0x71, 0x72, 0x73, 0x72, 0x74, 0x75, 0x77, 0x79, 0x7a, 0x7c, 0x7e,
    0x81, 0x83, 0x85, 0x88, 0x89, 0x8c, 0x8c, 0x8e, 0x8e, 0x8e, 0x8e, 0x8c,
    0x8b, 0x88, 0x87, 0x83, 0x80, 0x7e, 0x7b, 0x78, 0x76, 0x74, 0x73, 0x72,
    0x72, 0x71, 0x73, 0x74, 0x75, 0x76, 0x77, 0x79, 0x7b, 0x7f, 0x7f, 0x82,
    0x85, 0x87, 0x8a, 0x8a, 0x8c, 0x8d, 0x8f, 0x8e, 0x8d, 0x8e, 0x8b, 0x8a,
    0x88, 0x84, 0x81, 0x7f, 0x7c, 0x78, 0x77, 0x74, 0x73, 0x72, 0x71, 0x71,
    0x73, 0x73, 0x74, 0x76, 0x78, 0x7a, 0x7c, 0x7e, 0x80, 0x82, 0x83, 0x85,
    0x87, 0x88, 0x89, 0x8a, 0x8b, 0x8b, 0x8c, 0x8b, 0x8b, 0x8a, 0x88, 0x87,
    0x85, 0x83, 0x7f, 0x7e, 0x7b, 0x78, 0x76, 0x74, 0x73, 0x72, 0x72, 0x72,
    0x73, 0x74, 0x75, 0x78, 0x79, 0x7b, 0x7e, 0x80, 0x82, 0x83, 0x86, 0x87,
    0x88, 0x89, 0x8a, 0x8b, 0x8b, 0x8b, 0x8b, 0x8b, 0x8a, 0x89, 0x87, 0x85,
    0x83, 0x80, 0x7e, 0x7b, 0x78, 0x76, 0x74, 0x73, 0x72, 0x71, 0x71, 0x72,
    0x73, 0x74, 0x76, 0x78, 0x7b, 0x7d, 0x7f, 0x82, 0x84, 0x86, 0x88, 0x8a,
    0x8c, 0x8d, 0x8d, 0x8e, 0x8e, 0x8e, 0x8d, 0x8b, 0x89, 0x87, 0x84, 0x81,
    0x7d, 0x7a, 0x77, 0x75, 0x72, 0x70, 0x6f, 0x6e, 0x6f, 0x6f, 0x71, 0x72,
    0x74, 0x77, 0x79, 0x7d, 0x80, 0x83, 0x86, 0x89, 0x8c, 0x8e, 0x90, 0x91,
    0x92, 0x92, 0x92, 0x91, 0x8e, 0x8c, 0x89, 0x85, 0x80, 0x7c, 0x79, 0x75,
    0x72, 0x6f, 0x6d, 0x6c, 0x6c, 0x6c, 0x6d, 0x6f, 0x71, 0x74, 0x77, 0x7a,
    0x7d, 0x81, 0x84, 0x87, 0x8a, 0x8d, 0x8f, 0x91, 0x92, 0x93, 0x94, 0x93,
    0x92, 0x90, 0x8d, 0x8a, 0x85, 0x80, 0x7c, 0x78, 0x74, 0x70, 0x6e, 0x6c,
    0x6b, 0x6a, 0x6b, 0x6d, 0x6e, 0x71, 0x73, 0x76, 0x7a, 0x7d, 0x81, 0x84,
    0x87, 0x8b, 0x8c, 0x90, 0x91, 0x93, 0x94, 0x94, 0x95, 0x92, 0x91, 0x8d,
    0x8a, 0x85, 0x81, 0x7d, 0x77, 0x74, 0x70, 0x6e, 0x6b, 0x6a, 0x6a, 0x6a,
    0x6c, 0x6d, 0x70, 0x73, 0x76, 0x7a, 0x7d, 0x81, 0x84, 0x88, 0x8b, 0x8c,
    0x8f, 0x91, 0x93, 0x94, 0x94, 0x94, 0x93, 0x90, 0x8e, 0x8a, 0x86, 0x81,
    0x7d, 0x78, 0x74, 0x71, 0x6d, 0x6c, 0x6a, 0x6a, 0x6a, 0x6c, 0x6e, 0x6f,
    0x73, 0x76, 0x7a, 0x7d, 0x81, 0x84, 0x89, 0x8b, 0x8e, 0x91, 0x93, 0x96,
    0x95, 0x96, 0x95, 0x93, 0x91, 0x8c, 0x88, 0x82, 0x7f, 0x79, 0x74, 0x71,
    0x6d, 0x6b, 0x69, 0x69, 0x68, 0x6b, 0x6c, 0x6e, 0x71, 0x75, 0x78, 0x7b,
    0x80, 0x83, 0x88, 0x8c, 0x8f, 0x92, 0x96, 0x98, 0x98, 0x99, 0x97, 0x94,
    0x91, 0x8c, 0x87, 0x81, 0x7c, 0x76, 0x71, 0x6e, 0x6a, 0x69, 0x68, 0x67,
    0x69, 0x6a, 0x6d, 0x6f, 0x73, 0x77, 0x7a, 0x80, 0x82, 0x87, 0x8b, 0x8e,
    0x91, 0x94, 0x98, 0x97, 0x99, 0x98, 0x95, 0x93, 0x8e, 0x89, 0x83, 0x7f,
    0x78, 0x73, 0x70, 0x6b, 0x69, 0x67, 0x66, 0x67, 0x69, 0x6b, 0x6e, 0x71,
    0x76, 0x79, 0x7e, 0x82, 0x85, 0x8b, 0x8c, 0x92, 0x93, 0x96, 0x98, 0x97,
    0x99, 0x96, 0x94, 0x8f, 0x8b, 0x85, 0x7f, 0x7b, 0x74, 0x71, 0x6c, 0x6a,
    0x67, 0x66, 0x67, 0x68, 0x6b, 0x6d, 0x71, 0x75, 0x7a, 0x7d, 0x81, 0x86,
    0x89, 0x8e, 0x90, 0x93, 0x95, 0x97, 0x97, 0x97, 0x96, 0x93, 0x90, 0x8b,
    0x85, 0x80, 0x7b, 0x76, 0x72, 0x6d, 0x6b, 0x69, 0x68, 0x68, 0x69, 0x6b,
    0x6d, 0x70, 0x73, 0x78, 0x7b, 0x7f, 0x84, 0x87, 0x8c, 0x91, 0x94, 0x97,
    0x9a, 0x9a, 0x9b, 0x9a, 0x96, 0x91, 0x8d, 0x86, 0x7f, 0x79, 0x71, 0x6d,
    0x68, 0x64, 0x62, 0x62, 0x63, 0x64, 0x68, 0x6b, 0x70, 0x77, 0x7c, 0x83,
    0x89, 0x90, 0x96, 0x9a, 0x9e, 0x9f, 0xa1, 0x9e, 0x9b, 0x96, 0x90, 0x8a,
    0x83, 0x7c, 0x75, 0x6f, 0x6a, 0x67, 0x64, 0x62, 0x62, 0x63, 0x63, 0x68,
    0x6b, 0x6f, 0x77, 0x7b, 0x82, 0x88, 0x8e, 0x93, 0x99, 0x9e, 0x9d, 0xa3,
    0xa0, 0x9f, 0x9d, 0x98, 0x90, 0x8a, 0x84, 0x79, 0x74, 0x6d, 0x67, 0x63,
    0x61, 0x5f, 0x60, 0x62, 0x63, 0x67, 0x6b, 0x71, 0x75, 0x7b, 0x81, 0x86,
    0x8c, 0x90, 0x94, 0x97, 0x9a, 0x9c, 0x9d, 0x9e, 0x9c, 0x9a, 0x96, 0x91,
    0x8b, 0x85, 0x7e, 0x77, 0x71, 0x6c, 0x68, 0x65, 0x63, 0x62, 0x63, 0x65,
    0x68, 0x6c, 0x70, 0x74, 0x78, 0x7c, 0x80, 0x83, 0x8a, 0x8b, 0x8f, 0x93,
    0x93, 0x97, 0x97, 0x98, 0x97, 0x98, 0x93, 0x90, 0x8e, 0x87, 0x84, 0x7e,
    0x78, 0x74, 0x71, 0x6c, 0x6a, 0x69, 0x68, 0x6b, 0x6b, 0x6d, 0x71, 0x74,
    0x76, 0x79, 0x78, 0x7b, 0x84, 0x7f, 0x85, 0x8a, 0x89, 0x90, 0x90, 0x90,
    0x91, 0x99, 0x92, 0x90, 0x94, 0x89, 0x8a, 0x87, 0x80, 0x7a, 0x7b, 0x76,
    0x70, 0x72, 0x6d, 0x6f, 0x73, 0x71, 0x72, 0x77, 0x7b, 0x7c, 0x80, 0x80,
    0x81, 0x84, 0x83, 0x80, 0x80, 0x7d, 0x7e, 0x7f, 0x7a, 0x7e, 0x80, 0x82,
    0x84, 0x85, 0x87, 0x8a, 0x8e, 0x8a, 0x8b, 0x8a, 0x87, 0x87, 0x82, 0x7e,
    0x7c, 0x7b, 0x78, 0x76, 0x76, 0x76, 0x79, 0x79, 0x7a, 0x7d, 0x7f, 0x81,
    0x81, 0x82, 0x81, 0x82, 0x81, 0x7e, 0x7c, 0x7a, 0x76, 0x73, 0x78, 0x74,
    0x74, 0x7e, 0x7b, 0x82, 0x86, 0x89, 0x8b, 0x93, 0x93, 0x8f, 0x96, 0x8d,
    0x8b, 0x89, 0x83, 0x7d, 0x7b, 0x79, 0x72, 0x74, 0x71, 0x71, 0x75, 0x76,
    0x77, 0x7b, 0x7e, 0x7f, 0x82, 0x81, 0x82, 0x82, 0x81, 0x7f, 0x7c, 0x78,
    0x78, 0x7c, 0x75, 0x7b, 0x7f, 0x7f, 0x88, 0x88, 0x8a, 0x8e, 0x95, 0x8e,
    0x90, 0x90, 0x88, 0x89, 0x82, 0x7b, 0x78, 0x78, 0x72, 0x71, 0x71, 0x70,
    0x75, 0x78, 0x79, 0x7c, 0x82, 0x83, 0x84, 0x85, 0x83, 0x83, 0x81, 0x7c,
    0x77, 0x7a, 0x76, 0x75, 0x7a, 0x78, 0x7d, 0x83, 0x85, 0x87, 0x8e, 0x91,
    0x8f, 0x93, 0x8e, 0x8d, 0x8b, 0x86, 0x80, 0x7d, 0x7a, 0x75, 0x74, 0x72,
    0x72, 0x75, 0x76, 0x77, 0x7a, 0x7d, 0x7f, 0x81, 0x81, 0x7f, 0x7f, 0x7c,
    0x79, 0x7a, 0x76, 0x78, 0x7b, 0x7b, 0x7f, 0x82, 0x86, 0x89, 0x90, 0x90,
    0x92, 0x94, 0x91, 0x90, 0x8c, 0x88, 0x82, 0x7f, 0x7a, 0x76, 0x73, 0x71,
    0x70, 0x71, 0x72, 0x73, 0x76, 0x78, 0x7a, 0x7b, 0x7b, 0x7a, 0x78, 0x7d,
    0x7a, 0x7a, 0x80, 0x7f, 0x83, 0x86, 0x88, 0x89, 0x90, 0x91, 0x90, 0x94,
    0x91, 0x90, 0x8e, 0x8a, 0x84, 0x81, 0x7d, 0x77, 0x74, 0x70, 0x6f, 0x6f,
    0x6f, 0x6f, 0x71, 0x74, 0x75, 0x78, 0x78, 0x78, 0x78, 0x7d, 0x7e, 0x7c,
    0x85, 0x85, 0x88, 0x8c, 0x8c, 0x8c, 0x93, 0x95, 0x8f, 0x94, 0x8f, 0x8c,
    0x8c, 0x85, 0x80, 0x7d, 0x7b, 0x74, 0x72, 0x6f, 0x6e, 0x6f, 0x70, 0x6f,
    0x71, 0x75, 0x75, 0x77, 0x79, 0x77, 0x78, 0x80, 0x7c, 0x7f, 0x88, 0x86,
    0x8d, 0x90, 0x8e, 0x90, 0x97, 0x93, 0x91, 0x93, 0x8b, 0x8a, 0x87, 0x7f,
    0x7a, 0x79, 0x75, 0x71, 0x70, 0x6d, 0x6f, 0x71, 0x72, 0x71, 0x76, 0x79,
    0x79, 0x7a, 0x79, 0x77, 0x7d, 0x7f, 0x79, 0x84, 0x85, 0x87, 0x8f, 0x8e,
    0x8d, 0x93, 0x97, 0x90, 0x94, 0x8f, 0x8a, 0x8a, 0x83, 0x7c, 0x79, 0x78,
    0x72, 0x70, 0x6e, 0x6d, 0x71, 0x72, 0x71, 0x74, 0x78, 0x78, 0x79, 0x79,
    0x75, 0x7d, 0x7e, 0x79, 0x84, 0x83, 0x87, 0x8e, 0x8e, 0x8c, 0x95, 0x97,
    0x90, 0x96, 0x8f, 0x8c, 0x8c, 0x84, 0x7d, 0x7a, 0x78, 0x73, 0x71, 0x6d,
    0x6c, 0x70, 0x71, 0x70, 0x73, 0x75, 0x76, 0x78, 0x76, 0x75, 0x7f, 0x7c,
    0x7f, 0x87, 0x84, 0x8d, 0x90, 0x8f, 0x90, 0x98, 0x93, 0x92, 0x95, 0x8a,
    0x8c, 0x89, 0x81, 0x7b, 0x7a, 0x75, 0x72, 0x71, 0x6d, 0x6e, 0x70, 0x71,
    0x70, 0x73, 0x73, 0x75, 0x73, 0x74, 0x7c, 0x76, 0x82, 0x85, 0x85, 0x8f,
    0x90, 0x90, 0x94, 0x9b, 0x92, 0x96, 0x94, 0x8b, 0x8c, 0x86, 0x7f, 0x7a,
    0x79, 0x73, 0x71, 0x70, 0x6e, 0x70, 0x72, 0x72, 0x73, 0x75, 0x75, 0x76,
    0x73, 0x75, 0x7c, 0x75, 0x80, 0x84, 0x84, 0x8d, 0x8e, 0x8f, 0x93, 0x9b,
    0x91, 0x97, 0x93, 0x8b, 0x8d, 0x85, 0x7f, 0x7a, 0x79, 0x73, 0x72, 0x6f,
    0x6e, 0x70, 0x72, 0x73, 0x73, 0x75, 0x75, 0x74, 0x73, 0x7c, 0x76, 0x7c,
    0x86, 0x81, 0x8b, 0x8e, 0x8d, 0x90, 0x99, 0x92, 0x92, 0x95, 0x89, 0x8d,
    0x88, 0x80, 0x7c, 0x7a, 0x75, 0x73, 0x71, 0x6e, 0x70, 0x72, 0x73, 0x73,
    0x74, 0x74, 0x71, 0x76, 0x7e, 0x73, 0x83, 0x85, 0x85, 0x8f, 0x8e, 0x8e,
    0x92, 0x9a, 0x8e, 0x95, 0x8f, 0x87, 0x8a, 0x83, 0x7c, 0x78, 0x78, 0x72,
    0x72, 0x70, 0x6f, 0x72, 0x75, 0x74, 0x76, 0x77, 0x75, 0x72, 0x7c, 0x7d,
    0x76, 0x89, 0x83, 0x89, 0x91, 0x8d, 0x8e, 0x96, 0x96, 0x8d, 0x96, 0x88,
    0x86, 0x87, 0x7e, 0x77, 0x76, 0x74, 0x6f, 0x71, 0x6e, 0x6f, 0x74, 0x76,
    0x75, 0x79, 0x79, 0x74, 0x7a, 0x84, 0x76, 0x85, 0x8a, 0x84, 0x92, 0x8e,
    0x8d, 0x91, 0x99, 0x8c, 0x92, 0x8d, 0x82, 0x88, 0x7f, 0x79, 0x74, 0x75,
    0x6f, 0x70, 0x6f, 0x6d, 0x72, 0x76, 0x75, 0x76, 0x79, 0x74, 0x77, 0x86,
    0x78, 0x83, 0x8d, 0x84, 0x93, 0x90, 0x8e, 0x90, 0x9a, 0x8c, 0x8f, 0x8f,
    0x80, 0x87, 0x7f, 0x7a, 0x74, 0x75, 0x70, 0x6f, 0x70, 0x6e, 0x71, 0x76,
    0x76, 0x75, 0x79, 0x74, 0x75, 0x85, 0x79, 0x81, 0x8f, 0x84, 0x93, 0x91,
    0x8f, 0x90, 0x9a, 0x8d, 0x8e, 0x8e, 0x7e, 0x85, 0x7d, 0x79, 0x73, 0x74,
    0x71, 0x70, 0x71, 0x6f, 0x73, 0x77, 0x79, 0x77, 0x7a, 0x75, 0x76, 0x85,
    0x79, 0x81, 0x8d, 0x83, 0x92, 0x8f, 0x8d, 0x8f, 0x99, 0x8c, 0x8c, 0x8e,
    0x7c, 0x85, 0x7c, 0x79, 0x73, 0x75, 0x72, 0x71, 0x72, 0x71, 0x76, 0x7a,
    0x7b, 0x7a, 0x7c, 0x78, 0x77, 0x86, 0x79, 0x80, 0x8d, 0x81, 0x91, 0x8d,
    0x8b, 0x8d, 0x96, 0x8b, 0x89, 0x8d, 0x79, 0x83, 0x7b, 0x78, 0x74, 0x75,
    0x72, 0x72, 0x74, 0x72, 0x78, 0x7b, 0x7d, 0x7c, 0x7e, 0x7b, 0x78, 0x86,
    0x7d, 0x7e, 0x90, 0x80, 0x8f, 0x8e, 0x88, 0x8c, 0x92, 0x8c, 0x84, 0x8d,
    0x78, 0x80, 0x7d, 0x75, 0x76, 0x74, 0x75, 0x72, 0x77, 0x74, 0x78, 0x7e,
    0x7d, 0x7e, 0x7e, 0x7c, 0x77, 0x84, 0x81, 0x79, 0x90, 0x81, 0x8a, 0x90,
    0x87, 0x8b, 0x90, 0x8f, 0x81, 0x8d, 0x7c, 0x7b, 0x80, 0x75, 0x75, 0x74,
    0x76, 0x72, 0x77, 0x75, 0x76, 0x7e, 0x7d, 0x7d, 0x7f, 0x7d, 0x77, 0x82,
    0x86, 0x76, 0x8d, 0x86, 0x83, 0x93, 0x85, 0x8a, 0x8e, 0x90, 0x81, 0x8a,
    0x82, 0x76, 0x82, 0x76, 0x75, 0x75, 0x76, 0x74, 0x76, 0x79, 0x76, 0x7e,
    0x7f, 0x7e, 0x7f, 0x7f, 0x7a, 0x7a, 0x89, 0x7a, 0x7f, 0x8f, 0x7e, 0x8e,
    0x8d, 0x85, 0x8c, 0x8f, 0x87, 0x81, 0x89, 0x76, 0x7b, 0x7c, 0x74, 0x74,
    0x75, 0x77, 0x74, 0x7b, 0x7a, 0x7c, 0x82, 0x81, 0x81, 0x83, 0x81, 0x7b,
    0x7b, 0x84, 0x7f, 0x7a, 0x8a, 0x82, 0x84, 0x8e, 0x85, 0x87, 0x8d, 0x8a,
    0x81, 0x84, 0x7e, 0x75, 0x7d, 0x78, 0x71, 0x76, 0x78, 0x76, 0x7b, 0x7d,
    0x7c, 0x81, 0x83, 0x82, 0x82, 0x82, 0x7f, 0x7c, 0x7e, 0x83, 0x7a, 0x7e,
    0x89, 0x80, 0x87, 0x8b, 0x84, 0x87, 0x8c, 0x85, 0x80, 0x83, 0x7a, 0x79,
    0x7d, 0x77, 0x74, 0x78, 0x79, 0x79, 0x7d, 0x7b, 0x7c, 0x82, 0x82, 0x7f,
    0x80, 0x7f, 0x7a, 0x82, 0x84, 0x79, 0x86, 0x86, 0x82, 0x8b, 0x87, 0x84,
    0x8a, 0x8a, 0x81, 0x81, 0x80, 0x79, 0x7d, 0x7c, 0x75, 0x77, 0x79, 0x78,
    0x79, 0x7b, 0x7b, 0x7e, 0x80, 0x7d, 0x7c, 0x7b, 0x82, 0x83, 0x7d, 0x88,
    0x87, 0x83, 0x8d, 0x88, 0x84, 0x8a, 0x8a, 0x80, 0x80, 0x7f, 0x77, 0x7a,
    0x7a, 0x74, 0x76, 0x7b, 0x79, 0x7b, 0x7e, 0x7e, 0x83, 0x85, 0x81, 0x81,
    0x83, 0x81, 0x80, 0x7f, 0x7a, 0x7d, 0x82, 0x7c, 0x80, 0x85, 0x81, 0x88,
    0x88, 0x82, 0x84, 0x85, 0x80, 0x7f, 0x7d, 0x7a, 0x7b, 0x7c, 0x79, 0x78,
    0x7b, 0x7d, 0x7d, 0x7e, 0x7d, 0x7e, 0x7d, 0x7f, 0x84, 0x7c, 0x80, 0x88,
    0x82, 0x85, 0x87, 0x82, 0x85, 0x89, 0x82, 0x7f, 0x81, 0x7d, 0x7a, 0x7c,
    0x7a, 0x76, 0x7c, 0x7c, 0x7a, 0x7f, 0x80, 0x80, 0x84, 0x84, 0x81, 0x83,
    0x82, 0x7f, 0x80, 0x7f, 0x7c, 0x7b, 0x7b, 0x7d, 0x7f, 0x7e, 0x81, 0x84,
    0x82, 0x84, 0x85, 0x82, 0x83, 0x83, 0x7f, 0x7d, 0x7d, 0x7b, 0x7c, 0x7e,
    0x7d, 0x7e, 0x80, 0x80, 0x80, 0x81, 0x80, 0x7f, 0x7f, 0x7b, 0x79, 0x7c,
    0x7e, 0x7a, 0x7e, 0x84, 0x81, 0x85, 0x87, 0x85, 0x87, 0x88, 0x84, 0x80,
    0x7e, 0x7c, 0x7b, 0x7a, 0x79, 0x79, 0x7a, 0x7e, 0x7f, 0x80, 0x82, 0x85,
    0x85, 0x84, 0x83, 0x80, 0x7f, 0x7f, 0x7c, 0x7b, 0x79, 0x77, 0x7a, 0x7f,
    0x7d, 0x7f, 0x86, 0x85, 0x85, 0x87, 0x84, 0x83, 0x83, 0x81, 0x7d, 0x7b,
    0x7b, 0x7b, 0x7c, 0x7e, 0x7f, 0x80, 0x83, 0x83, 0x82, 0x83, 0x82, 0x80,
    0x7e, 0x7b, 0x78, 0x77, 0x75, 0x79, 0x7e, 0x7b, 0x7f, 0x86, 0x85, 0x88,
    0x88, 0x87, 0x87, 0x86, 0x82, 0x7e, 0x7b, 0x7b, 0x7a, 0x79, 0x7b, 0x7b,
    0x7e, 0x81, 0x82, 0x83, 0x85, 0x85, 0x84, 0x82, 0x80, 0x7e, 0x7c, 0x7a,
    0x79, 0x79, 0x7a, 0x79, 0x79, 0x80, 0x82, 0x7f, 0x86, 0x87, 0x84, 0x86,
    0x85, 0x81, 0x81, 0x81, 0x7d, 0x7c, 0x7c, 0x7d, 0x7e, 0x7f, 0x80, 0x81,
    0x82, 0x83, 0x82, 0x80, 0x81, 0x80, 0x7e, 0x7d, 0x7c, 0x7b, 0x7c, 0x7c,
    0x7d, 0x7e, 0x7e, 0x7e, 0x80, 0x7e, 0x7f, 0x84, 0x82, 0x7f, 0x83, 0x83,
    0x82, 0x83, 0x82, 0x81, 0x83, 0x82, 0x7f, 0x7e, 0x7e, 0x7e, 0x7e, 0x7d,
    0x7c, 0x7b, 0x7e, 0x7e, 0x7d, 0x7d, 0x7e, 0x80, 0x80, 0x7f, 0x7f, 0x80,
    0x80, 0x80, 0x7f, 0x7d, 0x81, 0x83, 0x80, 0x83, 0x84, 0x82, 0x84, 0x83,
    0x80, 0x80, 0x81, 0x7e, 0x7c, 0x7c, 0x7b, 0x7b, 0x7c, 0x7c, 0x7c, 0x7e,
    0x80, 0x80, 0x80, 0x81, 0x82, 0x83, 0x82, 0x81, 0x81, 0x81, 0x81, 0x80,
    0x7f, 0x7f, 0x7f, 0x7f, 0x7e, 0x7d, 0x7c, 0x7d, 0x81, 0x7e, 0x7d, 0x81,
    0x82, 0x81, 0x82, 0x81, 0x80, 0x82, 0x82, 0x7f, 0x7e, 0x7e, 0x7e, 0x7e,
    0x7d, 0x7d, 0x7e, 0x7f, 0x7f, 0x7f, 0x7f, 0x81, 0x82, 0x81, 0x81, 0x81,
    0x81, 0x81, 0x80, 0x80, 0x80, 0x80, 0x7f, 0x7e, 0x7c, 0x7a, 0x7f, 0x81,
    0x7b, 0x7d, 0x82, 0x7f, 0x81, 0x82, 0x7f, 0x81, 0x84, 0x80, 0x7d, 0x7f,
    0x7f, 0x7f, 0x80, 0x7f, 0x7e, 0x80, 0x81, 0x80, 0x7f, 0x7f, 0x80, 0x80,
    0x7f, 0x7e, 0x7e, 0x7f, 0x7f, 0x7f, 0x7f, 0x7f, 0x81, 0x82, 0x81, 0x81,
    0x81, 0x81, 0x80, 0x7e, 0x7d, 0x7d, 0x7d, 0x7d, 0x7c, 0x7c, 0x7c, 0x81,
    0x81, 0x7f, 0x83, 0x85, 0x83, 0x84, 0x83, 0x80, 0x81, 0x80, 0x7d, 0x7b,
    0x7c, 0x7c, 0x7d, 0x7e, 0x7d, 0x7f, 0x80, 0x80, 0x80, 0x80, 0x80, 0x81,
    0x81, 0x7f, 0x7f, 0x80, 0x81, 0x81, 0x81, 0x81, 0x81, 0x82, 0x81, 0x80,
    0x80, 0x7f, 0x7d, 0x7d, 0x7c, 0x7b, 0x7c, 0x7b, 0x7b, 0x7d, 0x81, 0x81,
    0x80, 0x85, 0x85, 0x84, 0x85, 0x83, 0x81, 0x82, 0x81, 0x7c, 0x7c, 0x7c,
    0x7c, 0x7d, 0x7e, 0x7d, 0x7e, 0x80, 0x80, 0x80, 0x80, 0x80, 0x81, 0x80,
    0x7f, 0x7f, 0x80, 0x80, 0x80, 0x81, 0x81, 0x80, 0x80, 0x80, 0x7f, 0x7f,
    0x7e, 0x7e, 0x7e, 0x7d, 0x7e, 0x7f, 0x7f, 0x80, 0x81, 0x81, 0x82, 0x81,
    0x81, 0x81, 0x80, 0x7f, 0x7e, 0x7d, 0x7c, 0x7e, 0x7f, 0x7e, 0x7e, 0x81,
    0x81, 0x81, 0x81, 0x80, 0x80, 0x81, 0x80, 0x7d, 0x7e, 0x7f, 0x7f, 0x7f,
    0x7f, 0x7f, 0x80, 0x81, 0x81, 0x80, 0x80, 0x80, 0x80, 0x7f, 0x7e, 0x7e,
    0x7f, 0x7f, 0x7f, 0x7f, 0x7f, 0x80, 0x80, 0x80, 0x80, 0x80, 0x80, 0x7f,
    0x7f, 0x7e, 0x7e, 0x7f, 0x7f, 0x7e, 0x7e, 0x7e, 0x7e, 0x81, 0x81, 0x7f,
    0x82, 0x82, 0x81, 0x81, 0x81, 0x7f, 0x80, 0x80, 0x7e, 0x7d, 0x7e, 0x7e,
    0x7e, 0x7e, 0x7e, 0x7e, 0x7f, 0x80, 0x7f, 0x7f, 0x80, 0x81, 0x80, 0x80,
    0x80, 0x81, 0x81, 0x80, 0x80, 0x7f, 0x80, 0x80, 0x7f, 0x7e, 0x7f, 0x7f,
    0x7f, 0x7f, 0x7f, 0x7f, 0x80, 0x80, 0x80, 0x7f, 0x80, 0x80, 0x7f, 0x7f,
    0x7e, 0x7d, 0x7f, 0x81, 0x7f, 0x7f, 0x81, 0x82, 0x81, 0x81, 0x80, 0x7f,
    0x80, 0x7f, 0x7d, 0x7d, 0x7e, 0x7f, 0x7f, 0x7f, 0x80, 0x80, 0x81, 0x80,
    0x80, 0x80, 0x80, 0x80, 0x7f, 0x7f, 0x7f, 0x7f, 0x80, 0x80, 0x80, 0x80,
    0x80, 0x80, 0x80, 0x7f, 0x7f, 0x7f, 0x7f, 0x7f, 0x7f, 0x7f, 0x80, 0x80,
    0x80, 0x80, 0x80, 0x80, 0x7f, 0x7f, 0x7f, 0x7f, 0x7f, 0x7e, 0x7d, 0x7d,
    0x80, 0x80, 0x7f, 0x81, 0x82, 0x82, 0x81, 0x81, 0x80, 0x7f, 0x80, 0x7e,
    0x7c, 0x7d, 0x7f, 0x7e, 0x7f, 0x80, 0x80, 0x80, 0x81, 0x80, 0x80, 0x80,
    0x80, 0x7f, 0x7f, 0x7e, 0x7f, 0x7f, 0x7f, 0x7f, 0x80, 0x80, 0x80, 0x80,
    0x80, 0x7f, 0x80, 0x7f, 0x7f, 0x7f, 0x80, 0x80, 0x80, 0x80, 0x80, 0x81,
    0x80, 0x80, 0x80, 0x7f, 0x7f, 0x7f, 0x7e, 0x7e, 0x7f, 0x7f, 0x7e, 0x7e,
    0x7e, 0x7f, 0x80, 0x80, 0x80, 0x81, 0x81, 0x81, 0x81, 0x80, 0x80, 0x80,
    0x80, 0x7e, 0x7e, 0x7f, 0x7f, 0x7f, 0x7f, 0x80, 0x80, 0x80, 0x80, 0x80,
    0x7f, 0x80, 0x80, 0x7f, 0x7e, 0x7f, 0x7f, 0x7f, 0x80, 0x80, 0x80, 0x80,
    0x80, 0x7f, 0x7f, 0x7f, 0x7f, 0x7f, 0x7f, 0x7f, 0x80, 0x80, 0x80, 0x80,
    0x80, 0x80, 0x80, 0x80, 0x7f, 0x7f, 0x7f, 0x7f, 0x7f, 0x7f, 0x7f, 0x7f,
    0x7f, 0x7f, 0x7f, 0x80, 0x80, 0x7f, 0x7f, 0x7f, 0x7f, 0x80, 0x80, 0x80,
    0x80, 0x81, 0x80, 0x80, 0x80, 0x7f, 0x7f, 0x7f, 0x7e, 0x7e, 0x7f, 0x7f,
    0x80, 0x80, 0x80, 0x80, 0x80, 0x80, 0x80, 0x7f, 0x7f, 0x7f, 0x7f, 0x7f,
    0x7f, 0x80, 0x80, 0x80, 0x80, 0x80, 0x7f, 0x7f, 0x7f, 0x7f, 0x7f, 0x7f,
    0x7f, 0x7f, 0x80, 0x80, 0x80, 0x80, 0x80, 0x80, 0x80, 0x7f, 0x7f, 0x7f,
    0x7f, 0x7f, 0x7f, 0x7f, 0x80, 0x80, 0x80, 0x80, 0x80, 0x80, 0x7f, 0x7f,
    0x7f, 0x7f, 0x7f, 0x7f, 0x80, 0x80, 0x80, 0x80, 0x80, 0x80, 0x7f, 0x7f,
    0x7f, 0x7f, 0x7f, 0x80, 0x80, 0x80, 0x80, 0x80, 0x80, 0x80, 0x7f, 0x7f,
    0x7f, 0x7f, 0x7f, 0x7f, 0x7f, 0x80, 0x80, 0x80, 0x80, 0x80, 0x7f, 0x7f,
    0x7f, 0x7f, 0x7f, 0x7f, 0x80, 0x80, 0x80, 0x80, 0x7f, 0x7f, 0x7f, 0x7f,
    0x7e, 0x7e, 0x7f, 0x80, 0x80, 0x80, 0x81, 0x81, 0x81, 0x80, 0x80, 0x7f,
    0x7e, 0x7e, 0x7e, 0x7e, 0x7e, 0x7f, 0x80, 0x80, 0x80, 0x80, 0x80, 0x80,
    0x80, 0x7f, 0x7f, 0x7f, 0x7f, 0x7f, 0x80, 0x80, 0x80, 0x80, 0x80, 0x80,
    0x7f, 0x7f, 0x7f, 0x7f, 0x7f, 0x7f, 0x7f, 0x80, 0x80, 0x80, 0x80, 0x80,
    0x7f, 0x7f, 0x7e, 0x7e, 0x7e, 0x7f, 0x7f, 0x80, 0x80, 0x80, 0x81, 0x81,
    0x80, 0x80, 0x80, 0x7f, 0x7f, 0x7f, 0x7f, 0x7f, 0x80, 0x80, 0x80, 0x80,
    0x80, 0x80, 0x7f, 0x7e, 0x7e, 0x7e, 0x7e, 0x7e, 0x7f, 0x80, 0x81, 0x81,
    0x81, 0x81, 0x81, 0x80, 0x7f, 0x7e, 0x7e, 0x7e, 0x7e, 0x7f, 0x80, 0x80,
    0x80, 0x81, 0x81, 0x81, 0x80, 0x80, 0x7f, 0x7f, 0x7f, 0x7f, 0x7f, 0x7f,
    0x7f, 0x7f, 0x7f, 0x7f, 0x7e, 0x7e, 0x7e, 0x7f, 0x7f, 0x7f, 0x80, 0x81,
    0x81, 0x81, 0x81, 0x80, 0x80, 0x7f, 0x7f, 0x7e, 0x7f, 0x7f, 0x7f, 0x7f,
    0x80, 0x80, 0x80, 0x81, 0x80, 0x80, 0x80, 0x80, 0x7f, 0x7f, 0x7f, 0x7f,
    0x7e, 0x7e, 0x7f, 0x80, 0x80, 0x80, 0x80, 0x80, 0x80, 0x7f, 0x7f, 0x7f,
    0x7f, 0x7f, 0x7f, 0x80, 0x80, 0x81, 0x80, 0x80, 0x80, 0x80, 0x7f, 0x7f,
    0x7f, 0x7f, 0x7f, 0x7f, 0x7f, 0x80, 0x80, 0x80, 0x80, 0x80, 0x80, 0x80,
    0x7f, 0x7f, 0x7f, 0x7f, 0x7f, 0x7f, 0x7f, 0x7e, 0x7e, 0x7f, 0x80, 0x80,
    0x80, 0x81, 0x81, 0x81, 0x80, 0x80, 0x7f, 0x7e, 0x7e, 0x7e, 0x7e, 0x7f,
    0x80, 0x80, 0x80, 0x81, 0x81, 0x80, 0x80, 0x7f, 0x7f, 0x7f, 0x7f, 0x7f,
    0x7f, 0x7f, 0x80, 0x80, 0x7f, 0x7f, 0x7f, 0x7f, 0x7f, 0x7f, 0x80, 0x80,
    0x80, 0x80, 0x80, 0x80, 0x80, 0x7f, 0x7f, 0x7e, 0x7e, 0x7e, 0x7f, 0x7f,
    0x80, 0x81, 0x81, 0x81, 0x81, 0x81, 0x80, 0x7f, 0x7e, 0x7e, 0x7e, 0x7e,
    0x7f, 0x7f, 0x80, 0x80, 0x80, 0x80, 0x80, 0x7f, 0x7f, 0x7f, 0x7f, 0x7f,
    0x80, 0x80, 0x80, 0x80, 0x80, 0x80, 0x7f, 0x7f, 0x7f, 0x7f, 0x7f, 0x7f,
    0x80, 0x80, 0x80, 0x80, 0x80, 0x7f, 0x7f, 0x7e, 0x7e, 0x7e, 0x7f, 0x7f,
    0x80, 0x81, 0x81, 0x81, 0x81, 0x80, 0x7f, 0x7f, 0x7e, 0x7e, 0x7e, 0x7f,
    0x80, 0x80, 0x81, 0x81, 0x80, 0x80, 0x7f, 0x7f, 0x7e, 0x7e, 0x7f, 0x7f,
    0x80, 0x80, 0x80, 0x80, 0x80, 0x7f, 0x7f, 0x7f, 0x7e, 0x7e, 0x7f, 0x7f,
    0x7f, 0x81, 0x81, 0x81, 0x81, 0x80, 0x80, 0x7f, 0x7f, 0x7f, 0x7e, 0x7e,
    0x7f, 0x7f, 0x80, 0x80, 0x80, 0x80, 0x80, 0x80, 0x7f, 0x7f, 0x7f, 0x7f,
    0x80, 0x80, 0x80, 0x80, 0x80, 0x80, 0x7f, 0x7f, 0x7f, 0x7f, 0x7f, 0x7f,
    0x7f, 0x7f, 0x80, 0x82, 0x81, 0x81, 0x81, 0x80, 0x7f, 0x7e, 0x7e, 0x7d,
    0x7e, 0x7f, 0x7f, 0x81, 0x81, 0x81, 0x80, 0x80, 0x80, 0x7f, 0x7f, 0x7f,
    0x7f, 0x80, 0x80, 0x80, 0x80, 0x80, 0x80, 0x80, 0x7f, 0x7f, 0x7f, 0x80,
    0x80, 0x80, 0x80, 0x80, 0x80, 0x7f, 0x7f, 0x7e, 0x7d, 0x7d, 0x7f, 0x81,
    0x81, 0x82, 0x82, 0x81, 0x80, 0x7f, 0x7e, 0x7d, 0x7e, 0x7e, 0x7f, 0x80,
    0x81, 0x81, 0x81, 0x80, 0x80, 0x7f, 0x7f, 0x7f, 0x7f, 0x7f, 0x80, 0x80,
    0x80, 0x80, 0x80, 0x7f, 0x7f, 0x7f, 0x7f, 0x80, 0x80, 0x81, 0x81, 0x81,
    0x80, 0x7f, 0x7f, 0x7e, 0x7e, 0x7d, 0x7e, 0x7f, 0x81, 0x82, 0x82, 0x82,
    0x81, 0x80, 0x7e, 0x7e, 0x7e, 0x7e, 0x7e, 0x7f, 0x80, 0x81, 0x81, 0x81,
    0x80, 0x7f, 0x7f, 0x7f, 0x7f, 0x80, 0x80, 0x80, 0x80, 0x80, 0x80, 0x7f,
    0x7f, 0x7f, 0x7f, 0x7f, 0x80, 0x81, 0x81, 0x81, 0x81, 0x80, 0x7f, 0x7e,
    0x7e, 0x7d, 0x7e, 0x7e, 0x7f, 0x81, 0x83, 0x82, 0x82, 0x80, 0x7f, 0x7e,
    0x7e, 0x7e, 0x7e, 0x7e, 0x7f, 0x80, 0x81, 0x81, 0x80, 0x80, 0x7f, 0x7f,
    0x7f, 0x7f, 0x7f, 0x7f, 0x7f, 0x80, 0x7f, 0x7f, 0x7f, 0x7f, 0x7f, 0x80,
    0x80, 0x80, 0x81, 0x81, 0x80, 0x80, 0x7f, 0x7e, 0x7e, 0x7e, 0x7e, 0x7e,
    0x7f, 0x81, 0x83, 0x82, 0x81, 0x80, 0x7f, 0x7e, 0x7e, 0x7e, 0x7e, 0x7e,
    0x7f, 0x80, 0x81, 0x81, 0x80, 0x80, 0x80, 0x80, 0x80, 0x80, 0x80, 0x80,
    0x80, 0x7f, 0x7f, 0x7e, 0x7e, 0x7f, 0x7f, 0x7f, 0x80, 0x81, 0x81, 0x81,
    0x81, 0x80, 0x7e, 0x7e, 0x7d, 0x7d, 0x7e, 0x7e, 0x7f, 0x82, 0x84, 0x83,
    0x81, 0x80, 0x7e, 0x7d, 0x7e, 0x7e, 0x7e, 0x7f, 0x80, 0x81, 0x81, 0x80,
    0x7f, 0x7f, 0x7f, 0x7f, 0x7f, 0x80, 0x80, 0x80, 0x80, 0x7f, 0x7e, 0x7e,
    0x7e, 0x7f, 0x7f, 0x80, 0x81, 0x81, 0x81, 0x81, 0x81, 0x80, 0x7f, 0x7e,
    0x7e, 0x7d, 0x7c, 0x7d, 0x81, 0x84, 0x83, 0x82, 0x81, 0x7e, 0x7d, 0x7e,
    0x7e, 0x7e, 0x7e, 0x80, 0x81, 0x82, 0x81, 0x7f, 0x7f, 0x7f, 0x7f, 0x7f,
    0x80, 0x80, 0x81, 0x81, 0x80, 0x7f, 0x7f, 0x7f, 0x7f, 0x7f, 0x7f, 0x80,
    0x81, 0x81, 0x81, 0x80, 0x7f, 0x7f, 0x7f, 0x7f, 0x7e, 0x7d, 0x7c, 0x7d,
    0x81, 0x85, 0x83, 0x82, 0x80, 0x7e, 0x7d, 0x7e, 0x7e, 0x7e, 0x7e, 0x7e,
    0x82, 0x83, 0x81, 0x80, 0x80, 0x7f, 0x7e, 0x7e, 0x7f, 0x7f, 0x7f, 0x7f,
    0x7f, 0x7f, 0x7f, 0x7f, 0x80, 0x7f, 0x7f, 0x80, 0x81, 0x81, 0x80, 0x7f,
    0x7e, 0x7e, 0x7f, 0x7f, 0x7e, 0x7c, 0x7e, 0x83, 0x85, 0x83, 0x81, 0x7f,
    0x7d, 0x7d, 0x7e, 0x7e, 0x7d, 0x7e, 0x7f, 0x82, 0x82, 0x81, 0x80, 0x80,
    0x7f, 0x7e, 0x7e, 0x7e, 0x7f, 0x7f, 0x80, 0x7f, 0x7f, 0x7f, 0x81, 0x81,
    0x80, 0x80, 0x80, 0x7f, 0x7f, 0x7f, 0x7f, 0x7f, 0x7e, 0x7d, 0x7d, 0x81,
    0x84, 0x83, 0x82, 0x80, 0x7d, 0x7c, 0x7e, 0x7f, 0x7e, 0x7e, 0x7f, 0x81,
    0x83, 0x81, 0x7f, 0x80, 0x80, 0x7f, 0x80, 0x80, 0x7f, 0x7e, 0x7f, 0x7f,
    0x7e, 0x7e, 0x80, 0x81, 0x81, 0x81, 0x80, 0x80, 0x7f, 0x7f, 0x7e, 0x7d,
    0x7b, 0x7c, 0x81, 0x86, 0x84, 0x81, 0x80, 0x7e, 0x7c, 0x7e, 0x7f, 0x7e,
    0x7e, 0x80, 0x82, 0x82, 0x80, 0x7f, 0x7f, 0x7f, 0x7e, 0x80, 0x81, 0x80,
    0x80, 0x80, 0x7f, 0x7e, 0x7e, 0x7f, 0x80, 0x7f, 0x7f, 0x80, 0x80, 0x80,
    0x80, 0x7f, 0x7e, 0x7d, 0x7e, 0x83, 0x85, 0x82, 0x80, 0x7e, 0x7c, 0x7d,
    0x7f, 0x80, 0x7f, 0x7f, 0x80, 0x82, 0x82, 0x7f, 0x7f, 0x7f, 0x7e, 0x7e,
    0x7f, 0x7f, 0x7f, 0x80, 0x81, 0x80, 0x7f, 0x80, 0x80, 0x80, 0x7f, 0x7e,
    0x7e, 0x7f, 0x7f, 0x80, 0x82, 0x83, 0x81, 0x7f, 0x7e, 0x7e, 0x7e, 0x7f,
    0x7f, 0x7f, 0x7f, 0x80, 0x81, 0x82, 0x81, 0x80, 0x80, 0x80, 0x80, 0x7f,
    0x7e, 0x7e, 0x7f, 0x80, 0x80, 0x7d, 0x7d, 0x7f, 0x82, 0x85, 0x85, 0x83,
    0x7f, 0x7c, 0x7c, 0x7c, 0x7d, 0x7e, 0x7f, 0x81, 0x82, 0x82, 0x81, 0x81,
    0x80, 0x80, 0x7f, 0x7f, 0x7e, 0x7e, 0x7e, 0x7e, 0x7d, 0x7e, 0x7f, 0x81,
    0x83, 0x84, 0x83, 0x81, 0x7f, 0x7e, 0x7d, 0x7c, 0x7d, 0x7d, 0x7e, 0x80,
    0x81, 0x82, 0x82, 0x81, 0x81, 0x80, 0x7f, 0x7f, 0x80, 0x80, 0x80, 0x7e,
    0x7a, 0x76, 0x7a, 0x86, 0x8b, 0x88, 0x85, 0x7f, 0x79, 0x7b, 0x7e, 0x7d,
    0x7c, 0x7d, 0x80, 0x83, 0x82, 0x81, 0x81, 0x81, 0x7f, 0x7f, 0x81, 0x80,
    0x7f, 0x7f, 0x7e, 0x7c, 0x7c, 0x7e, 0x7f, 0x80, 0x81, 0x84, 0x85, 0x83,
    0x80, 0x7f, 0x7c, 0x7b, 0x7d, 0x7e, 0x7e, 0x7f, 0x81, 0x82, 0x82, 0x81,
    0x81, 0x81, 0x80, 0x7e, 0x7d, 0x7e, 0x7e, 0x80, 0x80, 0x7e, 0x7b, 0x7c,
    0x81, 0x88, 0x87, 0x83, 0x80, 0x7c, 0x7a, 0x7c, 0x7d, 0x7e, 0x7e, 0x7f,
    0x82, 0x83, 0x81, 0x80, 0x81, 0x80, 0x7e, 0x7f, 0x80, 0x7f, 0x7f, 0x7f,
    0x7d, 0x7b, 0x7c, 0x7e, 0x82, 0x86, 0x86, 0x83, 0x81, 0x7e, 0x7b, 0x7c,
    0x7d, 0x7d, 0x7e, 0x80, 0x82, 0x82, 0x82, 0x81, 0x80, 0x7f, 0x7e, 0x7e,
    0x7e, 0x7e, 0x7f, 0x80, 0x80, 0x7f, 0x7d, 0x7d, 0x80, 0x85, 0x85, 0x82,
    0x81, 0x7d, 0x7a, 0x7c, 0x7e, 0x7f, 0x80, 0x80, 0x82, 0x82, 0x81, 0x81,
    0x80, 0x7e, 0x7b, 0x7c, 0x7f, 0x80, 0x81, 0x82, 0x81, 0x80, 0x7f, 0x7e,
    0x7d, 0x7d, 0x81, 0x84, 0x82, 0x81, 0x80, 0x7d, 0x7c, 0x7e, 0x7e, 0x7e,
    0x80, 0x82, 0x83, 0x82, 0x7f, 0x7e, 0x7e, 0x7d, 0x7d, 0x7f, 0x80, 0x80,
    0x81, 0x81, 0x80, 0x7f, 0x7e, 0x7d, 0x7f, 0x84, 0x85, 0x82, 0x80, 0x7d,
    0x7a, 0x7c, 0x7e, 0x7f, 0x81, 0x82, 0x82, 0x82, 0x81, 0x7e, 0x7f, 0x7f,
    0x7d, 0x7d, 0x7e, 0x80, 0x80, 0x80, 0x81, 0x80, 0x80, 0x81, 0x7f, 0x7c,
    0x7d, 0x81, 0x84, 0x82, 0x81, 0x7f, 0x7b, 0x7c, 0x7f, 0x7f, 0x7f, 0x82,
    0x83, 0x83, 0x81, 0x7f, 0x7e, 0x7d, 0x7d, 0x7d, 0x7e, 0x80, 0x80, 0x81,
    0x80, 0x7f, 0x80, 0x81, 0x80, 0x7f, 0x7f, 0x82, 0x82, 0x80, 0x7f, 0x7c,
    0x7b, 0x7e, 0x80, 0x81, 0x81, 0x81, 0x83, 0x84, 0x80, 0x7c, 0x7b, 0x7b,
    0x7c, 0x7f, 0x80, 0x80, 0x81, 0x83, 0x82, 0x7f, 0x7a, 0x78, 0x82, 0x8b,
    0x86, 0x81, 0x7d, 0x76, 0x76, 0x7d, 0x82, 0x83, 0x82, 0x83, 0x84, 0x81,
    0x7e, 0x7f, 0x7f, 0x7c, 0x7a, 0x7c, 0x7f, 0x82, 0x83, 0x82, 0x81, 0x7f,
    0x7f, 0x80, 0x80, 0x7c, 0x7a, 0x7d, 0x84, 0x85, 0x82, 0x83, 0x7f, 0x7b,
    0x7d, 0x7f, 0x7e, 0x81, 0x82, 0x82, 0x83, 0x7f, 0x7d, 0x7f, 0x7f, 0x7d,
    0x7e, 0x7f, 0x7f, 0x80, 0x83, 0x81, 0x7d, 0x7d, 0x75, 0x72, 0x89, 0x95,
    0x8c, 0x87, 0x7d, 0x6e, 0x6d, 0x7a, 0x85, 0x84, 0x82, 0x86, 0x85, 0x7e,
    0x7e, 0x81, 0x80, 0x7d, 0x7b, 0x7c, 0x7d, 0x7f, 0x84, 0x86, 0x82, 0x7f,
    0x7e, 0x7d, 0x7f, 0x7e, 0x7b, 0x7b, 0x7b, 0x81, 0x8a, 0x88, 0x83, 0x83,
    0x7c, 0x78, 0x7b, 0x7d, 0x7e, 0x7f, 0x85, 0x85, 0x80, 0x81, 0x80, 0x7e,
    0x7f, 0x7d, 0x7b, 0x7f, 0x7e, 0x7f, 0x84, 0x83, 0x82, 0x80, 0x79, 0x6e,
    0x6c, 0x8b, 0x9c, 0x92, 0x8d, 0x7e, 0x69, 0x67, 0x78, 0x84, 0x82, 0x83,
    0x8c, 0x88, 0x7d, 0x7f, 0x82, 0x7d, 0x7c, 0x7a, 0x78, 0x78, 0x7f, 0x87,
    0x89, 0x86, 0x81, 0x7d, 0x7e, 0x7e, 0x7b, 0x7b, 0x7c, 0x7c, 0x7e, 0x83,
    0x86, 0x83, 0x86, 0x88, 0x7f, 0x7b, 0x7b, 0x7a, 0x7c, 0x80, 0x83, 0x84,
    0x82, 0x84, 0x81, 0x7b, 0x79, 0x79, 0x7b, 0x81, 0x83, 0x85, 0x83, 0x7f,
    0x78, 0x6b, 0x79, 0x97, 0x97, 0x8f, 0x87, 0x71, 0x62, 0x6c, 0x80, 0x87,
    0x84, 0x8a, 0x8e, 0x82, 0x7e, 0x80, 0x80, 0x7f, 0x7c, 0x79, 0x76, 0x72,
    0x7b, 0x86, 0x8b, 0x8c, 0x86, 0x7d, 0x78, 0x78, 0x7f, 0x83, 0x80, 0x7d,
    0x78, 0x7c, 0x81, 0x83, 0x87, 0x8b, 0x82, 0x7e, 0x7c, 0x79, 0x7b, 0x80,
    0x87, 0x86, 0x81, 0x81, 0x7d, 0x7b, 0x76, 0x78, 0x7a, 0x81, 0x84, 0x87,
    0x84, 0x7c, 0x67, 0x71, 0x9e, 0x99, 0x93, 0x8e, 0x72, 0x59, 0x5f, 0x7c,
    0x87, 0x83, 0x91, 0x98, 0x82, 0x7d, 0x82, 0x7e, 0x82, 0x7f, 0x77, 0x72,
    0x6c, 0x72, 0x7e, 0x8b, 0x95, 0x96, 0x8d, 0x83, 0x75, 0x6a, 0x6f, 0x76,
    0x7b, 0x7d, 0x88, 0x91, 0x8d, 0x8b, 0x86, 0x7b, 0x72, 0x74, 0x7a, 0x7d,
    0x84, 0x86, 0x87, 0x84, 0x83, 0x7f, 0x7b, 0x7a, 0x79, 0x7b, 0x7b, 0x82,
    0x82, 0x83, 0x82, 0x81, 0x72, 0x5d, 0x87, 0xa4, 0x98, 0x9b, 0x88, 0x66,
    0x51, 0x68, 0x83, 0x80, 0x88, 0x9c, 0x94, 0x7f, 0x80, 0x82, 0x7e, 0x7f,
    0x79, 0x71, 0x69, 0x72, 0x83, 0x8d, 0x8e, 0x8b, 0x83, 0x7f, 0x7e, 0x76,
    0x69, 0x67, 0x86, 0x9d, 0x99, 0x93, 0x83, 0x6c, 0x60, 0x71, 0x81, 0x80,
    0x8b, 0x97, 0x8d, 0x7f, 0x7b, 0x7d, 0x79, 0x79, 0x76, 0x77, 0x78, 0x80,
    0x88, 0x89, 0x86, 0x86, 0x80, 0x73, 0x5d, 0x5f, 0x98, 0xa5, 0xa5, 0xa0,
    0x7e, 0x53, 0x50, 0x76, 0x7c, 0x81, 0x99, 0xa2, 0x89, 0x7f, 0x80, 0x7a,
    0x7b, 0x7b, 0x73, 0x69, 0x6f, 0x7f, 0x8d, 0x95, 0x8d, 0x86, 0x7d, 0x77,
    0x72, 0x65, 0x65, 0x8a, 0xa7, 0xa0, 0x95, 0x82, 0x67, 0x58, 0x6f, 0x82,
    0x84, 0x8e, 0x98, 0x8e, 0x7f, 0x7d, 0x77, 0x77, 0x76, 0x77, 0x7a, 0x7b,
    0x85, 0x8a, 0x86, 0x86, 0x80, 0x76, 0x5f, 0x55, 0x8e, 0xaa, 0xa7, 0xac,
    0x8f, 0x57, 0x42, 0x6b, 0x73, 0x7d, 0x9e, 0xa8, 0x90, 0x84, 0x80, 0x7a,
    0x77, 0x79, 0x73, 0x6b, 0x6e, 0x7c, 0x8c, 0x8f, 0x8d, 0x88, 0x83, 0x79,
    0x74, 0x6c, 0x63, 0x77, 0x9d, 0xa6, 0x9b, 0x8d, 0x75, 0x5b, 0x61, 0x7a,
    0x84, 0x8b, 0x96, 0x93, 0x87, 0x7d, 0x76, 0x75, 0x72, 0x75, 0x7d, 0x82,
    0x87, 0x86, 0x84, 0x80, 0x7e, 0x7e, 0x76, 0x66, 0x58, 0x81, 0xaa, 0xad,
    0xaf, 0x98, 0x65, 0x43, 0x5c, 0x6d, 0x7b, 0x98, 0xa5, 0x99, 0x87, 0x83,
    0x7a, 0x78, 0x74, 0x72, 0x71, 0x6f, 0x7e, 0x8a, 0x8d, 0x86, 0x87, 0x7f,
    0x78, 0x75, 0x6b, 0x62, 0x83, 0xa9, 0xa8, 0x9f, 0x8c, 0x64, 0x4c, 0x62,
    0x7a, 0x85, 0x94, 0xa0, 0x94, 0x87, 0x7b, 0x76, 0x73, 0x70, 0x76, 0x79,
    0x7f, 0x83, 0x88, 0x89, 0x7e, 0x80, 0x7a, 0x70, 0x66, 0x5b, 0x8d, 0xb0,
    0xae, 0xaf, 0x92, 0x54, 0x40, 0x5f, 0x6a, 0x85, 0xa0, 0xa8, 0x99, 0x89,
    0x7e, 0x77, 0x74, 0x70, 0x76, 0x6f, 0x74, 0x80, 0x89, 0x89, 0x86, 0x82,
    0x7d, 0x78, 0x71, 0x64, 0x6e, 0x9e, 0xae, 0xa7, 0x9c, 0x76, 0x4a, 0x50,
    0x6e, 0x7d, 0x92, 0xa3, 0x9e, 0x8f, 0x83, 0x76, 0x73, 0x6e, 0x73, 0x78,
    0x7a, 0x81, 0x85, 0x85, 0x84, 0x80, 0x7c, 0x77, 0x69, 0x54, 0x7a, 0xb2,
    0xaf, 0xb9, 0xa6, 0x61, 0x37, 0x52, 0x5f, 0x78, 0x9e, 0xad, 0xa5, 0x8f,
    0x81, 0x7a, 0x75, 0x6f, 0x77, 0x70, 0x6f, 0x78, 0x82, 0x85, 0x83, 0x84,
    0x7f, 0x81, 0x78, 0x5c, 0x73, 0xaa, 0xa9, 0xac, 0xa1, 0x65, 0x38, 0x51,
    0x67, 0x7e, 0x9d, 0xaf, 0xa8, 0x8f, 0x81, 0x77, 0x6f, 0x69, 0x73, 0x71,
    0x72, 0x7d, 0x84, 0x89, 0x8a, 0x8a, 0x84, 0x7f, 0x71, 0x5e, 0x4e, 0x88,
    0xb3, 0xaf, 0xbc, 0x98, 0x52, 0x3e, 0x5b, 0x67, 0x81, 0xa8, 0xac, 0x99,
    0x8b, 0x79, 0x78, 0x6e, 0x70, 0x78, 0x72, 0x73, 0x7f, 0x7f, 0x84, 0x85,
    0x82, 0x7c, 0x67, 0x58, 0x90, 0xb4, 0xae, 0xbd, 0x91, 0x45, 0x37, 0x53,
    0x60, 0x85, 0xac, 0xba, 0xa7, 0x8e, 0x7d, 0x74, 0x67, 0x6a, 0x73, 0x70,
    0x70, 0x80, 0x86, 0x83, 0x8b, 0x86, 0x87, 0x79, 0x63, 0x4b, 0x7f, 0xb3,
    0xb0, 0xc4, 0xa0, 0x50, 0x37, 0x55, 0x5c, 0x7a, 0xa9, 0xb6, 0xa9, 0x95,
    0x7d, 0x75, 0x66, 0x65, 0x75, 0x71, 0x73, 0x83, 0x84, 0x81, 0x81, 0x82,
    0x7b, 0x6c, 0x52, 0x87, 0xba, 0xaf, 0xc9, 0x9e, 0x47, 0x30, 0x4a, 0x55,
    0x7a, 0xaa, 0xbb, 0xb4, 0x9f, 0x83, 0x77, 0x65, 0x62, 0x6e, 0x6c, 0x6e,
    0x7d, 0x83, 0x84, 0x8e, 0x88, 0x8b, 0x78, 0x60, 0x4a, 0x86, 0xb7, 0xb2,
    0xcc, 0x96, 0x46, 0x37, 0x4e, 0x59, 0x7f, 0xb2, 0xb5, 0xb2, 0x9a, 0x7d,
    0x77, 0x5f, 0x61, 0x6e, 0x6b, 0x75, 0x84, 0x84, 0x87, 0x86, 0x82, 0x7a,
    0x5d, 0x4f, 0xa1, 0xb8, 0xba, 0xd5, 0x85, 0x33, 0x32, 0x49, 0x51, 0x89,
    0xb7, 0xb9, 0xbb, 0x99, 0x82, 0x75, 0x5a, 0x66, 0x6c, 0x65, 0x72, 0x7b,
    0x7f, 0x88, 0x8d, 0x8e, 0x81, 0x67, 0x45, 0x8b, 0xb8, 0xb1, 0xdc, 0x98,
    0x3f, 0x2d, 0x46, 0x4b, 0x7d, 0xb7, 0xbb, 0xc4, 0xa0, 0x84, 0x75, 0x56,
    0x60, 0x6a, 0x67, 0x6f, 0x7c, 0x80, 0x83, 0x8d, 0x86, 0x84, 0x68, 0x53,
    0xab, 0xb3, 0xb3, 0xcb, 0x7a, 0x2e, 0x2a, 0x4f, 0x56, 0x9d, 0xc7, 0xcd,
    0xc2, 0x80, 0x6b, 0x55, 0x4e, 0x6d, 0x7a, 0x72, 0x79, 0x7d, 0x80, 0x7c,
    0x72, 0x46, 0x8c, 0xd7, 0xb6, 0xe4, 0xad, 0x44, 0x1d, 0x39, 0x33, 0x5f,
    0xb5, 0xc5, 0xe7, 0xaf, 0x82, 0x6b, 0x4a, 0x5e, 0x73, 0x69, 0x6d, 0x77,
    0x78, 0x7c, 0x7b, 0x5f, 0x5a, 0xcd, 0xc6, 0xc8, 0xdc, 0x75, 0x2b, 0x29,
    0x37, 0x34, 0x8e, 0xb3, 0xd9, 0xd3, 0x94, 0x82, 0x5c, 0x55, 0x6b, 0x71,
    0x66, 0x75, 0x74, 0x7b, 0x74, 0x6b, 0x44, 0xa3, 0xdd, 0xb9, 0xf6, 0xa1,
    0x3e, 0x26, 0x33, 0x27, 0x69, 0xad, 0xc8, 0xe2, 0x9f, 0x84, 0x63, 0x54,
    0x6a, 0x7d, 0x6d, 0x6d, 0x72, 0x73, 0x76, 0x79, 0x60, 0x69, 0xd1, 0xb9,
    0xc7, 0xce, 0x6d, 0x36, 0x37, 0x3e, 0x45, 0x91, 0xb1, 0xd2, 0xb8, 0x89,
    0x74, 0x5e, 0x5e, 0x78, 0x7a, 0x72, 0x73, 0x71, 0x68, 0x68, 0x4f, 0x78,
    0xe9, 0xc7, 0xe2, 0xc6, 0x52, 0x1f, 0x2e, 0x3a, 0x50, 0xa6, 0xc4, 0xd3,
    0xb2, 0x7c, 0x66, 0x5c, 0x60, 0x7b, 0x7b, 0x68, 0x70, 0x7b, 0x78, 0x79,
    0x60, 0x5e, 0xca, 0xc2, 0xc2, 0xd6, 0x74, 0x32, 0x38, 0x44, 0x42, 0x8a,
    0xba, 0xc9, 0xba, 0x88, 0x6f, 0x64, 0x61, 0x73, 0x76, 0x66, 0x68, 0x74,
    0x6f, 0x6b, 0x4f, 0xa8, 0xec, 0xc1, 0xeb, 0x9a, 0x2a, 0x1d, 0x39, 0x43,
    0x70, 0xbd, 0xcd, 0xca, 0x99, 0x6d, 0x61, 0x5d, 0x6c, 0x83, 0x70, 0x67,
    0x74, 0x76, 0x74, 0x74, 0x54, 0x79, 0xe1, 0xc2, 0xcf, 0xc4, 0x56, 0x27,
    0x33, 0x41, 0x56, 0xa4, 0xca, 0xc9, 0xaa, 0x77, 0x68, 0x62, 0x68, 0x77,
    0x72, 0x68, 0x6b, 0x6b, 0x66, 0x47, 0x70, 0xec, 0xd5, 0xef, 0xd8, 0x4a,
    0x17, 0x1f, 0x39, 0x4d, 0xa6, 0xce, 0xd5, 0xb9, 0x7d, 0x66, 0x5e, 0x63,
    0x7a, 0x76, 0x61, 0x6b, 0x72, 0x71, 0x76, 0x52, 0x74, 0xe6, 0xc9, 0xd8,
    0xcf, 0x53, 0x22, 0x2f, 0x40, 0x52, 0xa2, 0xc3, 0xc4, 0xab, 0x79, 0x6e,
    0x69, 0x6b, 0x7d, 0x7d, 0x64, 0x6b, 0x67, 0x5a, 0x4a, 0x64, 0xde, 0xd9,
    0xe7, 0xe5, 0x5e, 0x21, 0x21, 0x33, 0x40, 0x95, 0xcd, 0xd6, 0xc7, 0x8a,
    0x67, 0x59, 0x5b, 0x74, 0x7b, 0x68, 0x66, 0x70, 0x6a, 0x6f, 0x4f, 0x83,
    0xf5, 0xc4, 0xeb, 0xc6, 0x3e, 0x1d, 0x27, 0x39, 0x51, 0xad, 0xca, 0xd3,
    0xb0, 0x7b, 0x6a, 0x5d, 0x67, 0x7e, 0x77, 0x67, 0x6f, 0x6e, 0x65, 0x61,
    0x48, 0xa3, 0xed, 0xc8, 0xf1, 0xa5, 0x35, 0x23, 0x2d, 0x36, 0x5f, 0xb6,
    0xd4, 0xda, 0xae, 0x76, 0x5f, 0x51, 0x60, 0x7c, 0x73, 0x69, 0x71, 0x70,
    0x6b, 0x68, 0x50, 0xac, 0xf3, 0xc0, 0xee, 0x9a, 0x2d, 0x1e, 0x2d, 0x39,
    0x5f, 0xbc, 0xd4, 0xdf, 0xb1, 0x7c, 0x60, 0x50, 0x5b, 0x77, 0x6e, 0x66,
    0x71, 0x70, 0x70, 0x73, 0x5a, 0x94, 0xf0, 0xbf, 0xda, 0xb4, 0x3c, 0x20,
    0x2d, 0x3b, 0x53, 0xae, 0xd2, 0xda, 0xbb, 0x7f, 0x65, 0x54, 0x5c, 0x76,
    0x6e, 0x63, 0x69, 0x70, 0x71, 0x72, 0x5b, 0xa1, 0xf3, 0xbc, 0xe2, 0xa4,
    0x2e, 0x21, 0x30, 0x41, 0x62, 0xba, 0xd0, 0xcc, 0xa5, 0x71, 0x69, 0x61,
    0x6e, 0x7c, 0x6f, 0x5c, 0x68, 0x69, 0x62, 0x60, 0x63, 0xd6, 0xe8, 0xd1,
    0xe5, 0x6f, 0x23, 0x26, 0x36, 0x3d, 0x7d, 0xbf, 0xcd, 0xcc, 0x97, 0x76,
    0x67, 0x5f, 0x72, 0x77, 0x65, 0x61, 0x6c, 0x6e, 0x6d, 0x63, 0x64, 0xc2,
    0xe2, 0xca, 0xdf, 0x83, 0x30, 0x2c, 0x37, 0x41, 0x6f, 0xaa, 0xbe, 0xc7,
    0xa6, 0x8a, 0x76, 0x5f, 0x67, 0x6e, 0x65, 0x65, 0x6d, 0x72, 0x7b, 0x82,
    0x72, 0x6a, 0xa8, 0xcd, 0xb7, 0xc9, 0x99, 0x3c, 0x31, 0x3d, 0x49, 0x70,
    0xac, 0xbe, 0xbe, 0xa6, 0x80, 0x72, 0x61, 0x63, 0x6f, 0x69, 0x6b, 0x79,
    0x7b, 0x7d, 0x80, 0x6d, 0x59, 0x9b, 0xcf, 0xb6, 0xd3, 0xa9, 0x45, 0x2a,
    0x32, 0x3e, 0x64, 0xbd, 0xd7, 0xcf, 0xa8, 0x6c, 0x5c, 0x54, 0x60, 0x71,
    0x72, 0x69, 0x74, 0x79, 0x77, 0x62, 0x5e, 0xd9, 0xd4, 0xc2, 0xe3, 0x6a,
    0x20, 0x24, 0x3d, 0x44, 0x8b, 0xcd, 0xd1, 0xc6, 0x89, 0x6c, 0x60, 0x5b,
    0x6b, 0x73, 0x65, 0x67, 0x76, 0x79, 0x7a, 0x6a, 0x6a, 0xc9, 0xce, 0xb8,
    0xd4, 0x71, 0x31, 0x30, 0x3c, 0x4e, 0x80, 0xc0, 0xcc, 0xbc, 0x8f, 0x73,
    0x62, 0x5e, 0x69, 0x73, 0x6a, 0x6b, 0x7e, 0x81, 0x7f, 0x7a, 0x68, 0x6f,
    0xb7, 0xbe, 0xb2, 0xc4, 0x76, 0x3b, 0x3a, 0x43, 0x5b, 0x8d, 0xc0, 0xc4,
    0xae, 0x86, 0x6c, 0x5f, 0x5f, 0x71, 0x76, 0x74, 0x74, 0x72, 0x6a, 0x64,
    0x4d, 0x8b, 0xea, 0xcb, 0xe2, 0xc0, 0x41, 0x22, 0x2c, 0x35, 0x4a, 0xac,
    0xc7, 0xca, 0xce, 0x89, 0x72, 0x64, 0x56, 0x66, 0x68, 0x5b, 0x71, 0x79,
    0x7a, 0x94, 0x98, 0x90, 0x75, 0x5b, 0x91, 0xad, 0xa4, 0xd3, 0x8f, 0x3b,
    0x36, 0x3a, 0x54, 0x91, 0xcc, 0xcf, 0xb9, 0x7a, 0x55, 0x53, 0x5a, 0x75,
    0x86, 0x7b, 0x71, 0x75, 0x6f, 0x64, 0x52, 0xb5, 0xe1, 0xb7, 0xe2, 0x8e,
    0x28, 0x2d, 0x3f, 0x41, 0x6b, 0xbc, 0xc9, 0xd2, 0xab, 0x70, 0x5f, 0x55,
    0x62, 0x79, 0x6f, 0x68, 0x77, 0x78, 0x7f, 0x84, 0x6f, 0x61, 0xb5, 0xcd,
    0xad, 0xd2, 0x8a, 0x31, 0x2f, 0x37, 0x46, 0x7f, 0xc8, 0xce, 0xbf, 0x8d,
    0x63, 0x5f, 0x60, 0x73, 0x7c, 0x71, 0x71, 0x75, 0x6a, 0x66, 0x4e, 0x8d,
    0xe8, 0xc7, 0xdd, 0xb7, 0x3c, 0x25, 0x33, 0x3c, 0x56, 0xad, 0xd2, 0xd2,
    0xb8, 0x75, 0x5b, 0x53, 0x5f, 0x78, 0x77, 0x6e, 0x75, 0x7e, 0x78, 0x7a,
    0x66, 0x5e, 0xc4, 0xd0, 0xb2, 0xd0, 0x76, 0x2a, 0x34, 0x3e, 0x4c, 0x8e,
    0xd0, 0xca, 0xba, 0x80, 0x57, 0x5e, 0x63, 0x79, 0x7f, 0x6d, 0x6e, 0x79,
    0x71, 0x70, 0x58, 0x87, 0xe2, 0xbf, 0xc8, 0xb5, 0x3f, 0x28, 0x3f, 0x45,
    0x60, 0xb0, 0xd4, 0xc8, 0xa7, 0x68, 0x51, 0x5a, 0x6b, 0x85, 0x81, 0x6e,
    0x6e, 0x79, 0x75, 0x76, 0x63, 0x74, 0xce, 0xc6, 0xb4, 0xbf, 0x5e, 0x2a,
    0x3d, 0x48, 0x5d, 0xa5, 0xcf, 0xc1, 0xa5, 0x6a, 0x58, 0x63, 0x6e, 0x81,
    0x7f, 0x6b, 0x71, 0x6e, 0x67, 0x56, 0x66, 0xd8, 0xda, 0xca, 0xd3, 0x5d,
    0x1b, 0x2c, 0x41, 0x4f, 0x95, 0xd6, 0xd2, 0xbf, 0x7e, 0x50, 0x54, 0x5e,
    0x7c, 0x86, 0x74, 0x73, 0x77, 0x7a, 0x79, 0x73, 0x60, 0x83, 0xce, 0xb9,
    0xb5, 0xb3, 0x56, 0x2d, 0x3e, 0x4a, 0x71, 0xb8, 0xcb, 0xb5, 0x8d, 0x5d,
    0x5a, 0x6c, 0x7b, 0x86, 0x7c, 0x71, 0x6c, 0x67, 0x57, 0x49, 0xaf, 0xe4,
    0xc7, 0xe3, 0x92, 0x28, 0x25, 0x3b, 0x48, 0x70, 0xc2, 0xd2, 0xca, 0xa0,
    0x61, 0x52, 0x59, 0x6c, 0x83, 0x7a, 0x6c, 0x77, 0x7c, 0x83, 0x84, 0x77,
    0x61, 0x86, 0xc3, 0xaa, 0xb1, 0xae, 0x52, 0x33, 0x46, 0x53, 0x81, 0xbe,
    0xbf, 0xa5, 0x80, 0x57, 0x60, 0x75, 0x7e, 0x85, 0x7f, 0x72, 0x67, 0x5f,
    0x39, 0x7a, 0xde, 0xcc, 0xde, 0xc5, 0x49, 0x1f, 0x35, 0x48, 0x57, 0xa1,
    0xd2, 0xca, 0xb9, 0x7d, 0x56, 0x57, 0x63, 0x78, 0x7c, 0x6a, 0x70, 0x7b,
    0x7d, 0x86, 0x81, 0x66, 0x76, 0xc1, 0xb7, 0xa5, 0xb8, 0x66, 0x2a, 0x41,
    0x4c, 0x6d, 0xb5, 0xc9, 0xb2, 0x92, 0x60, 0x5a, 0x6a, 0x79, 0x84, 0x80,
    0x78, 0x6f, 0x6b, 0x55, 0x49, 0x99, 0xdd, 0xc8, 0xd3, 0xa6, 0x3a, 0x28,
    0x42, 0x4c, 0x64, 0xb0, 0xd2, 0xc5, 0xaa, 0x6e, 0x53, 0x5b, 0x68, 0x7e,
    0x77, 0x71, 0x72, 0x7a, 0x7c, 0x78, 0x68, 0x70, 0xc7, 0xc9, 0xad, 0xb5,
    0x66, 0x28, 0x3d, 0x4c, 0x62, 0xa5, 0xce, 0xbc, 0xa2, 0x6c, 0x57, 0x67,
    0x74, 0x83, 0x7c, 0x6b, 0x66, 0x75, 0x70, 0x67, 0x67, 0xb6, 0xd7, 0xb4,
    0xc0, 0x82, 0x2a, 0x36, 0x4f, 0x53, 0x7b, 0xc2, 0xce, 0xbc, 0x95, 0x5d,
    0x55, 0x5d, 0x6f, 0x7e, 0x75, 0x74, 0x7c, 0x83, 0x7b, 0x76, 0x62, 0x79,
    0xc2, 0xc0, 0xa7, 0xa7, 0x62, 0x31, 0x45, 0x54, 0x6d, 0xac, 0xcf, 0xb8,
    0x99, 0x67, 0x53, 0x66, 0x75, 0x7f, 0x78, 0x6b, 0x6a, 0x73, 0x6f, 0x57,
    0x91, 0xe0, 0xc6, 0xc0, 0xa9, 0x3c, 0x1b, 0x43, 0x59, 0x66, 0xa4, 0xd2,
    0xc7, 0xb0, 0x7b, 0x55, 0x56, 0x64, 0x75, 0x7a, 0x6d, 0x72, 0x80, 0x81,
    0x83, 0x7d, 0x69, 0x85, 0xc6, 0xb0, 0x9c, 0x9e, 0x57, 0x2f, 0x4a, 0x5b,
    0x77, 0xbf, 0xd1, 0xb1, 0x8f, 0x5b, 0x4d, 0x66, 0x79, 0x7f, 0x7f, 0x6e,
    0x70, 0x75, 0x6b, 0x5e, 0x8c, 0xd9, 0xc7, 0xb6, 0xa1, 0x45, 0x1d, 0x45,
    0x5e, 0x69, 0xa2, 0xd2, 0xc8, 0xb0, 0x7c, 0x53, 0x53, 0x5f, 0x74, 0x79,
    0x73, 0x70, 0x7b, 0x80, 0x82, 0x7d, 0x6c, 0xa6, 0xcd, 0xa6, 0x9d, 0x84,
    0x36, 0x30, 0x57, 0x63, 0x8c, 0xcf, 0xcb, 0xac, 0x84, 0x50, 0x54, 0x68,
    0x7a, 0x7e, 0x77, 0x6d, 0x74, 0x7c, 0x7c, 0x75, 0x76, 0xb8, 0xc6, 0xa3,
    0x9b, 0x70, 0x2f, 0x3e, 0x5e, 0x68, 0x90, 0xce, 0xce, 0xb0, 0x84, 0x52,
    0x4c, 0x5e, 0x74, 0x7d, 0x77, 0x70, 0x78, 0x79, 0x77, 0x65, 0x92, 0xd9,
    0xc1, 0xaf, 0x94, 0x3c, 0x1d, 0x47, 0x5e, 0x71, 0xa7, 0xd4, 0xca, 0xaf,
    0x7a, 0x53, 0x54, 0x60, 0x72, 0x7b, 0x6a, 0x6d, 0x7b, 0x88, 0x92, 0x90,
    0x80, 0x78, 0xa5, 0xa8, 0x8b, 0x8f, 0x71, 0x3c, 0x47, 0x67, 0x7c, 0xad,
    0xd5, 0xb9, 0x90, 0x61, 0x42, 0x56, 0x70, 0x80, 0x8b, 0x84, 0x74, 0x76,
    0x70, 0x5a, 0x7c, 0xcd, 0xca, 0xae, 0x9e, 0x56, 0x21, 0x40, 0x67, 0x72,
    0x96, 0xc3, 0xc1, 0xb2, 0x8c, 0x64, 0x5a, 0x5e, 0x67, 0x70, 0x69, 0x6e,
    0x77, 0x86, 0x8f, 0x82, 0x70, 0xae, 0xce, 0xa3, 0x99, 0x73, 0x28, 0x2b,
    0x5a, 0x6e, 0x8a, 0xc4, 0xd7, 0xbb, 0x93, 0x5b, 0x48, 0x52, 0x6a, 0x79,
    0x7a, 0x77, 0x80, 0x89, 0x90, 0x91, 0x85, 0x73, 0x77, 0x9c, 0x98, 0x8a,
    0x8c, 0x72, 0x48, 0x53, 0x72, 0x87, 0xaa, 0xc9, 0xb2, 0x87, 0x62, 0x49,
    0x55, 0x69, 0x7d, 0x82, 0x82, 0x77, 0x75, 0x5a, 0x76, 0xd7, 0xd0, 0xba,
    0xa7, 0x4f, 0x0d, 0x35, 0x65, 0x7f, 0x9f, 0xb9, 0xac, 0x9d, 0x8f, 0x79,
    0x78, 0x72, 0x6a, 0x60, 0x5e, 0x60, 0x70, 0x86, 0x92, 0x94, 0x78, 0x88,
    0xc2, 0xad, 0x94, 0x8f, 0x53, 0x24, 0x4c, 0x73, 0x85, 0xa4, 0xb7, 0xa6,
    0x96, 0x80, 0x6c, 0x6c, 0x6a, 0x6b, 0x6e, 0x78, 0x7d, 0x82, 0x88, 0x85,
    0x7f, 0x6c, 0x77, 0xab, 0xb0, 0x9c, 0x93, 0x6c, 0x3b, 0x47, 0x6c, 0x82,
    0x98, 0xb1, 0xab, 0x9b, 0x8b, 0x75, 0x6b, 0x64, 0x61, 0x64, 0x6e, 0x73,
    0x7c, 0x82, 0x82, 0x6a, 0xa7, 0xd8, 0xb2, 0xa6, 0x82, 0x35, 0x1c, 0x4e,
    0x6f, 0x85, 0xa9, 0xbb, 0xa3, 0x96, 0x8a, 0x7b, 0x74, 0x6b, 0x5e, 0x5b,
    0x62, 0x79, 0x90, 0x98, 0x9e, 0x93, 0x80, 0x66, 0x5c, 0x7e, 0xa7, 0xa9,
    0x9c, 0x7f, 0x51, 0x42, 0x66, 0x8b, 0x99, 0xa2, 0xa5, 0x95, 0x7d, 0x6c,
    0x66, 0x68, 0x6e, 0x77, 0x81, 0x83, 0x80, 0x82, 0x76, 0x5c, 0x8d, 0xbf,
    0xae, 0xa7, 0x8b, 0x4e, 0x2c, 0x51, 0x75, 0x88, 0x9e, 0xb6, 0xa5, 0x89,
    0x80, 0x79, 0x76, 0x71, 0x6c, 0x63, 0x63, 0x75, 0x85, 0x90, 0x92, 0x8d,
    0x77, 0x67, 0x99, 0xad, 0x9a, 0x91, 0x78, 0x44, 0x3b, 0x67, 0x85, 0x94,
    0xa9, 0xb1, 0x97, 0x86, 0x77, 0x6f, 0x69, 0x6d, 0x70, 0x6f, 0x75, 0x7e,
    0x89, 0x8c, 0x8d, 0x80, 0x6d, 0x80, 0xa9, 0xa3, 0x8d, 0x7c, 0x5a, 0x41,
    0x5b, 0x87, 0x95, 0x9e, 0xac, 0x99, 0x82, 0x74, 0x70, 0x75, 0x70, 0x71,
    0x6f, 0x73, 0x7f, 0x8d, 0x8f, 0x88, 0x79, 0x66, 0x8c, 0xad, 0x9e, 0x91,
    0x7b, 0x53, 0x3d, 0x60, 0x83, 0x91, 0xa6, 0xb2, 0x98, 0x82, 0x75, 0x70,
    0x74, 0x71, 0x6e, 0x6b, 0x71, 0x7a, 0x88, 0x8b, 0x86, 0x75, 0x86, 0xb0,
    0xa7, 0x8d, 0x7a, 0x5f, 0x42, 0x51, 0x7a, 0x8d, 0x98, 0xa0, 0xa3, 0x91,
    0x80, 0x7d, 0x78, 0x72, 0x6d, 0x68, 0x6b, 0x74, 0x85, 0x8c, 0x90, 0x90,
    0x80, 0x6b, 0x76, 0xa2, 0xa0, 0x8a, 0x7b, 0x63, 0x4a, 0x5c, 0x8a, 0x99,
    0x97, 0x9a, 0x99, 0x83, 0x78, 0x76, 0x74, 0x76, 0x6d, 0x6d, 0x71, 0x80,
    0x8c, 0x92, 0x8e, 0x78, 0x67, 0x86, 0xa8, 0x9c, 0x88, 0x76, 0x5b, 0x4c,
    0x6a, 0x8a, 0x94, 0x96, 0x9b, 0x96, 0x84, 0x7e, 0x7d, 0x74, 0x6f, 0x6a,
    0x69, 0x71, 0x80, 0x8d, 0x92, 0x91, 0x82, 0x6f, 0x73, 0x99, 0xa3, 0x8c,
    0x79, 0x66, 0x4f, 0x5c, 0x86, 0x9b, 0x99, 0x94, 0x90, 0x83, 0x79, 0x7d,
    0x7f, 0x77, 0x70, 0x6b, 0x70, 0x7d, 0x8e, 0x91, 0x8a, 0x7f, 0x68, 0x60,
    0x91, 0xb4, 0xa1, 0x8a, 0x6f, 0x51, 0x4a, 0x75, 0x99, 0x98, 0x92, 0x91,
    0x84, 0x76, 0x7a, 0x85, 0x87, 0x7b, 0x6e, 0x66, 0x6e, 0x7f, 0x90, 0x93,
    0x8a, 0x81, 0x77, 0x6e, 0x6d, 0x87, 0xa8, 0x9d, 0x82, 0x6c, 0x5e, 0x5f,
    0x7c, 0x9a, 0x96, 0x86, 0x81, 0x81, 0x7e, 0x82, 0x81, 0x7c, 0x75, 0x6e,
    0x72, 0x81, 0x8b, 0x8b, 0x7f, 0x6b, 0x5f, 0x8f, 0xb6, 0xa6, 0x8d, 0x71,
    0x55, 0x4d, 0x73, 0x93, 0x8f, 0x8a, 0x8c, 0x87, 0x7b, 0x7e, 0x8b, 0x8b,
    0x87, 0x73, 0x64, 0x66, 0x74, 0x84, 0x8c, 0x8c, 0x84, 0x7f, 0x7c, 0x7c,
    0x78, 0x86, 0xa1, 0x98, 0x7a, 0x64, 0x5f, 0x66, 0x7c, 0x96, 0x98, 0x88,
    0x81, 0x83, 0x80, 0x82, 0x81, 0x78, 0x72, 0x73, 0x7a, 0x86, 0x8b, 0x85,
    0x73, 0x62, 0x60, 0x94, 0xc2, 0xac, 0x8d, 0x6d, 0x52, 0x4d, 0x72, 0x96,
    0x90, 0x86, 0x85, 0x83, 0x7e, 0x84, 0x8e, 0x8b, 0x83, 0x74, 0x66, 0x68,
    0x77, 0x84, 0x8c, 0x8b, 0x84, 0x80, 0x7f, 0x80, 0x7d, 0x7a, 0x91, 0x99,
    0x7e, 0x6a, 0x66, 0x6b, 0x78, 0x92, 0x9c, 0x8b, 0x7b, 0x7d, 0x7f, 0x7f,
    0x83, 0x82, 0x7b, 0x74, 0x71, 0x78, 0x87, 0x90, 0x87, 0x76, 0x67, 0x66,
    0x92, 0xba, 0xa4, 0x82, 0x65, 0x53, 0x59, 0x7c, 0x9b, 0x93, 0x81, 0x7d,
    0x80, 0x81, 0x87, 0x8e, 0x89, 0x7d, 0x72, 0x69, 0x6f, 0x7a, 0x82, 0x89,
    0x8a, 0x86, 0x83, 0x7f, 0x7b, 0x78, 0x77, 0x90, 0x97, 0x80, 0x72, 0x6b,
    0x6e, 0x77, 0x8c, 0x93, 0x89, 0x80, 0x81, 0x82, 0x80, 0x80, 0x7e, 0x78,
    0x74, 0x76, 0x81, 0x8d, 0x8c, 0x7e, 0x6a, 0x61, 0x6d, 0xa4, 0xbb, 0x9a,
    0x7a, 0x5f, 0x56, 0x63, 0x87, 0x97, 0x87, 0x7a, 0x7d, 0x84, 0x89, 0x8e,
    0x8d, 0x84, 0x76, 0x6e, 0x6c, 0x73, 0x84, 0x88, 0x7e, 0x7f, 0x84, 0x85,
    0x87, 0x83, 0x78, 0x76, 0x8b, 0x93, 0x80, 0x70, 0x6a, 0x6e, 0x7a, 0x8f,
    0x96, 0x88, 0x7e, 0x81, 0x82, 0x7e, 0x7e, 0x7e, 0x7c, 0x79, 0x72, 0x76,
    0x88, 0x8f, 0x8b, 0x81, 0x72, 0x6a, 0x6a, 0x7e, 0xaa, 0xaa, 0x86, 0x70,
    0x61, 0x60, 0x72, 0x90, 0x97, 0x82, 0x79, 0x81, 0x87, 0x88, 0x86, 0x83,
    0x7c, 0x76, 0x74, 0x72, 0x78, 0x81, 0x86, 0x86, 0x85, 0x87, 0x83, 0x7d,
    0x77, 0x76, 0x8a, 0x95, 0x83, 0x72, 0x6b, 0x6e, 0x7c, 0x90, 0x96, 0x87,
    0x79, 0x7c, 0x84, 0x81, 0x7c, 0x7d, 0x7b, 0x79, 0x7a, 0x7a, 0x84, 0x8d,
    0x8d, 0x82, 0x77, 0x6e, 0x6a, 0x72, 0x91, 0xac, 0x94, 0x79, 0x6d, 0x67,
    0x6d, 0x83, 0x96, 0x8c, 0x79, 0x74, 0x7e, 0x82, 0x86, 0x89, 0x84, 0x7d,
    0x79, 0x78, 0x79, 0x81, 0x84, 0x80, 0x7c, 0x7f, 0x81, 0x7f, 0x7e, 0x7d,
    0x7d, 0x8e, 0x93, 0x7f, 0x72, 0x70, 0x75, 0x7e, 0x89, 0x89, 0x7e, 0x78,
    0x7f, 0x87, 0x86, 0x84, 0x81, 0x7d, 0x7a, 0x78, 0x79, 0x84, 0x8a, 0x84,
    0x7d, 0x77, 0x75, 0x76, 0x72, 0x80, 0xa2, 0xa3, 0x85, 0x73, 0x65, 0x64,
    0x77, 0x90, 0x91, 0x7c, 0x72, 0x7c, 0x88, 0x8b, 0x8b, 0x88, 0x7f, 0x77,
    0x75, 0x74, 0x78, 0x81, 0x86, 0x82, 0x80, 0x82, 0x83, 0x81, 0x7e, 0x77,
    0x74, 0x87, 0x97, 0x8a, 0x76, 0x6f, 0x70, 0x79, 0x87, 0x8e, 0x86, 0x7d,
    0x7d, 0x84, 0x83, 0x7f, 0x7d, 0x7d, 0x7c, 0x79, 0x7b, 0x83, 0x8a, 0x89,
    0x81, 0x7a, 0x78, 0x7b, 0x7d, 0x78, 0x6d, 0x73, 0x96, 0xa5, 0x92, 0x7c,
    0x6d, 0x69, 0x77, 0x89, 0x8b, 0x7c, 0x71, 0x78, 0x86, 0x8b, 0x88, 0x86,
    0x83, 0x7c, 0x78, 0x78, 0x7a, 0x7f, 0x85, 0x83, 0x7e, 0x7d, 0x7e, 0x7f,
    0x7f, 0x7d, 0x7a, 0x7d, 0x86, 0x95, 0x90, 0x78, 0x6d, 0x6f, 0x76, 0x83,
    0x8c, 0x87, 0x7d, 0x7a, 0x7f, 0x85, 0x85, 0x81, 0x7e, 0x7b, 0x7b, 0x7c,
    0x7e, 0x81, 0x84, 0x86, 0x82, 0x7e, 0x7d, 0x7c, 0x7c, 0x7c, 0x7b, 0x75,
    0x75, 0x8c, 0xa0, 0x93, 0x7e, 0x72, 0x6c, 0x70, 0x7e, 0x88, 0x83, 0x7a,
    0x7d, 0x87, 0x89, 0x84, 0x81, 0x7f, 0x7d, 0x7c, 0x7c, 0x7c, 0x7e, 0x80,
    0x80, 0x7f, 0x80, 0x82, 0x85, 0x83, 0x7f, 0x7b, 0x7c, 0x7e, 0x7d, 0x7d,
    0x7e, 0x7e, 0x7f, 0x7f, 0x85, 0x8e, 0x8a, 0x7e, 0x78, 0x76, 0x77, 0x7d,
    0x84, 0x82, 0x7d, 0x7d, 0x82, 0x88, 0x87, 0x81, 0x7e, 0x7d, 0x7c, 0x7b,
    0x7a, 0x7c, 0x7f, 0x84, 0x85, 0x81, 0x7f, 0x7d, 0x7f, 0x80, 0x81, 0x7e,
    0x7c, 0x7b, 0x7b, 0x81, 0x8b, 0x8b, 0x80, 0x78, 0x75, 0x77, 0x7f, 0x87,
    0x87, 0x7f, 0x7a, 0x7c, 0x81, 0x83, 0x83, 0x80, 0x7e, 0x7c, 0x7d, 0x7e,
    0x80, 0x81, 0x82, 0x81, 0x7e, 0x7d, 0x7e, 0x7f, 0x80, 0x81, 0x80, 0x7d,
    0x7b, 0x7d, 0x80, 0x81, 0x85, 0x88, 0x83, 0x7d, 0x79, 0x78, 0x7b, 0x80,
    0x83, 0x80, 0x7f, 0x7f, 0x83, 0x85, 0x83, 0x80, 0x7d, 0x7c, 0x7c, 0x7c,
    0x7e, 0x80, 0x80, 0x80, 0x80, 0x82, 0x82, 0x7f, 0x7e, 0x7b, 0x78, 0x79,
    0x84, 0x8f, 0x8d, 0x7e, 0x75, 0x75, 0x79, 0x81, 0x87, 0x85, 0x7d, 0x7b,
    0x80, 0x85, 0x84, 0x7f, 0x7d, 0x7c, 0x7c, 0x7e, 0x7e, 0x7f, 0x80, 0x81,
    0x85, 0x84, 0x82, 0x80, 0x7c, 0x79, 0x7b, 0x7d, 0x7c, 0x79, 0x7e, 0x8a,
    0x90, 0x8c, 0x82, 0x77, 0x73, 0x77, 0x7f, 0x81, 0x7e, 0x7c, 0x7f, 0x84,
    0x86, 0x85, 0x82, 0x7f, 0x7d, 0x7c, 0x7d, 0x80, 0x81, 0x7e, 0x7c, 0x7b,
    0x7e, 0x82, 0x82, 0x80, 0x80, 0x83, 0x8a, 0x8a, 0x7c, 0x72, 0x73, 0x79,
    0x80, 0x86, 0x83, 0x7e, 0x80, 0x84, 0x86, 0x83, 0x7d, 0x7b, 0x7f, 0x80,
    0x7e, 0x7c, 0x7a, 0x7d, 0x81, 0x84, 0x7f, 0x78, 0x7c, 0x8a, 0x92, 0x89,
    0x7b, 0x72, 0x70, 0x77, 0x84, 0x87, 0x80, 0x7c, 0x80, 0x86, 0x86, 0x81,
    0x7e, 0x7d, 0x7e, 0x7d, 0x7b, 0x7b, 0x7e, 0x81, 0x84, 0x84, 0x81, 0x81,
    0x80, 0x7f, 0x7c, 0x79, 0x77, 0x7d, 0x88, 0x8e, 0x87, 0x7b, 0x77, 0x78,
    0x7d, 0x83, 0x85, 0x7f, 0x7b, 0x7e, 0x82, 0x83, 0x81, 0x7f, 0x7f, 0x80,
    0x80, 0x7e, 0x7e, 0x7f, 0x7f, 0x7f, 0x80, 0x80, 0x81, 0x81, 0x7e, 0x7d,
    0x7e, 0x7f, 0x7f, 0x7d, 0x79, 0x7a, 0x85, 0x91, 0x8c, 0x7e, 0x75, 0x74,
    0x79, 0x82, 0x86, 0x81, 0x7b, 0x7b, 0x81, 0x85, 0x84, 0x82, 0x7f, 0x7e,
    0x7d, 0x7c, 0x7d, 0x7e, 0x80, 0x80, 0x80, 0x7f, 0x80, 0x82, 0x82, 0x80,
    0x7d, 0x7d, 0x81, 0x80, 0x81, 0x81, 0x7c, 0x75, 0x76, 0x86, 0x92, 0x8a,
    0x7e, 0x78, 0x75, 0x7a, 0x85, 0x86, 0x7e, 0x79, 0x7b, 0x82, 0x86, 0x83,
    0x7e, 0x7e, 0x80, 0x81, 0x7f, 0x7d, 0x7e, 0x7f, 0x7f, 0x7f, 0x7f, 0x80,
    0x81, 0x82, 0x81, 0x80, 0x80, 0x80, 0x7f, 0x7d, 0x7c, 0x7d, 0x7f, 0x81,
    0x81, 0x7d, 0x7d, 0x87, 0x8c, 0x83, 0x7a, 0x78, 0x78, 0x7c, 0x83, 0x83,
    0x7e, 0x7d, 0x80, 0x84, 0x84, 0x80, 0x7e, 0x7e, 0x7f, 0x7e, 0x7c, 0x7c,
    0x7e, 0x81, 0x82, 0x81, 0x80, 0x80, 0x81, 0x81, 0x80, 0x7e, 0x7e, 0x7e,
    0x7e, 0x7e, 0x7f, 0x81, 0x83, 0x81, 0x7e, 0x78, 0x77, 0x82, 0x8f, 0x8a,
    0x7d, 0x78, 0x77, 0x7b, 0x83, 0x85, 0x7f, 0x7b, 0x7d, 0x82, 0x84, 0x82,
    0x7f, 0x7f, 0x80, 0x80, 0x7e, 0x7c, 0x7c, 0x7f, 0x81, 0x81, 0x80, 0x80,
    0x80, 0x80, 0x80, 0x80, 0x7f, 0x7f, 0x7f, 0x7f, 0x7f, 0x7f, 0x7f, 0x7f,
    0x80, 0x80, 0x7f, 0x7d, 0x7d, 0x84, 0x89, 0x83, 0x7b, 0x79, 0x7a, 0x7d,
    0x83, 0x83, 0x7e, 0x7c, 0x7f, 0x83, 0x85, 0x82, 0x7e, 0x7d, 0x7f, 0x80,
    0x7e, 0x7c, 0x7d, 0x80, 0x82, 0x82, 0x81, 0x80, 0x80, 0x7f, 0x7f, 0x7f,
    0x7f, 0x7f, 0x7f, 0x7f, 0x7f, 0x7f, 0x80, 0x7f, 0x7f, 0x80, 0x80, 0x7e,
    0x7e, 0x82, 0x86, 0x83, 0x7d, 0x7a, 0x7a, 0x7c, 0x82, 0x84, 0x80, 0x7d,
    0x7f, 0x82, 0x83, 0x81, 0x7e, 0x7d, 0x7f, 0x7f, 0x7e, 0x7d, 0x7e, 0x80,
    0x82, 0x82, 0x81, 0x80, 0x80, 0x7f, 0x7e, 0x7e, 0x7e, 0x7e, 0x7f, 0x80,
    0x7f, 0x7f, 0x82, 0x84, 0x82, 0x7e, 0x7c, 0x7d, 0x7c, 0x7d, 0x84, 0x85,
    0x7f, 0x7d, 0x7f, 0x80, 0x81, 0x81, 0x7f, 0x7d, 0x7d, 0x7f, 0x81, 0x81,
    0x80, 0x7f, 0x7f, 0x80, 0x80, 0x7f, 0x7e, 0x7f, 0x81, 0x80, 0x80, 0x7f,
    0x7e, 0x7e, 0x7f, 0x81, 0x81, 0x80, 0x80, 0x7f, 0x7f, 0x7f, 0x80, 0x80,
    0x80, 0x80, 0x7e, 0x7b, 0x7b, 0x82, 0x88, 0x85, 0x7f, 0x7b, 0x7a, 0x7d,
    0x82, 0x83, 0x7e, 0x7b, 0x7d, 0x81, 0x84, 0x82, 0x80, 0x7f, 0x7f, 0x7f,
    0x7f, 0x7e, 0x7e, 0x7f, 0x80, 0x80, 0x7f, 0x80, 0x80, 0x81, 0x80, 0x7f,
    0x7f, 0x7f, 0x80, 0x7f, 0x7f, 0x7e, 0x7f, 0x80, 0x81, 0x81, 0x80, 0x7d,
    0x7b, 0x7e, 0x84, 0x85, 0x82, 0x7e, 0x7c, 0x7c, 0x80, 0x82, 0x80, 0x7d,
    0x7d, 0x7f, 0x82, 0x82, 0x80, 0x7f, 0x7e, 0x7f, 0x80, 0x7f, 0x7e, 0x7f,
    0x80, 0x80, 0x7f, 0x7f, 0x80, 0x80, 0x80, 0x80, 0x7f, 0x7f, 0x7f, 0x7f,
    0x7f, 0x7f, 0x7f, 0x80, 0x81, 0x80, 0x7e, 0x7c, 0x7c, 0x81, 0x84, 0x84,
    0x81, 0x7e, 0x7b, 0x7d, 0x7f, 0x80, 0x7f, 0x7f, 0x7f, 0x80, 0x81, 0x81,
    0x80, 0x7f, 0x7f, 0x7f, 0x7f, 0x7e, 0x7f, 0x80, 0x80, 0x80, 0x7f, 0x7f,
    0x80, 0x81, 0x81, 0x80, 0x7f, 0x7e, 0x7f, 0x7f, 0x80, 0x7f, 0x7f, 0x80,
    0x80, 0x7f, 0x7e, 0x7f, 0x81, 0x82, 0x81, 0x80, 0x7e, 0x7d, 0x7e, 0x80,
    0x7f, 0x7f, 0x7f, 0x80, 0x81, 0x82, 0x80, 0x7f, 0x7f, 0x7f, 0x7e, 0x7e,
    0x7f, 0x7f, 0x7f, 0x80, 0x81, 0x80, 0x80, 0x80, 0x80, 0x7f, 0x7f, 0x7f,
    0x7f, 0x7f, 0x7e, 0x7f, 0x7f, 0x80, 0x80, 0x80, 0x80, 0x81, 0x80, 0x80,
    0x7f, 0x7e, 0x7e, 0x7e, 0x7f, 0x7f, 0x7f, 0x80, 0x80, 0x81, 0x81, 0x80,
    0x80, 0x7f, 0x7f, 0x7e, 0x7d, 0x7e, 0x7f, 0x80, 0x81, 0x81, 0x80, 0x7f,
    0x7f, 0x7f, 0x7f, 0x80, 0x80, 0x80, 0x7e, 0x7e, 0x7e, 0x7f, 0x7f, 0x80,
    0x81, 0x82, 0x81, 0x80, 0x7f, 0x7e, 0x7e, 0x7e, 0x7e, 0x7f, 0x80, 0x80,
    0x80, 0x80, 0x81, 0x80, 0x80, 0x7f, 0x7f, 0x7f, 0x7f, 0x7f, 0x7f, 0x7f,
    0x7f, 0x7f, 0x80, 0x80, 0x80, 0x80, 0x7f, 0x7f, 0x7e, 0x7e, 0x7f, 0x81,
    0x81, 0x80, 0x7f, 0x7f, 0x7f, 0x80, 0x81, 0x80, 0x7f, 0x7f, 0x7f, 0x80,
    0x7f, 0x7f, 0x7e, 0x7e, 0x7f, 0x81, 0x83, 0x82, 0x7f, 0x7e, 0x7e, 0x7e,
    0x7f, 0x80, 0x7f, 0x7e, 0x7f, 0x81, 0x81, 0x80, 0x7f, 0x7f, 0x7f, 0x7f,
    0x7f, 0x7e, 0x7e, 0x7f, 0x80, 0x80, 0x80, 0x80, 0x80, 0x80, 0x7f, 0x7f,
    0x7e, 0x7f, 0x80, 0x80, 0x7f, 0x7f, 0x7f, 0x7f, 0x80, 0x80, 0x81, 0x81,
    0x80, 0x7f, 0x7f, 0x7e, 0x7e, 0x7e, 0x7f, 0x80, 0x80, 0x80, 0x81, 0x81,
    0x80, 0x80, 0x7f, 0x7f, 0x7e, 0x7e, 0x7e, 0x7f, 0x7f, 0x80, 0x80, 0x81,
    0x81, 0x80, 0x80, 0x7f, 0x7f, 0x7e, 0x7e, 0x7e, 0x7e, 0x7f, 0x82, 0x83,
    0x81, 0x80, 0x7f, 0x7f, 0x7f, 0x7f, 0x7e, 0x7e, 0x7e, 0x80, 0x80, 0x80,
    0x80, 0x80, 0x80, 0x80, 0x80, 0x7f, 0x7e, 0x7e, 0x7f, 0x7f, 0x7f, 0x7f,
    0x80, 0x80, 0x81, 0x81, 0x81, 0x80, 0x7f, 0x7e, 0x7e, 0x7f, 0x7f, 0x80,
    0x7f, 0x7f, 0x7f, 0x80, 0x81, 0x81, 0x80, 0x7f, 0x7f, 0x7f, 0x7f, 0x7f,
    0x7f, 0x7f, 0x7f, 0x80, 0x81, 0x82, 0x80, 0x7f, 0x7e, 0x7f, 0x7f, 0x80,
    0x7f, 0x7f, 0x7e, 0x7f, 0x7f, 0x80, 0x81, 0x82, 0x81, 0x80, 0x7e, 0x7d,
    0x7d, 0x7f, 0x80, 0x80, 0x7f, 0x80, 0x80, 0x81, 0x80, 0x80, 0x7f, 0x7f,
    0x7f, 0x7e, 0x7e, 0x7f, 0x80, 0x80, 0x80, 0x7f, 0x80, 0x80, 0x80, 0x80,
    0x7f, 0x7e, 0x7f, 0x80, 0x80, 0x7f, 0x7f, 0x7f, 0x80, 0x80, 0x80, 0x7e,
    0x7e, 0x80, 0x81, 0x81, 0x7f, 0x7e, 0x7f, 0x7f, 0x7f, 0x80, 0x80, 0x80,
    0x80, 0x80, 0x80, 0x7f, 0x7f, 0x7f, 0x7f, 0x80, 0x80, 0x7f, 0x80, 0x80,
    0x80, 0x7f, 0x7f, 0x7f, 0x7f, 0x80, 0x80, 0x80, 0x7f, 0x7f, 0x7f, 0x7f,
    0x7f, 0x80, 0x80, 0x7e, 0x7e, 0x81, 0x81, 0x7f, 0x80, 0x80, 0x7e, 0x7f,
    0x81, 0x80, 0x7e, 0x7f, 0x80, 0x80, 0x80, 0x81, 0x81, 0x80, 0x7f, 0x7e,
    0x7e, 0x7f, 0x80, 0x80, 0x80, 0x7f, 0x7f, 0x80, 0x80, 0x80, 0x80, 0x7f,
    0x7e, 0x7e, 0x7e, 0x7f, 0x80, 0x80, 0x81, 0x81, 0x81, 0x80, 0x7f, 0x7f,
    0x7f, 0x7e, 0x7e, 0x7f, 0x7f, 0x80, 0x80, 0x81, 0x80, 0x80, 0x80, 0x80,
    0x7f, 0x7f, 0x7f, 0x7f, 0x7f, 0x7f, 0x80, 0x80, 0x80, 0x80, 0x80, 0x80,
    0x80, 0x7f, 0x7f, 0x7e, 0x7e, 0x7e, 0x7f, 0x7f, 0x7f, 0x80, 0x81, 0x82,
    0x81, 0x7f, 0x7e, 0x7e, 0x7e, 0x7f, 0x80, 0x7f, 0x7f, 0x7f, 0x80, 0x81,
    0x81, 0x80, 0x80, 0x7f, 0x7f, 0x7e, 0x7e, 0x7f, 0x80, 0x80, 0x80, 0x80,
    0x80, 0x80, 0x81, 0x80, 0x7f, 0x7e, 0x7e, 0x7f, 0x7f, 0x7f, 0x7f, 0x7f,
    0x80, 0x82, 0x82, 0x80, 0x7e, 0x7e, 0x7e, 0x7e, 0x7f, 0x7f, 0x7f, 0x7f,
    0x81, 0x81, 0x81, 0x80, 0x7f, 0x7f, 0x7f, 0x7f, 0x7e, 0x7f, 0x7f, 0x80,
    0x80, 0x80, 0x80, 0x81, 0x81, 0x80, 0x7f, 0x7e, 0x7e, 0x7e, 0x7e, 0x7e,
    0x7f, 0x81, 0x83, 0x83, 0x80, 0x7e, 0x7e, 0x7e, 0x7f, 0x80, 0x7f, 0x7e,
    0x7f, 0x81, 0x81, 0x80, 0x80, 0x80, 0x7f, 0x7f, 0x7f, 0x7e, 0x7e, 0x7f,
    0x80, 0x80, 0x80, 0x80, 0x81, 0x81, 0x80, 0x7f, 0x7e, 0x7e, 0x7f, 0x7f,
    0x7f, 0x7f, 0x80, 0x81, 0x81, 0x80, 0x7e, 0x7f, 0x7f, 0x80, 0x80, 0x7f,
    0x7f, 0x7e, 0x7f, 0x80, 0x80, 0x80, 0x80, 0x80, 0x7f, 0x7f, 0x7e, 0x7e,
    0x7f, 0x80, 0x81, 0x81, 0x81, 0x80, 0x7f, 0x7e, 0x7e, 0x7f, 0x7f, 0x80,
    0x80, 0x80, 0x80, 0x80, 0x81, 0x80, 0x80, 0x7f, 0x7e, 0x7e, 0x7f, 0x7f,
    0x7f, 0x7f, 0x7f, 0x80, 0x82, 0x83, 0x81, 0x7f, 0x7d, 0x7d, 0x7e, 0x7f,
    0x80, 0x7f, 0x7f, 0x80, 0x81, 0x81, 0x80, 0x7f, 0x7f, 0x7f, 0x7f, 0x7e,
    0x7f, 0x7f, 0x80, 0x80, 0x80, 0x7f, 0x80, 0x81, 0x81, 0x80, 0x7e, 0x7d,
    0x7d, 0x7e, 0x81, 0x83, 0x82, 0x80, 0x7f, 0x7f, 0x7f, 0x7f, 0x7f, 0x7f,
    0x7e, 0x7f, 0x80, 0x81, 0x80, 0x80, 0x7f, 0x80, 0x80, 0x80, 0x7f, 0x7f,
    0x7f, 0x7f, 0x7f, 0x7f, 0x7f, 0x7f, 0x80, 0x80, 0x80, 0x7f, 0x7f, 0x7f,
    0x80, 0x81, 0x80, 0x7f, 0x7e, 0x7e, 0x80, 0x80, 0x80, 0x7f, 0x7f, 0x7f,
    0x80, 0x81, 0x80, 0x7f, 0x7f, 0x80, 0x7f, 0x7f, 0x7e, 0x7f, 0x80, 0x81,
    0x80, 0x7e, 0x7e, 0x7f, 0x81, 0x81, 0x7f, 0x7e, 0x7e, 0x80, 0x81, 0x80,
    0x7f, 0x7e, 0x7e, 0x80, 0x81, 0x80, 0x7f, 0x80, 0x80, 0x7f, 0x7f, 0x7f,
    0x7f, 0x7f, 0x80, 0x7f, 0x7f, 0x7f, 0x81, 0x82, 0x81, 0x7f, 0x7d, 0x7e,
    0x80, 0x80, 0x80, 0x7f, 0x7e, 0x7f, 0x81, 0x81, 0x80, 0x80, 0x80, 0x80,
    0x7f, 0x7e, 0x7d, 0x7e, 0x81, 0x82, 0x80, 0x7f, 0x7f, 0x80, 0x81, 0x81,
    0x7f, 0x7d, 0x7e, 0x80, 0x80, 0x80, 0x7f, 0x7f, 0x7f, 0x81, 0x81, 0x7f,
    0x7f, 0x80, 0x7f, 0x7f, 0x7e, 0x7e, 0x7f, 0x80, 0x81, 0x80, 0x7f, 0x7f,
    0x80, 0x81, 0x81, 0x7f, 0x7e, 0x7e, 0x80, 0x80, 0x80, 0x7f, 0x7f, 0x7f,
    0x80, 0x81, 0x80, 0x80, 0x7f, 0x7f, 0x7e, 0x7d, 0x7f, 0x81, 0x81, 0x82,
    0x81, 0x7e, 0x7d, 0x7f, 0x80, 0x7f, 0x7e, 0x7e, 0x7e, 0x80, 0x81, 0x81,
    0x80, 0x7f, 0x7f, 0x80, 0x80, 0x80, 0x80, 0x80, 0x7f, 0x7d, 0x7d, 0x7e,
    0x81, 0x83, 0x82, 0x80, 0x7e, 0x7e, 0x7f, 0x81, 0x81, 0x7e, 0x7e, 0x7f,
    0x7e, 0x7f, 0x81, 0x81, 0x80, 0x81, 0x80, 0x7f, 0x7f, 0x7f, 0x7f, 0x7e,
    0x7c, 0x7d, 0x81, 0x83, 0x83, 0x83, 0x80, 0x7c, 0x7b, 0x7d, 0x7e, 0x7f,
    0x82, 0x82, 0x81, 0x81, 0x80, 0x7e, 0x7f, 0x7f, 0x7f, 0x7e, 0x7f, 0x7f,
    0x80, 0x80, 0x81, 0x80, 0x7e, 0x7e, 0x80, 0x82, 0x80, 0x81, 0x80, 0x7d,
    0x7c, 0x7e, 0x7e, 0x7e, 0x81, 0x84, 0x82, 0x81, 0x80, 0x7e, 0x7d, 0x7e,
    0x7f, 0x7e, 0x7e, 0x7f, 0x80, 0x81, 0x82, 0x81, 0x81, 0x81, 0x7f, 0x7d,
    0x7c, 0x7d, 0x7e, 0x80, 0x80, 0x7f, 0x7e, 0x7f, 0x83, 0x88, 0x85, 0x7f,
    0x7b, 0x79, 0x79, 0x7e, 0x82, 0x81, 0x7f, 0x81, 0x82, 0x82, 0x82, 0x81,
    0x7e, 0x7d, 0x7e, 0x7f, 0x7e, 0x7e, 0x7f, 0x80, 0x80, 0x81, 0x81, 0x7f,
    0x7d, 0x7d, 0x7c, 0x7e, 0x85, 0x88, 0x82, 0x7d, 0x7c, 0x7b, 0x7c, 0x82,
    0x83, 0x7f, 0x7d, 0x7f, 0x81, 0x81, 0x82, 0x81, 0x7e, 0x7c, 0x7d, 0x80,
    0x80, 0x81, 0x83, 0x81, 0x7d, 0x7e, 0x7f, 0x7e, 0x7e, 0x7e, 0x7d, 0x7e,
    0x84, 0x86, 0x81, 0x7f, 0x7f, 0x7c, 0x7c, 0x80, 0x7f, 0x7e, 0x7f, 0x81,
    0x82, 0x82, 0x82, 0x80, 0x7e, 0x7c, 0x7b, 0x7c, 0x7e, 0x81, 0x84, 0x84,
    0x82, 0x80, 0x7f, 0x7d, 0x7c, 0x7d, 0x7d, 0x7e, 0x81, 0x82, 0x81, 0x84,
    0x84, 0x7e, 0x7e, 0x7f, 0x7d, 0x7d, 0x80, 0x80, 0x7f, 0x81, 0x81, 0x7f,
    0x7e, 0x7e, 0x7d, 0x80, 0x82, 0x82, 0x80, 0x80, 0x7f, 0x7d, 0x7c, 0x7b,
    0x7e, 0x83, 0x84, 0x82, 0x82, 0x7f, 0x7c, 0x7e, 0x80, 0x7f, 0x7e, 0x80,
    0x80, 0x7f, 0x80, 0x82, 0x81, 0x7f, 0x7e, 0x7c, 0x7c, 0x80, 0x82, 0x82,
    0x81, 0x7f, 0x7d, 0x7c, 0x7b, 0x7b, 0x81, 0x8b, 0x88, 0x80, 0x7c, 0x79,
    0x79, 0x7f, 0x84, 0x82, 0x7e, 0x7e, 0x80, 0x83, 0x83, 0x82, 0x80, 0x7d,
    0x7a, 0x7a, 0x7b, 0x80, 0x85, 0x86, 0x82, 0x7f, 0x7f, 0x7f, 0x80, 0x7d,
    0x7b, 0x79, 0x79, 0x7e, 0x88, 0x8b, 0x86, 0x83, 0x7f, 0x78, 0x79, 0x7e,
    0x7f, 0x7f, 0x80, 0x81, 0x81, 0x82, 0x84, 0x84, 0x80, 0x7c, 0x79, 0x7a,
    0x7d, 0x81, 0x83, 0x83, 0x81, 0x80, 0x81, 0x80, 0x7d, 0x7a, 0x79, 0x7a,
    0x80, 0x87, 0x87, 0x86, 0x84, 0x7c, 0x79, 0x7c, 0x7d, 0x7f, 0x82, 0x82,
    0x7f, 0x7f, 0x82, 0x81, 0x81, 0x7e, 0x7b, 0x7b, 0x80, 0x82, 0x81, 0x80,
    0x7e, 0x7e, 0x80, 0x81, 0x7d, 0x79, 0x7b, 0x87, 0x8b, 0x86, 0x82, 0x7b,
    0x75, 0x79, 0x81, 0x82, 0x81, 0x82, 0x82, 0x80, 0x81, 0x83, 0x80, 0x7a,
    0x79, 0x7a, 0x79, 0x82, 0x8b, 0x87, 0x80, 0x80, 0x7c, 0x7a, 0x80, 0x81,
    0x79, 0x77, 0x7b, 0x80, 0x89, 0x8c, 0x8b, 0x85, 0x7a, 0x74, 0x78, 0x7b,
    0x7f, 0x84, 0x83, 0x80, 0x81, 0x83, 0x83, 0x82, 0x7e, 0x78, 0x79, 0x80,
    0x81, 0x80, 0x7f, 0x7d, 0x7f, 0x86, 0x86, 0x7c, 0x72, 0x71, 0x81, 0x90,
    0x90, 0x8a, 0x7e, 0x71, 0x70, 0x7c, 0x84, 0x85, 0x85, 0x83, 0x7f, 0x7e,
    0x80, 0x81, 0x7d, 0x7d, 0x7c, 0x77, 0x7e, 0x89, 0x88, 0x83, 0x80, 0x7c,
    0x77, 0x7c, 0x85, 0x80, 0x79, 0x79, 0x7a, 0x7e, 0x88, 0x8e, 0x90, 0x87,
    0x79, 0x73, 0x73, 0x76, 0x80, 0x87, 0x86, 0x82, 0x80, 0x82, 0x83, 0x81,
    0x7e, 0x79, 0x79, 0x7e, 0x7f, 0x7d, 0x7d, 0x82, 0x84, 0x85, 0x80, 0x75,
    0x6d, 0x7e, 0x95, 0x95, 0x8a, 0x7d, 0x6e, 0x69, 0x77, 0x87, 0x8a, 0x86,
    0x85, 0x81, 0x7e, 0x80, 0x84, 0x7f, 0x78, 0x79, 0x75, 0x75, 0x86, 0x91,
    0x8a, 0x85, 0x81, 0x76, 0x75, 0x7e, 0x7e, 0x7a, 0x7a, 0x7c, 0x7c, 0x81,
    0x89, 0x92, 0x92, 0x85, 0x79, 0x71, 0x6d, 0x75, 0x82, 0x88, 0x86, 0x83,
    0x82, 0x84, 0x81, 0x80, 0x7e, 0x79, 0x7d, 0x7d, 0x7a, 0x7f, 0x80, 0x80,
    0x80, 0x7c, 0x73, 0x6f, 0x8b, 0xa6, 0x97, 0x87, 0x78, 0x61, 0x62, 0x78,
    0x8b, 0x8a, 0x86, 0x87, 0x84, 0x80, 0x86, 0x89, 0x7f, 0x75, 0x72, 0x6e,
    0x70, 0x83, 0x97, 0x95, 0x8c, 0x81, 0x74, 0x6f, 0x75, 0x7d, 0x7f, 0x7f,
    0x7d, 0x79, 0x7c, 0x88, 0x96, 0x98, 0x8a, 0x79, 0x6d, 0x68, 0x72, 0x83,
    0x8b, 0x87, 0x84, 0x84, 0x81, 0x82, 0x81, 0x7c, 0x78, 0x7d, 0x7d, 0x77,
    0x7c, 0x85, 0x86, 0x84, 0x80, 0x7b, 0x6f, 0x6e, 0x89, 0x9d, 0x96, 0x89,
    0x7b, 0x69, 0x64, 0x76, 0x89, 0x8c, 0x89, 0x89, 0x81, 0x7c, 0x83, 0x87,
    0x80, 0x77, 0x72, 0x75, 0x76, 0x83, 0x8f, 0x87, 0x80, 0x7e, 0x7c, 0x7d,
    0x80, 0x7a, 0x70, 0x71, 0x89, 0x9c, 0x93, 0x8a, 0x7b, 0x68, 0x69, 0x7b,
    0x8b, 0x88, 0x87, 0x86, 0x7e, 0x7e, 0x84, 0x84, 0x7f, 0x78, 0x73, 0x75,
    0x7a, 0x84, 0x89, 0x86, 0x80, 0x81, 0x80, 0x7b, 0x77, 0x73, 0x6e, 0x83,
    0x9d, 0x99, 0x8b, 0x7e, 0x6c, 0x67, 0x74, 0x88, 0x8b, 0x87, 0x85, 0x80,
    0x7f, 0x84, 0x86, 0x80, 0x78, 0x72, 0x75, 0x7d, 0x80, 0x84, 0x84, 0x7f,
    0x7e, 0x82, 0x7e, 0x78, 0x72, 0x75, 0x95, 0xa0, 0x8f, 0x84, 0x70, 0x60,
    0x68, 0x80, 0x8f, 0x8c, 0x8c, 0x86, 0x7e, 0x80, 0x85, 0x83, 0x7d, 0x73,
    0x70, 0x75, 0x7c, 0x83, 0x86, 0x84, 0x80, 0x84, 0x82, 0x7c, 0x75, 0x6d,
    0x78, 0x9b, 0x9e, 0x8d, 0x81, 0x6d, 0x61, 0x6d, 0x86, 0x8f, 0x8b, 0x8a,
    0x82, 0x7e, 0x81, 0x86, 0x83, 0x7b, 0x73, 0x71, 0x75, 0x7d, 0x83, 0x83,
    0x83, 0x84, 0x83, 0x7d, 0x77, 0x70, 0x6e, 0x93, 0xa9, 0x93, 0x84, 0x71,
    0x5f, 0x61, 0x7e, 0x92, 0x8d, 0x8c, 0x8a, 0x80, 0x7f, 0x87, 0x83, 0x7b,
    0x76, 0x6f, 0x72, 0x78, 0x80, 0x87, 0x86, 0x86, 0x86, 0x7e, 0x75, 0x69,
    0x6c, 0x9a, 0xa8, 0x95, 0x88, 0x6c, 0x58, 0x61, 0x85, 0x92, 0x8c, 0x8f,
    0x86, 0x7b, 0x7e, 0x89, 0x84, 0x7d, 0x77, 0x6e, 0x6f, 0x77, 0x83, 0x89,
    0x89, 0x88, 0x84, 0x7d, 0x76, 0x6c, 0x61, 0x7c, 0xab, 0xa6, 0x93, 0x83,
    0x64, 0x55, 0x6c, 0x8c, 0x8d, 0x8b, 0x8c, 0x80, 0x79, 0x87, 0x8b, 0x84,
    0x7f, 0x72, 0x6c, 0x6f, 0x7a, 0x88, 0x89, 0x89, 0x87, 0x7c, 0x74, 0x71,
    0x62, 0x70, 0xa8, 0xb1, 0x9a, 0x8a, 0x69, 0x4f, 0x5d, 0x85, 0x8f, 0x8e,
    0x90, 0x83, 0x79, 0x82, 0x8e, 0x88, 0x83, 0x76, 0x68, 0x6c, 0x75, 0x82,
    0x88, 0x89, 0x87, 0x84, 0x7e, 0x73, 0x64, 0x5b, 0x94, 0xb8, 0xa2, 0x9a,
    0x78, 0x50, 0x4e, 0x7a, 0x8d, 0x8a, 0x97, 0x8b, 0x78, 0x7f, 0x8b, 0x87,
    0x85, 0x7b, 0x6b, 0x67, 0x6e, 0x83, 0x91, 0x8d, 0x85, 0x80, 0x7e, 0x7b,
    0x7c, 0x79, 0x6c, 0x66, 0x8b, 0xa5, 0x9b, 0x94, 0x85, 0x66, 0x5b, 0x78,
    0x85, 0x83, 0x8a, 0x87, 0x86, 0x8a, 0x86, 0x80, 0x78, 0x73, 0x75, 0x79,
    0x7c, 0x7e, 0x82, 0x7d, 0x78, 0x75, 0x57, 0x7b, 0xc3, 0xab, 0xa8, 0x91,
    0x5a, 0x33, 0x5c, 0x84, 0x7f, 0x9b, 0x9f, 0x87, 0x80, 0x8a, 0x8a, 0x89,
    0x85, 0x72, 0x63, 0x62, 0x6e, 0x81, 0x84, 0x88, 0x87, 0x8a, 0x85, 0x7b,
    0x5a, 0x6e, 0xb4, 0xa0, 0x9e, 0x8e, 0x53, 0x41, 0x69, 0x8c, 0x86, 0x9e,
    0x9d, 0x84, 0x88, 0x81, 0x73, 0x74, 0x77, 0x77, 0x76, 0x78, 0x7c, 0x88,
    0x8a, 0x87, 0x85, 0x7e, 0x79, 0x7b, 0x7d, 0x7d, 0x81, 0x81, 0x79, 0x76,
    0x79, 0x8a, 0x96, 0x92, 0x8b, 0x7f, 0x70, 0x6f, 0x7a, 0x86, 0x8b, 0x8d,
    0x87, 0x7f, 0x79, 0x75, 0x79, 0x74, 0x6b, 0x66, 0x5c, 0x3e, 0xb2, 0xe0,
    0xce, 0xc9, 0x8e, 0x2d, 0x0f, 0x58, 0x63, 0x87, 0xae, 0xa7, 0x8b, 0x8f,
    0x8b, 0x8a, 0x96, 0x86, 0x6c, 0x55, 0x52, 0x6b, 0x89, 0x95, 0x95, 0x88,
    0x7e, 0x80, 0x88, 0x82, 0x7c, 0x72, 0x5f, 0x50, 0x87, 0xa6, 0xaa, 0xb5,
    0x90, 0x60, 0x51, 0x6b, 0x73, 0x85, 0xa0, 0x93, 0x7e, 0x73, 0x69, 0x6f,
    0x92, 0xa5, 0x97, 0x7f, 0x61, 0x5e, 0x6e, 0x84, 0x8d, 0x86, 0x79, 0x6c,
    0x5a, 0x77, 0xbe, 0xb4, 0xac, 0x9c, 0x57, 0x33, 0x54, 0x7c, 0x84, 0xa5,
    0xad, 0x85, 0x7f, 0x74, 0x6d, 0x7e, 0x87, 0x84, 0x79, 0x70, 0x73, 0x81,
    0x88, 0x7d, 0x6d, 0x51, 0x83, 0xba, 0xa8, 0xb1, 0x94, 0x57, 0x3f, 0x65,
    0x6e, 0x7a, 0xa8, 0xa7, 0x98, 0x8b, 0x75, 0x70, 0x79, 0x7e, 0x79, 0x6e,
    0x64, 0x6a, 0x81, 0x7f, 0x84, 0x5c, 0x92, 0xcd, 0xa6, 0xb3, 0x84, 0x4a,
    0x27, 0x63, 0x6a, 0x75, 0xad, 0xa7, 0xa1, 0xa0, 0x85, 0x73, 0x76, 0x75,
    0x71, 0x71, 0x64, 0x68, 0x7b, 0x85, 0x91, 0x96, 0x89, 0x79, 0x5f, 0x61,
    0xa8, 0xaa, 0xa6, 0x9c, 0x63, 0x36, 0x52, 0x7b, 0x80, 0xa7, 0xb9, 0x93,
    0x83, 0x73, 0x62, 0x71, 0x86, 0x86, 0x7e, 0x6e, 0x66, 0x7b, 0x8a, 0x8e,
    0x8b, 0x7a, 0x57, 0x65, 0xae, 0xa7, 0xa7, 0xa5, 0x68, 0x3a, 0x50, 0x75,
    0x7b, 0xa7, 0xb9, 0x94, 0x85, 0x6f, 0x62, 0x74, 0x7f, 0x82, 0x7a, 0x70,
    0x6e, 0x82, 0x8a, 0x81, 0x6f, 0x54, 0xa8, 0xb3, 0xa1, 0xad, 0x78, 0x3b,
    0x44, 0x72, 0x66, 0x92, 0xbe, 0xa4, 0x9c, 0x84, 0x62, 0x6a, 0x77, 0x7b,
    0x7b, 0x6b, 0x6a, 0x7c, 0x88, 0x85, 0x83, 0x54, 0x79, 0xc8, 0xa2, 0xb0,
    0x9d, 0x56, 0x2f, 0x5d, 0x61, 0x69, 0xb1, 0xb0, 0xa4, 0xa2, 0x76, 0x64,
    0x73, 0x7a, 0x7d, 0x79, 0x65, 0x66, 0x7e, 0x84, 0x95, 0x8d, 0x78, 0x53,
    0x83, 0xb6, 0x9b, 0xb2, 0x97, 0x50, 0x37, 0x5c, 0x6b, 0x7e, 0xbd, 0xb0,
    0x93, 0x88, 0x64, 0x63, 0x7d, 0x87, 0x83, 0x7b, 0x69, 0x6a, 0x7e, 0x87,
    0x86, 0x80, 0x5a, 0x79, 0xbd, 0xa1, 0xab, 0xa1, 0x5b, 0x37, 0x58, 0x66,
    0x72, 0xb4, 0xb7, 0x9a, 0x8e, 0x66, 0x63, 0x75, 0x7d, 0x84, 0x7d, 0x6c,
    0x6d, 0x7d, 0x7b, 0x7f, 0x63, 0x7c, 0xc4, 0xa6, 0xab, 0x9d, 0x5d, 0x37,
    0x5f, 0x65, 0x65, 0xa8, 0xaf, 0x9f, 0x9d, 0x75, 0x67, 0x75, 0x78, 0x7e,
    0x78, 0x69, 0x6e, 0x7d, 0x81, 0x82, 0x7d, 0x57, 0x98, 0xc3, 0x9d, 0xaf,
    0x91, 0x49, 0x3b, 0x65, 0x5c, 0x7c, 0xbb, 0xa9, 0x9e, 0x90, 0x69, 0x68,
    0x78, 0x7c, 0x7c, 0x73, 0x69, 0x73, 0x81, 0x81, 0x88, 0x7a, 0x5d, 0xa6,
    0xb7, 0x96, 0xa6, 0x85, 0x44, 0x46, 0x6b, 0x61, 0x8d, 0xc2, 0xa2, 0x97,
    0x82, 0x60, 0x6c, 0x7c, 0x7d, 0x7c, 0x70, 0x68, 0x78, 0x84, 0x7f, 0x80,
    0x60, 0x9c, 0xbf, 0x9b, 0xa3, 0x88, 0x48, 0x43, 0x71, 0x64, 0x80, 0xbd,
    0xa3, 0x97, 0x88, 0x64, 0x6a, 0x7c, 0x81, 0x7d, 0x6f, 0x68, 0x73, 0x86,
    0x80, 0x86, 0x63, 0x75, 0xc1, 0xa2, 0x9e, 0x9e, 0x63, 0x3a, 0x65, 0x6e,
    0x69, 0xb1, 0xb4, 0x93, 0x90, 0x6a, 0x61, 0x78, 0x81, 0x7f, 0x77, 0x69,
    0x6d, 0x85, 0x7f, 0x7b, 0x60, 0x84, 0xc3, 0xa5, 0xa7, 0x95, 0x54, 0x3b,
    0x6d, 0x6b, 0x70, 0xb8, 0xa8, 0x91, 0x8b, 0x65, 0x69, 0x7f, 0x83, 0x7f,
    0x75, 0x67, 0x71, 0x84, 0x7c, 0x79, 0x5d, 0x7e, 0xc4, 0xa9, 0xa7, 0x9e,
    0x5c, 0x39, 0x65, 0x68, 0x74, 0xb8, 0xa3, 0x89, 0x82, 0x67, 0x70, 0x88,
    0x85, 0x7b, 0x77, 0x6a, 0x73, 0x81, 0x74, 0x64, 0x5f, 0xa9, 0xbd, 0xad,
    0xae, 0x83, 0x42, 0x4c, 0x6c, 0x64, 0x97, 0xb2, 0x8c, 0x85, 0x75, 0x69,
    0x83, 0x8d, 0x81, 0x78, 0x6d, 0x6c, 0x7b, 0x7a, 0x69, 0x53, 0x97, 0xbd,
    0xb2, 0xb7, 0x94, 0x4c, 0x41, 0x6b, 0x61, 0x88, 0xb6, 0x93, 0x86, 0x76,
    0x67, 0x7c, 0x90, 0x89, 0x7a, 0x70, 0x67, 0x76, 0x78, 0x6d, 0x51, 0x8d,
    0xc5, 0xb0, 0xb8, 0x9c, 0x4f, 0x3d, 0x6b, 0x65, 0x82, 0xb4, 0x93, 0x83,
    0x77, 0x64, 0x7d, 0x93, 0x8d, 0x7e, 0x70, 0x63, 0x72, 0x7c, 0x72, 0x58,
    0x77, 0xba, 0xaf, 0xb2, 0xad, 0x68, 0x41, 0x66, 0x65, 0x75, 0xab, 0x97,
    0x7f, 0x7c, 0x66, 0x77, 0x94, 0x90, 0x84, 0x78, 0x66, 0x6e, 0x77, 0x6d,
    0x53, 0x7e, 0xba, 0xb0, 0xb5, 0xa8, 0x65, 0x43, 0x69, 0x66, 0x78, 0xa9,
    0x95, 0x81, 0x7b, 0x6a, 0x78, 0x92, 0x8c, 0x81, 0x76, 0x68, 0x6d, 0x75,
    0x68, 0x51, 0x91, 0xbf, 0xb1, 0xbb, 0x9e, 0x4f, 0x41, 0x6b, 0x61, 0x86,
    0xb0, 0x90, 0x83, 0x78, 0x69, 0x7f, 0x95, 0x8a, 0x7d, 0x6f, 0x62, 0x70,
    0x79, 0x66, 0x56, 0x9a, 0xbc, 0xb2, 0xbd, 0x98, 0x4b, 0x48, 0x66, 0x5e,
    0x8b, 0xad, 0x90, 0x87, 0x75, 0x68, 0x84, 0x95, 0x8a, 0x7f, 0x6d, 0x60,
    0x72, 0x77, 0x6c, 0x56, 0x89, 0xbf, 0xb2, 0xba, 0xa3, 0x56, 0x42, 0x61,
    0x5a, 0x7c, 0xb4, 0x9d, 0x90, 0x7a, 0x60, 0x75, 0x90, 0x8e, 0x82, 0x71,
    0x60, 0x70, 0x7d, 0x74, 0x5a, 0x75, 0xbe, 0xb0, 0xb1, 0xad, 0x65, 0x3d,
    0x65, 0x65, 0x6f, 0xac, 0x9f, 0x8b, 0x81, 0x66, 0x71, 0x8b, 0x8d, 0x85,
    0x77, 0x65, 0x6e, 0x7a, 0x70, 0x5a, 0x6d, 0xbd, 0xb5, 0xb2, 0xb0, 0x6a,
    0x39, 0x5d, 0x67, 0x6a, 0xac, 0xa8, 0x8d, 0x85, 0x64, 0x6a, 0x88, 0x8e,
    0x83, 0x78, 0x67, 0x6c, 0x80, 0x74, 0x5f, 0x62, 0xae, 0xbb, 0xaf, 0xb2,
    0x7a, 0x3a, 0x54, 0x6b, 0x69, 0xa5, 0xaf, 0x8d, 0x83, 0x67, 0x66, 0x86,
    0x90, 0x86, 0x7a, 0x66, 0x69, 0x7e, 0x78, 0x65, 0x5f, 0xa5, 0xbb, 0xad,
    0xb2, 0x84, 0x40, 0x4d, 0x69, 0x62, 0x99, 0xb7, 0x97, 0x8c, 0x6f, 0x62,
    0x7d, 0x8c, 0x84, 0x79, 0x6b, 0x68, 0x7e, 0x7c, 0x6f, 0x57, 0x8a, 0xc4,
    0xae, 0xb1, 0x9a, 0x4f, 0x3e, 0x67, 0x62, 0x83, 0xb9, 0x9d, 0x8b, 0x7a,
    0x62, 0x76, 0x8c, 0x8a, 0x7f, 0x72, 0x66, 0x72, 0x78, 0x6c, 0x58, 0x89,
    0xc5, 0xb1, 0xb1, 0x9b, 0x51, 0x3d, 0x67, 0x67, 0x80, 0xb4, 0x9d, 0x89,
    0x79, 0x63, 0x76, 0x8e, 0x8c, 0x81, 0x71, 0x66, 0x74, 0x7d, 0x73, 0x60,
    0x68, 0xb1, 0xba, 0xac, 0xa9, 0x75, 0x3c, 0x58, 0x6c, 0x6d, 0xa8, 0xab,
    0x89, 0x7f, 0x67, 0x6a, 0x8a, 0x91, 0x84, 0x7c, 0x6a, 0x6b, 0x79, 0x73,
    0x56, 0x6c, 0xb9, 0xb9, 0xaf, 0xaa, 0x6d, 0x36, 0x5a, 0x70, 0x71, 0xa8,
    0xaa, 0x8a, 0x7f, 0x67, 0x69, 0x88, 0x90, 0x85, 0x7a, 0x6a, 0x6d, 0x7d,
    0x77, 0x67, 0x5b, 0x9c, 0xbe, 0xab, 0xae, 0x8a, 0x44, 0x4b, 0x6e, 0x6b,
    0x98, 0xb1, 0x8e, 0x80, 0x6c, 0x65, 0x83, 0x8e, 0x88, 0x82, 0x70, 0x6d,
    0x78, 0x76, 0x5f, 0x5a, 0x9d, 0xbd, 0xaf, 0xad, 0x88, 0x45, 0x4a, 0x6f,
    0x6d, 0x93, 0xb2, 0x93, 0x83, 0x6f, 0x63, 0x7b, 0x8c, 0x89, 0x80, 0x74,
    0x6f, 0x7c, 0x7a, 0x6d, 0x55, 0x78, 0xba, 0xb3, 0xac, 0x9f, 0x61, 0x3c,
    0x63, 0x70, 0x7d, 0xb0, 0xa3, 0x84, 0x78, 0x64, 0x6f, 0x8b, 0x8e, 0x81,
    0x7a, 0x6b, 0x72, 0x7e, 0x72, 0x59, 0x74, 0xb5, 0xb1, 0xaa, 0xa1, 0x68,
    0x3d, 0x5e, 0x72, 0x78, 0xa8, 0xaa, 0x8b, 0x7d, 0x66, 0x6a, 0x84, 0x8c,
    0x85, 0x77, 0x6e, 0x71, 0x7f, 0x79, 0x66, 0x61, 0xa1, 0xb9, 0xa7, 0xa2,
    0x7f, 0x45, 0x4f, 0x72, 0x72, 0x93, 0xb3, 0x96, 0x86, 0x71, 0x64, 0x78,
    0x86, 0x82, 0x7d, 0x73, 0x72, 0x82, 0x7e, 0x75, 0x61, 0x6c, 0xaf, 0xb5,
    0xa1, 0x98, 0x70, 0x41, 0x57, 0x76, 0x78, 0xa3, 0xb4, 0x91, 0x81, 0x69,
    0x66, 0x78, 0x85, 0x82, 0x7c, 0x73, 0x74, 0x80, 0x76, 0x69, 0x64, 0x9d,
    0xba, 0xa6, 0xa0, 0x7f, 0x4b, 0x4b, 0x6d, 0x71, 0x85, 0xac, 0xa8, 0x98,
    0x82, 0x6c, 0x6e, 0x77, 0x7a, 0x78, 0x71, 0x6c, 0x7c, 0x87, 0x81, 0x7b,
    0x68, 0x8b, 0xb7, 0xa2, 0x93, 0x86, 0x58, 0x45, 0x69, 0x77, 0x7f, 0xa9,
    0xb1, 0x98, 0x88, 0x6d, 0x64, 0x70, 0x7a, 0x7b, 0x78, 0x76, 0x76, 0x7d,
    0x7a, 0x72, 0x6b, 0xa0, 0xbf, 0xa1, 0x95, 0x7a, 0x49, 0x47, 0x6e, 0x78,
    0x82, 0xa5, 0xa9, 0x9e, 0x90, 0x76, 0x6a, 0x6e, 0x74, 0x71, 0x72, 0x70,
    0x79, 0x87, 0x89, 0x83, 0x77, 0x6a, 0x99, 0xb2, 0x9a, 0x91, 0x7a, 0x4b,
    0x4a, 0x6d, 0x7a, 0x8c, 0xab, 0xae, 0x9b, 0x87, 0x6f, 0x65, 0x6b, 0x72,
    0x72, 0x72, 0x75, 0x7f, 0x88, 0x8a, 0x85, 0x6d, 0x72, 0xaa, 0xaa, 0x93,
    0x8b, 0x6b, 0x44, 0x55, 0x78, 0x83, 0x9a, 0xac, 0xa0, 0x90, 0x7d, 0x6e,
    0x6c, 0x71, 0x76, 0x70, 0x6e, 0x6f, 0x80, 0x87, 0x8b, 0x7e, 0x71, 0xa2,
    0xb1, 0x94, 0x8a, 0x74, 0x49, 0x4b, 0x79, 0x83, 0x8e, 0xa4, 0x97, 0x8d,
    0x8e, 0x80, 0x77, 0x70, 0x6b, 0x66, 0x6b, 0x76, 0x84, 0x8d, 0x8b, 0x8a,
    0x7a, 0x62, 0x7e, 0xab, 0xa2, 0x96, 0x8b, 0x60, 0x43, 0x5f, 0x80, 0x8b,
    0x98, 0xa3, 0x93, 0x82, 0x83, 0x7a, 0x74, 0x72, 0x70, 0x6a, 0x6d, 0x7b,
    0x83, 0x8f, 0x94, 0x8e, 0x8a, 0x74, 0x5c, 0x70, 0xa0, 0xa1, 0x92, 0x88,
    0x68, 0x4e, 0x69, 0x8d, 0x8f, 0x90, 0x9a, 0x87, 0x7c, 0x81, 0x7a, 0x73,
    0x71, 0x72, 0x76, 0x79, 0x80, 0x88, 0x87, 0x87, 0x81, 0x6a, 0x6d, 0xa2,
    0xaa, 0x93, 0x8a, 0x6f, 0x49, 0x55, 0x7f, 0x90, 0x90, 0x94, 0x92, 0x81,
    0x80, 0x84, 0x7d, 0x7b, 0x74, 0x6b, 0x69, 0x75, 0x83, 0x8c, 0x93, 0x8d,
    0x82, 0x6a, 0x62, 0x95, 0xa9, 0x98, 0x8f, 0x77, 0x4e, 0x4c, 0x77, 0x8e,
    0x8e, 0x96, 0x9b, 0x89, 0x7f, 0x84, 0x7b, 0x74, 0x72, 0x6f, 0x6c, 0x75,
    0x82, 0x8a, 0x90, 0x8e, 0x85, 0x75, 0x69, 0x8e, 0xa2, 0x8f, 0x82, 0x74,
    0x5b, 0x56, 0x77, 0x8f, 0x8f, 0x94, 0x99, 0x89, 0x7d, 0x81, 0x7b, 0x77,
    0x74, 0x70, 0x72, 0x75, 0x80, 0x88, 0x8d, 0x8c, 0x81, 0x6b, 0x74, 0x9f,
    0x9f, 0x8b, 0x82, 0x68, 0x4c, 0x5d, 0x84, 0x93, 0x91, 0x93, 0x93, 0x87,
    0x81, 0x84, 0x7b, 0x76, 0x74, 0x6f, 0x6b, 0x75, 0x81, 0x88, 0x91, 0x8d,
    0x7a, 0x68, 0x7e, 0xa6, 0x9c, 0x85, 0x77, 0x60, 0x50, 0x6a, 0x8b, 0x8f,
    0x8f, 0x96, 0x92, 0x87, 0x83, 0x80, 0x78, 0x74, 0x71, 0x6e, 0x6d, 0x78,
    0x86, 0x8d, 0x8f, 0x8d, 0x82, 0x6a, 0x68, 0x91, 0xa2, 0x91, 0x81, 0x6e,
    0x56, 0x5b, 0x82, 0x98, 0x95, 0x90, 0x8c, 0x83, 0x7d, 0x80, 0x7f, 0x78,
    0x75, 0x6f, 0x6c, 0x7a, 0x8a, 0x90, 0x8f, 0x81, 0x74, 0x69, 0x6a, 0x8e,
    0xae, 0x9a, 0x80, 0x6f, 0x5e, 0x5c, 0x7a, 0x95, 0x95, 0x8d, 0x85, 0x80,
    0x7e, 0x7f, 0x87, 0x82, 0x76, 0x6f, 0x6c, 0x72, 0x7c, 0x89, 0x92, 0x95,
    0x86, 0x72, 0x65, 0x68, 0x8c, 0xa9, 0x9d, 0x84, 0x6c, 0x5c, 0x61, 0x7e,
    0x94, 0x93, 0x8d, 0x87, 0x81, 0x7b, 0x7e, 0x86, 0x80, 0x73, 0x6d, 0x6f,
    0x76, 0x84, 0x8d, 0x8b, 0x84, 0x81, 0x72, 0x70, 0x93, 0xa3, 0x90, 0x7d,
    0x6b, 0x5b, 0x5e, 0x7f, 0x97, 0x95, 0x8d, 0x89, 0x83, 0x7d, 0x7d, 0x83,
    0x80, 0x74, 0x6d, 0x6b, 0x72, 0x82, 0x91, 0x93, 0x8b, 0x82, 0x77, 0x6d,
    0x72, 0x91, 0x9f, 0x8d, 0x7c, 0x6d, 0x60, 0x68, 0x85, 0x95, 0x90, 0x89,
    0x85, 0x80, 0x7c, 0x81, 0x84, 0x7f, 0x72, 0x6b, 0x6d, 0x77, 0x8c, 0x9a,
    0x95, 0x86, 0x77, 0x6c, 0x6b, 0x71, 0x86, 0xa3, 0x9d, 0x81, 0x6e, 0x65,
    0x68, 0x7a, 0x91, 0x94, 0x8b, 0x83, 0x7c, 0x77, 0x79, 0x83, 0x89, 0x81,
    0x79, 0x70, 0x71, 0x80, 0x8a, 0x8b, 0x89, 0x82, 0x78, 0x72, 0x70, 0x80,
    0x9b, 0x9b, 0x84, 0x70, 0x64, 0x67, 0x7b, 0x91, 0x94, 0x89, 0x80, 0x7e,
    0x7c, 0x7e, 0x83, 0x85, 0x7d, 0x74, 0x70, 0x73, 0x80, 0x8e, 0x91, 0x89,
    0x7a, 0x6c, 0x69, 0x85, 0xa2, 0x9a, 0x84, 0x71, 0x61, 0x60, 0x77, 0x91,
    0x96, 0x8e, 0x89, 0x81, 0x7a, 0x7a, 0x7e, 0x81, 0x81, 0x7a, 0x6f, 0x73,
    0x80, 0x89, 0x8f, 0x8b, 0x7e, 0x76, 0x74, 0x72, 0x78, 0x92, 0xa0, 0x8c,
    0x75, 0x6a, 0x68, 0x75, 0x8c, 0x97, 0x8d, 0x7f, 0x79, 0x7a, 0x7d, 0x81,
    0x86, 0x87, 0x7f, 0x75, 0x70, 0x76, 0x80, 0x88, 0x8a, 0x85, 0x82, 0x7b,
    0x73, 0x72, 0x7c, 0x97, 0x9c, 0x87, 0x73, 0x68, 0x6a, 0x7b, 0x8e, 0x92,
    0x87, 0x7e, 0x7d, 0x7e, 0x7e, 0x84, 0x87, 0x7c, 0x73, 0x72, 0x78, 0x84,
    0x8b, 0x86, 0x7a, 0x72, 0x72, 0x80, 0x9c, 0xa0, 0x89, 0x73, 0x67, 0x66,
    0x73, 0x86, 0x90, 0x8c, 0x81, 0x7d, 0x80, 0x83, 0x86, 0x87, 0x80, 0x7a,
    0x77, 0x70, 0x71, 0x7c, 0x84, 0x8b, 0x8d, 0x86, 0x7c, 0x79, 0x77, 0x79,
    0x81, 0x91, 0x94, 0x7f, 0x70, 0x6e, 0x72, 0x7e, 0x8c, 0x8e, 0x86, 0x7f,
    0x7d, 0x80, 0x82, 0x80, 0x7f, 0x7d, 0x78, 0x75, 0x79, 0x81, 0x89, 0x89,
    0x80, 0x76, 0x6f, 0x7c, 0x99, 0x9f, 0x89, 0x72, 0x67, 0x67, 0x73, 0x87,
    0x92, 0x8c, 0x81, 0x7e, 0x7f, 0x7f, 0x82, 0x86, 0x84, 0x7b, 0x76, 0x75,
    0x76, 0x7d, 0x84, 0x87, 0x89, 0x86, 0x81, 0x7d, 0x76, 0x74, 0x7a, 0x83,
    0x91, 0x91, 0x7e, 0x72, 0x73, 0x76, 0x80, 0x8b, 0x89, 0x80, 0x7d, 0x81,
    0x84, 0x83, 0x81, 0x7d, 0x79, 0x79, 0x7d, 0x80, 0x83, 0x80, 0x78, 0x6b,
    0x6e, 0x99, 0xab, 0x95, 0x80, 0x6c, 0x5e, 0x66, 0x7f, 0x8f, 0x89, 0x81,
    0x82, 0x83, 0x80, 0x83, 0x88, 0x86, 0x80, 0x79, 0x72, 0x74, 0x7a, 0x7e,
    0x86, 0x89, 0x86, 0x85, 0x83, 0x7e, 0x7d, 0x7a, 0x6f, 0x66, 0x7a, 0x9c,
    0x9b, 0x8b, 0x80, 0x71, 0x6c, 0x7b, 0x89, 0x88, 0x7d, 0x78, 0x7d, 0x80,
    0x81, 0x86, 0x89, 0x83, 0x7e, 0x7b, 0x76, 0x77, 0x83, 0x85, 0x80, 0x81,
    0x81, 0x7e, 0x7f, 0x81, 0x7e, 0x77, 0x72, 0x78, 0x90, 0x9b, 0x8d, 0x7c,
    0x71, 0x6d, 0x75, 0x83, 0x89, 0x84, 0x7e, 0x7d, 0x81, 0x83, 0x82, 0x83,
    0x84, 0x80, 0x79, 0x78, 0x7b, 0x7b, 0x7e, 0x82, 0x84, 0x85, 0x83, 0x7e,
    0x7d, 0x7e, 0x7c, 0x7b, 0x7d, 0x84, 0x8c, 0x88, 0x7e, 0x79, 0x76, 0x78,
    0x80, 0x84, 0x82, 0x7f, 0x81, 0x86, 0x86, 0x80, 0x7c, 0x7a, 0x76, 0x7c,
    0x82, 0x80, 0x81, 0x82, 0x7c, 0x7a, 0x7c, 0x84, 0x93, 0x92, 0x7d, 0x71,
    0x70, 0x73, 0x7e, 0x88, 0x88, 0x81, 0x7d, 0x80, 0x85, 0x84, 0x81, 0x81,
    0x7e, 0x78, 0x77, 0x78, 0x7e, 0x84, 0x83, 0x86, 0x86, 0x80, 0x7e, 0x7e,
    0x74, 0x71, 0x7e, 0x90, 0x93, 0x85, 0x77, 0x73, 0x78, 0x7f, 0x87, 0x87,
    0x7e, 0x79, 0x7c, 0x81, 0x84, 0x84, 0x83, 0x80, 0x7d, 0x7a, 0x7a, 0x7d,
    0x81, 0x83, 0x80, 0x7f, 0x80, 0x81, 0x7e, 0x7a, 0x77, 0x7d, 0x8e, 0x93,
    0x84, 0x76, 0x72, 0x75, 0x7f, 0x87, 0x87, 0x7f, 0x79, 0x7b, 0x83, 0x86,
    0x84, 0x83, 0x80, 0x79, 0x78, 0x7c, 0x7f, 0x82, 0x82, 0x81, 0x80, 0x80,
    0x80, 0x7e, 0x7b, 0x78, 0x7c, 0x8a, 0x93, 0x88, 0x79, 0x73, 0x74, 0x7a,
    0x84, 0x89, 0x84, 0x7c, 0x7a, 0x7f, 0x82, 0x83, 0x83, 0x82, 0x7e, 0x7a,
    0x7a, 0x7a, 0x7d, 0x84, 0x84, 0x85, 0x84, 0x7e, 0x7c, 0x7e, 0x7d, 0x7a,
    0x79, 0x7b, 0x87, 0x92, 0x8a, 0x7d, 0x77, 0x75, 0x79, 0x82, 0x84, 0x7f,
    0x7c, 0x7d, 0x82, 0x84, 0x82, 0x81, 0x81, 0x7f, 0x7d, 0x7d, 0x7b, 0x7c,
    0x81, 0x82, 0x81, 0x7f, 0x81, 0x80, 0x7c, 0x78, 0x7d, 0x8b, 0x8f, 0x84,
    0x78, 0x73, 0x74, 0x7c, 0x87, 0x89, 0x81, 0x7c, 0x7d, 0x81, 0x84, 0x83,
    0x81, 0x7f, 0x7d, 0x7b, 0x7c, 0x7f, 0x81, 0x82, 0x80, 0x7f, 0x7f, 0x81,
    0x81, 0x7f, 0x7b, 0x76, 0x7a, 0x89, 0x91, 0x87, 0x7b, 0x77, 0x76, 0x7b,
    0x84, 0x85, 0x7f, 0x7b, 0x7d, 0x82, 0x85, 0x83, 0x81, 0x7f, 0x7d, 0x7c,
    0x7c, 0x7d, 0x81, 0x82, 0x81, 0x81, 0x80, 0x80, 0x81, 0x7f, 0x7a, 0x78,
    0x79, 0x83, 0x90, 0x8f, 0x7f, 0x76, 0x75, 0x78, 0x81, 0x87, 0x82, 0x7c,
    0x7b, 0x7f, 0x84, 0x85, 0x82, 0x7f, 0x7c, 0x7c, 0x7d, 0x7e, 0x80, 0x81,
    0x80, 0x81, 0x81, 0x80, 0x7f, 0x80, 0x7f, 0x7f, 0x81, 0x7f, 0x79, 0x75,
    0x7e, 0x8e, 0x90, 0x84, 0x7a, 0x75, 0x74, 0x7d, 0x85, 0x84, 0x7e, 0x7c,
    0x7e, 0x83, 0x84, 0x83, 0x82, 0x80, 0x7d, 0x7b, 0x7b, 0x7d, 0x80, 0x83,
    0x83, 0x81, 0x7f, 0x7e, 0x7e, 0x7e, 0x7f, 0x80, 0x7c, 0x77, 0x7d, 0x8c,
    0x8e, 0x82, 0x7b, 0x76, 0x75, 0x7d, 0x86, 0x85, 0x7e, 0x7b, 0x7e, 0x83,
    0x83, 0x82, 0x81, 0x80, 0x7d, 0x7b, 0x7b, 0x7d, 0x80, 0x83, 0x83, 0x80,
    0x7f, 0x7f, 0x7f, 0x80, 0x7f, 0x7d, 0x7d, 0x7f, 0x7d, 0x7a, 0x7e, 0x89,
    0x8e, 0x85, 0x7c, 0x78, 0x76, 0x7a, 0x83, 0x86, 0x80, 0x7b, 0x7d, 0x81,
    0x84, 0x83, 0x81, 0x7f, 0x7d, 0x7c, 0x7d, 0x7d, 0x7f, 0x82, 0x83, 0x81,
    0x7e, 0x7e, 0x7f, 0x7f, 0x7f, 0x7f, 0x7c, 0x7b, 0x83, 0x8c, 0x89, 0x7f,
    0x78, 0x77, 0x7a, 0x81, 0x85, 0x81, 0x7c, 0x7d, 0x81, 0x83, 0x84, 0x81,
    0x7f, 0x7d, 0x7d, 0x7d, 0x7d, 0x7e, 0x80, 0x82, 0x83, 0x83, 0x81, 0x7f,
    0x7e, 0x7c, 0x7b, 0x7c, 0x7e, 0x7c, 0x7d, 0x86, 0x8d, 0x87, 0x7d, 0x7a,
    0x79, 0x7a, 0x7f, 0x82, 0x7f, 0x7c, 0x7e, 0x82, 0x84, 0x83, 0x80, 0x7f,
    0x7f, 0x7d, 0x7d, 0x7d, 0x7f, 0x80, 0x81, 0x82, 0x81, 0x80, 0x7f, 0x7f,
    0x7f, 0x7e, 0x7e, 0x7e, 0x7d, 0x7b, 0x81, 0x8a, 0x89, 0x81, 0x7a, 0x78,
    0x79, 0x7f, 0x83, 0x82, 0x7e, 0x7d, 0x80, 0x83, 0x83, 0x81, 0x7f, 0x7e,
    0x7e, 0x7e, 0x7d, 0x7e, 0x80, 0x82, 0x82, 0x80, 0x80, 0x80, 0x7f, 0x7e,
    0x7c, 0x7d, 0x7f, 0x81, 0x81, 0x7f, 0x7c, 0x81, 0x89, 0x86, 0x7e, 0x7a,
    0x78, 0x79, 0x80, 0x84, 0x82, 0x7f, 0x7f, 0x81, 0x83, 0x82, 0x80, 0x7e,
    0x7d, 0x7d, 0x7d, 0x7e, 0x7f, 0x81, 0x83, 0x82, 0x80, 0x80, 0x80, 0x80,
    0x7e, 0x7d, 0x7d, 0x7e, 0x7f, 0x7f, 0x7d, 0x7d, 0x82, 0x8a, 0x89, 0x81,
    0x7b, 0x77, 0x79, 0x7f, 0x83, 0x81, 0x7e, 0x7e, 0x81, 0x83, 0x83, 0x81,
    0x7e, 0x7e, 0x7e, 0x7e, 0x7e, 0x7e, 0x7f, 0x81, 0x81, 0x80, 0x80, 0x80,
    0x81, 0x82, 0x7f, 0x7d, 0x7c, 0x7d, 0x7e, 0x80, 0x81, 0x81, 0x7e, 0x7f,
    0x86, 0x87, 0x80, 0x7b, 0x7a, 0x7a, 0x7d, 0x82, 0x82, 0x7f, 0x7e, 0x81,
    0x83, 0x83, 0x80, 0x7e, 0x7e, 0x7d, 0x7d, 0x7e, 0x7e, 0x7f, 0x81, 0x82,
    0x82, 0x81, 0x80, 0x80, 0x80, 0x7f, 0x7d, 0x7c, 0x7d, 0x7e, 0x7f, 0x81,
    0x81, 0x80, 0x81, 0x85, 0x86, 0x81, 0x7b, 0x79, 0x79, 0x7d, 0x81, 0x82,
    0x80, 0x7f, 0x81, 0x83, 0x83, 0x81, 0x7f, 0x7e, 0x7d, 0x7e, 0x7e, 0x7e,
    0x80, 0x82, 0x81, 0x81, 0x80, 0x80, 0x81, 0x80, 0x7f, 0x7e, 0x7e, 0x7d,
    0x7d, 0x7f, 0x80, 0x80, 0x81, 0x82, 0x83, 0x84, 0x81, 0x7d, 0x7b, 0x7b,
    0x7c, 0x7f, 0x80, 0x80, 0x80, 0x81, 0x82, 0x82, 0x81, 0x7f, 0x7e, 0x7e,
    0x7e, 0x7e, 0x7e, 0x7e, 0x80, 0x82, 0x81, 0x81, 0x81, 0x81, 0x80, 0x7e,
    0x7d, 0x7e, 0x7f, 0x7e, 0x7e, 0x7f, 0x80, 0x82, 0x85, 0x84, 0x81, 0x7d,
    0x7b, 0x7b, 0x7e, 0x7f, 0x80, 0x7f, 0x7f, 0x80, 0x82, 0x82, 0x81, 0x80,
    0x7e, 0x7e, 0x7d, 0x7d, 0x7e, 0x7f, 0x80, 0x81, 0x82, 0x81, 0x80, 0x7f,
    0x7f, 0x7e, 0x7e, 0x7f, 0x7f, 0x7f, 0x7e, 0x7d, 0x7e, 0x82, 0x86, 0x86,
    0x82, 0x7e, 0x7a, 0x7a, 0x7d, 0x7f, 0x7f, 0x7f, 0x80, 0x81, 0x82, 0x83,
    0x81, 0x80, 0x7e, 0x7e, 0x7d, 0x7d, 0x7e, 0x7f, 0x80, 0x81, 0x81, 0x81,
    0x81, 0x81, 0x80, 0x7e, 0x7e, 0x7f, 0x7e, 0x7c, 0x7e, 0x7f, 0x7f, 0x81,
    0x84, 0x85, 0x83, 0x80, 0x7d, 0x7b, 0x7c, 0x7e, 0x7f, 0x80, 0x7f, 0x7f,
    0x81, 0x83, 0x83, 0x81, 0x7f, 0x7e, 0x7d, 0x7d, 0x7d, 0x7e, 0x80, 0x81,
    0x81, 0x80, 0x80, 0x81, 0x80, 0x80, 0x80, 0x7f, 0x7e, 0x7d, 0x7c, 0x7d,
    0x7f, 0x81, 0x84, 0x85, 0x83, 0x81, 0x7e, 0x7c, 0x7b, 0x7d, 0x7e, 0x7f,
    0x80, 0x80, 0x80, 0x82, 0x83, 0x82, 0x80, 0x7e, 0x7e, 0x7e, 0x7e, 0x7e,
    0x7e, 0x80, 0x81, 0x81, 0x80, 0x80, 0x80, 0x7f, 0x80, 0x80, 0x7f, 0x7e,
    0x7d, 0x7c, 0x7d, 0x7f, 0x83, 0x85, 0x85, 0x82, 0x7e, 0x7c, 0x7b, 0x7d,
    0x7f, 0x7f, 0x7f, 0x7f, 0x80, 0x82, 0x83, 0x82, 0x81, 0x7f, 0x7d, 0x7d,
    0x7e, 0x7e, 0x7f, 0x7f, 0x81, 0x82, 0x81, 0x80, 0x7f, 0x7f, 0x81, 0x81,
    0x7f, 0x7d, 0x7b, 0x7a, 0x7c, 0x82, 0x86, 0x87, 0x84, 0x80, 0x7c, 0x7a,
    0x7c, 0x7f, 0x7f, 0x7e, 0x7e, 0x7f, 0x81, 0x83, 0x83, 0x82, 0x80, 0x7e,
    0x7d, 0x7d, 0x7d, 0x7e, 0x81, 0x81, 0x80, 0x80, 0x7f, 0x80, 0x82, 0x82,
    0x80, 0x7d, 0x7b, 0x7b, 0x7c, 0x7f, 0x83, 0x85, 0x84, 0x82, 0x7f, 0x7c,
    0x7c, 0x7e, 0x7f, 0x7e, 0x7e, 0x7f, 0x80, 0x81, 0x83, 0x82, 0x80, 0x7f,
    0x7e, 0x7e, 0x7e, 0x7f, 0x81, 0x80, 0x7f, 0x7f, 0x80, 0x80, 0x81, 0x7f,
    0x7e, 0x7e, 0x7f, 0x7f, 0x7f, 0x80, 0x81, 0x82, 0x81, 0x81, 0x7f, 0x7d,
    0x7d, 0x7f, 0x7e, 0x7f, 0x80, 0x80, 0x81, 0x81, 0x80, 0x80, 0x7f, 0x7f,
    0x7e, 0x7e, 0x7e, 0x7f, 0x81, 0x80, 0x7f, 0x80, 0x81, 0x7f, 0x7e, 0x7e,
    0x7e, 0x7f, 0x81, 0x81, 0x7f, 0x80, 0x82, 0x81, 0x7f, 0x7e, 0x7c, 0x7d,
    0x80, 0x82, 0x80, 0x80, 0x80, 0x81, 0x82, 0x81, 0x7e, 0x7c, 0x7c, 0x7d,
    0x7f, 0x7f, 0x7f, 0x80, 0x81, 0x83, 0x85, 0x85, 0x7f, 0x7a, 0x7a, 0x7b,
    0x7d, 0x80, 0x81, 0x80, 0x80, 0x82, 0x83, 0x81, 0x7f, 0x7e, 0x7e, 0x7e,
    0x80, 0x80, 0x7e, 0x7d, 0x7e, 0x80, 0x81, 0x7e, 0x7c, 0x7f, 0x87, 0x8a,
    0x84, 0x7c, 0x77, 0x76, 0x7c, 0x83, 0x84, 0x7f, 0x7e, 0x80, 0x82, 0x83,
    0x82, 0x80, 0x7e, 0x7d, 0x7d, 0x7c, 0x7d, 0x81, 0x83, 0x82, 0x80, 0x80,
    0x7f, 0x7f, 0x7f, 0x7c, 0x7c, 0x7f, 0x84, 0x87, 0x82, 0x7c, 0x7b, 0x7d,
    0x7f, 0x82, 0x82, 0x7e, 0x7d, 0x80, 0x82, 0x81, 0x81, 0x7f, 0x7e, 0x7d,
    0x7e, 0x80, 0x7f, 0x81, 0x83, 0x7f, 0x7c, 0x7e, 0x7f, 0x7f, 0x81, 0x80,
    0x7e, 0x82, 0x84, 0x7f, 0x7d, 0x7d, 0x7c, 0x7f, 0x83, 0x81, 0x7f, 0x7f,
    0x81, 0x82, 0x82, 0x80, 0x7c, 0x7b, 0x7c, 0x7d, 0x7f, 0x82, 0x83, 0x81,
    0x7f, 0x80, 0x84, 0x85, 0x82, 0x7b, 0x78, 0x79, 0x7d, 0x82, 0x84, 0x82,
    0x7f, 0x81, 0x82, 0x81, 0x80, 0x7f, 0x7d, 0x7d, 0x7e, 0x7c, 0x7d, 0x80,
    0x82, 0x82, 0x81, 0x7d, 0x7a, 0x7e, 0x8a, 0x8d, 0x82, 0x79, 0x76, 0x75,
    0x7c, 0x85, 0x86, 0x80, 0x7e, 0x80, 0x82, 0x83, 0x82, 0x7f, 0x7d, 0x7d,
    0x7b, 0x7b, 0x7f, 0x83, 0x83, 0x83, 0x81, 0x7e, 0x7d, 0x7f, 0x7e, 0x7b,
    0x7c, 0x82, 0x89, 0x87, 0x7f, 0x7a, 0x79, 0x7b, 0x81, 0x84, 0x81, 0x7d,
    0x7d, 0x81, 0x82, 0x82, 0x81, 0x7f, 0x7d, 0x7c, 0x7e, 0x7e, 0x80, 0x85,
    0x83, 0x7d, 0x7c, 0x7e, 0x7e, 0x7e, 0x7f, 0x7f, 0x84, 0x88, 0x82, 0x7c,
    0x7a, 0x7a, 0x7d, 0x83, 0x83, 0x7f, 0x7d, 0x7f, 0x83, 0x84, 0x82, 0x80,
    0x7d, 0x7a, 0x7a, 0x7d, 0x7f, 0x83, 0x86, 0x82, 0x7b, 0x7a, 0x7e, 0x85,
    0x8a, 0x85, 0x7b, 0x76, 0x78, 0x7c, 0x83, 0x85, 0x83, 0x80, 0x7f, 0x80,
    0x81, 0x81, 0x81, 0x7f, 0x7d, 0x7d, 0x7b, 0x7c, 0x80, 0x82, 0x82, 0x82,
    0x81, 0x7e, 0x7c, 0x7b, 0x80, 0x89, 0x89, 0x7f, 0x78, 0x77, 0x79, 0x80,
    0x87, 0x86, 0x80, 0x7d, 0x7f, 0x81, 0x82, 0x82, 0x7f, 0x7c, 0x7a, 0x7c,
    0x7e, 0x7e, 0x84, 0x87, 0x81, 0x7d, 0x7d, 0x7d, 0x7c, 0x7d, 0x7f, 0x84,
    0x89, 0x83, 0x7c, 0x7b, 0x7a, 0x7d, 0x83, 0x84, 0x80, 0x7d, 0x7e, 0x81,
    0x83, 0x81, 0x80, 0x7f, 0x7c, 0x7a, 0x7b, 0x7e, 0x83, 0x85, 0x83, 0x7e,
    0x79, 0x78, 0x7d, 0x89, 0x8e, 0x86, 0x7a, 0x75, 0x75, 0x7b, 0x84, 0x88,
    0x83, 0x7e, 0x7e, 0x80, 0x81, 0x83, 0x83, 0x7f, 0x7b, 0x7a, 0x79, 0x7e,
    0x82, 0x83, 0x84, 0x83, 0x7f, 0x7d, 0x7c, 0x78, 0x7a, 0x86, 0x8e, 0x86,
    0x7c, 0x78, 0x76, 0x7a, 0x84, 0x88, 0x82, 0x7d, 0x7d, 0x80, 0x81, 0x83,
    0x83, 0x80, 0x7c, 0x7a, 0x78, 0x7b, 0x83, 0x86, 0x86, 0x83, 0x7e, 0x79,
    0x7a, 0x7a, 0x78, 0x7d, 0x8c, 0x90, 0x85, 0x7c, 0x78, 0x75, 0x7b, 0x85,
    0x86, 0x7e, 0x7b, 0x7d, 0x82, 0x84, 0x85, 0x84, 0x7f, 0x7b, 0x79, 0x78,
    0x7c, 0x84, 0x86, 0x83, 0x81, 0x7e, 0x7d, 0x7e, 0x7e, 0x79, 0x79, 0x83,
    0x8c, 0x89, 0x82, 0x7b, 0x78, 0x79, 0x80, 0x83, 0x81, 0x7e, 0x7e, 0x80,
    0x82, 0x83, 0x83, 0x81, 0x7e, 0x7a, 0x78, 0x7a, 0x80, 0x84, 0x84, 0x83,
    0x80, 0x7c, 0x7a, 0x76, 0x79, 0x8a, 0x93, 0x89, 0x7d, 0x76, 0x71, 0x77,
    0x84, 0x88, 0x83, 0x7e, 0x7e, 0x80, 0x81, 0x84, 0x85, 0x81, 0x7b, 0x77,
    0x74, 0x7b, 0x85, 0x8a, 0x87, 0x83, 0x7d, 0x77, 0x79, 0x7b, 0x78, 0x7e,
    0x8d, 0x91, 0x86, 0x7c, 0x77, 0x75, 0x7a, 0x83, 0x85, 0x80, 0x7c, 0x7f,
    0x82, 0x84, 0x86, 0x84, 0x7f, 0x7a, 0x75, 0x76, 0x7f, 0x84, 0x83, 0x86,
    0x88, 0x82, 0x7c, 0x77, 0x71, 0x72, 0x84, 0x95, 0x91, 0x83, 0x78, 0x72,
    0x75, 0x80, 0x87, 0x84, 0x7f, 0x7c, 0x7e, 0x80, 0x84, 0x87, 0x84, 0x7d,
    0x76, 0x73, 0x7a, 0x84, 0x89, 0x88, 0x81, 0x7b, 0x79, 0x7b, 0x7a, 0x78,
    0x80, 0x8e, 0x91, 0x87, 0x7d, 0x75, 0x73, 0x7a, 0x83, 0x84, 0x80, 0x7e,
    0x81, 0x83, 0x84, 0x85, 0x84, 0x7e, 0x77, 0x73, 0x74, 0x7e, 0x88, 0x8c,
    0x88, 0x80, 0x79, 0x79, 0x7c, 0x7a, 0x79, 0x80, 0x8a, 0x8d, 0x87, 0x7f,
    0x79, 0x76, 0x7a, 0x81, 0x82, 0x80, 0x80, 0x82, 0x83, 0x84, 0x84, 0x7f,
    0x79, 0x76, 0x76, 0x7c, 0x84, 0x88, 0x86, 0x83, 0x7f, 0x7c, 0x7c, 0x78,
    0x75, 0x7c, 0x8a, 0x90, 0x8a, 0x81, 0x79, 0x74, 0x78, 0x81, 0x84, 0x81,
    0x81, 0x81, 0x81, 0x83, 0x84, 0x80, 0x7b, 0x77, 0x77, 0x7d, 0x84, 0x86,
    0x84, 0x80, 0x7e, 0x7d, 0x7e, 0x7b, 0x76, 0x7e, 0x8e, 0x90, 0x86, 0x7e,
    0x76, 0x71, 0x7a, 0x84, 0x85, 0x82, 0x82, 0x82, 0x82, 0x84, 0x83, 0x7d,
    0x79, 0x76, 0x76, 0x7c, 0x84, 0x87, 0x89, 0x85, 0x7d, 0x79, 0x78, 0x76,
    0x78, 0x84, 0x91, 0x90, 0x83, 0x7b, 0x74, 0x73, 0x7d, 0x86, 0x85, 0x81,
    0x81, 0x80, 0x81, 0x85, 0x84, 0x7d, 0x78, 0x73, 0x73, 0x7d, 0x88, 0x8c,
    0x89, 0x82, 0x7c, 0x7b, 0x7b, 0x7a, 0x77, 0x79, 0x86, 0x91, 0x8d, 0x84,
    0x7d, 0x74, 0x75, 0x7e, 0x83, 0x81, 0x82, 0x82, 0x81, 0x83, 0x83, 0x7f,
    0x7c, 0x79, 0x78, 0x7c, 0x7f, 0x84, 0x85, 0x83, 0x7f, 0x7d, 0x7c, 0x77,
    0x77, 0x84, 0x91, 0x8e, 0x83, 0x7d, 0x72, 0x6f, 0x7c, 0x87, 0x87, 0x85,
    0x83, 0x7f, 0x7f, 0x83, 0x80, 0x7a, 0x77, 0x75, 0x7b, 0x83, 0x85, 0x87,
    0x85, 0x7c, 0x78, 0x77, 0x73, 0x75, 0x8d, 0x9d, 0x91, 0x84, 0x79, 0x6a,
    0x6c, 0x7d, 0x88, 0x87, 0x85, 0x85, 0x81, 0x80, 0x84, 0x81, 0x77, 0x75,
    0x79, 0x75, 0x7d, 0x91, 0x8e, 0x82, 0x80, 0x79, 0x74, 0x7b, 0x7f, 0x7a,
    0x78, 0x7e, 0x8c, 0x95, 0x8c, 0x84, 0x7b, 0x6f, 0x73, 0x7d, 0x83, 0x84,
    0x85, 0x84, 0x81, 0x80, 0x7e, 0x7d, 0x7a, 0x7b, 0x7d, 0x7f, 0x82, 0x80,
    0x7b, 0x77, 0x73, 0x75, 0x90, 0xa4, 0x92, 0x87, 0x79, 0x62, 0x63, 0x77,
    0x86, 0x89, 0x8c, 0x8b, 0x82, 0x80, 0x85, 0x84, 0x7b, 0x76, 0x72, 0x74,
    0x7b, 0x83, 0x88, 0x88, 0x84, 0x81, 0x85, 0x7e, 0x77, 0x77, 0x73, 0x75,
    0x84, 0x95, 0x92, 0x88, 0x82, 0x74, 0x70, 0x79, 0x84, 0x86, 0x83, 0x84,
    0x81, 0x7f, 0x80, 0x7f, 0x7b, 0x7a, 0x7a, 0x7c, 0x80, 0x80, 0x81, 0x7c,
    0x77, 0x6e, 0x7e, 0xa4, 0x9c, 0x8d, 0x87, 0x69, 0x5a, 0x6b, 0x81, 0x87,
    0x8c, 0x92, 0x87, 0x7f, 0x81, 0x83, 0x80, 0x7d, 0x78, 0x71, 0x70, 0x7b,
    0x89, 0x8b, 0x86, 0x83, 0x81, 0x7f, 0x7c, 0x79, 0x74, 0x71, 0x7d, 0x93,
    0x95, 0x8a, 0x85, 0x78, 0x6e, 0x76, 0x82, 0x85, 0x85, 0x86, 0x83, 0x80,
    0x80, 0x7f, 0x7d, 0x7b, 0x78, 0x79, 0x7e, 0x81, 0x82, 0x7d, 0x76, 0x6c,
    0x72, 0xa3, 0xa7, 0x91, 0x8e, 0x70, 0x56, 0x61, 0x7a, 0x85, 0x89, 0x95,
    0x8d, 0x82, 0x82, 0x84, 0x80, 0x7d, 0x78, 0x71, 0x6f, 0x77, 0x86, 0x88,
    0x87, 0x87, 0x85, 0x82, 0x7f, 0x7b, 0x76, 0x76, 0x76, 0x76, 0x80, 0x91,
    0x95, 0x8e, 0x88, 0x79, 0x6f, 0x74, 0x7f, 0x81, 0x85, 0x8b, 0x86, 0x7e,
    0x7b, 0x77, 0x78, 0x7f, 0x80, 0x7c, 0x78, 0x74, 0x75, 0x68, 0x84, 0xb8,
    0xa0, 0x96, 0x89, 0x60, 0x4b, 0x64, 0x84, 0x81, 0x91, 0x97, 0x85, 0x86,
    0x89, 0x82, 0x7f, 0x7d, 0x72, 0x6e, 0x70, 0x79, 0x86, 0x8d, 0x8b, 0x85,
    0x81, 0x7c, 0x7c, 0x7b, 0x79, 0x73, 0x70, 0x7f, 0x93, 0x95, 0x91, 0x8b,
    0x78, 0x6c, 0x72, 0x7c, 0x7f, 0x84, 0x8e, 0x8d, 0x84, 0x7c, 0x75, 0x72,
    0x79, 0x7d, 0x81, 0x7f, 0x7c, 0x78, 0x77, 0x6c, 0x7b, 0xae, 0xa5, 0x93,
    0x8b, 0x66, 0x4f, 0x61, 0x81, 0x83, 0x8d, 0x97, 0x8a, 0x85, 0x8b, 0x86,
    0x7e, 0x7b, 0x72, 0x6b, 0x6e, 0x75, 0x7e, 0x8b, 0x8e, 0x8b, 0x83, 0x75,
    0x5e, 0x78, 0xa9, 0x97, 0x95, 0x8a, 0x60, 0x51, 0x70, 0x88, 0x85, 0x96,
    0x96, 0x85, 0x89, 0x84, 0x76, 0x76, 0x75, 0x6f, 0x76, 0x79, 0x7e, 0x8a,
    0x88, 0x89, 0x86, 0x80, 0x76, 0x6d, 0x6d, 0x89, 0x9c, 0x92, 0x8c, 0x7d,
    0x65, 0x68, 0x7e, 0x87, 0x8b, 0x8e, 0x8b, 0x88, 0x80, 0x78, 0x71, 0x72,
    0x76, 0x79, 0x7e, 0x84, 0x8b, 0x8b, 0x81, 0x71, 0x5b, 0x7e, 0xa6, 0x97,
    0x9a, 0x89, 0x62, 0x54, 0x71, 0x80, 0x7e, 0x96, 0x95, 0x8b, 0x92, 0x85,
    0x75, 0x74, 0x72, 0x6f, 0x75, 0x76, 0x7c, 0x83, 0x83, 0x7f, 0x72, 0x68,
    0xac, 0xab, 0x98, 0x9a, 0x6f, 0x48, 0x4f, 0x77, 0x75, 0x88, 0xa1, 0x97,
    0x96, 0x96, 0x81, 0x70, 0x72, 0x6e, 0x6b, 0x75, 0x79, 0x83, 0x8d, 0x8f,
    0x89, 0x85, 0x7d, 0x74, 0x6e, 0x6b, 0x7b, 0x96, 0x9a, 0x93, 0x88, 0x71,
    0x65, 0x73, 0x7f, 0x81, 0x93, 0x98, 0x84, 0x79, 0x6e, 0x65, 0x76, 0x8f,
    0x90, 0x8a, 0x83, 0x75, 0x75, 0x7a, 0x77, 0x6b, 0x6a, 0x91, 0xa6, 0x9c,
    0x99, 0x86, 0x65, 0x5c, 0x70, 0x75, 0x7e, 0x8f, 0x96, 0x97, 0x8c, 0x80,
    0x76, 0x74, 0x76, 0x78, 0x74, 0x6d, 0x72, 0x75, 0x73, 0x64, 0xb1, 0xc4,
    0xa4, 0xa7, 0x79, 0x45, 0x38, 0x70, 0x6f, 0x7d, 0x9d, 0x98, 0x8f, 0x98,
    0x96, 0x81, 0x7f, 0x75, 0x66, 0x68, 0x6f, 0x76, 0x82, 0x86, 0x86, 0x8b,
    0x8d, 0x8b, 0x84, 0x7a, 0x70, 0x70, 0x73, 0x7a, 0x8f, 0x94, 0x8c, 0x87,
    0x7a, 0x6e, 0x76, 0x85, 0x8c, 0x8c, 0x7e, 0x6f, 0x71, 0x7d, 0x83, 0x8b,
    0x8d, 0x82, 0x7c, 0x7b, 0x79, 0x77, 0x72, 0x66, 0x76, 0x9f, 0xa2, 0x99,
    0x96, 0x79, 0x5d, 0x63, 0x76, 0x76, 0x8b, 0xa0, 0x92, 0x89, 0x7d, 0x6f,
    0x77, 0x7f, 0x7b, 0x77, 0x6d, 0x67, 0x6d, 0x5e, 0x7b, 0xd3, 0xba, 0xb4,
    0x99, 0x63, 0x27, 0x4d, 0x71, 0x70, 0x91, 0xa0, 0x92, 0x8e, 0xa0, 0x8d,
    0x81, 0x81, 0x6b, 0x5f, 0x67, 0x70, 0x80, 0x8c, 0x89, 0x86, 0x87, 0x83,
    0x7e, 0x76, 0x5d, 0x77, 0xa8, 0x98, 0x9a, 0x91, 0x64, 0x54, 0x6c, 0x76,
    0x7b, 0x99, 0x9b, 0x88, 0x84, 0x7a, 0x72, 0x7e, 0x88, 0x84, 0x84, 0x7a,
    0x6f, 0x74, 0x7d, 0x81, 0x8b, 0x8c, 0x84, 0x7f, 0x7c, 0x79, 0x7c, 0x78,
    0x78, 0x87, 0x8f, 0x92, 0x8c, 0x7c, 0x72, 0x73, 0x7e, 0x7e, 0x7a, 0x71,
    0x66, 0x5f, 0x65, 0xa0, 0xbd, 0xbe, 0xaf, 0x92, 0x5a, 0x3b, 0x4c, 0x5d,
    0x72, 0x8c, 0xa7, 0xa4, 0x9d, 0x9d, 0x88, 0x7b, 0x77, 0x6b, 0x60, 0x5d,
    0x63, 0x6e, 0x7e, 0x90, 0xa0, 0xa2, 0x98, 0x84, 0x6c, 0x59, 0x6d, 0x84,
    0x92, 0x91, 0x8e, 0x80, 0x71, 0x72, 0x7a, 0x7c, 0x83, 0x95, 0x9b, 0x8b,
    0x7e, 0x71, 0x6e, 0x75, 0x7c, 0x7c, 0x79, 0x76, 0x7d, 0x78, 0x78, 0x61,
    0x98, 0xa2, 0xa1, 0xb1, 0x90, 0x64, 0x55, 0x5d, 0x4f, 0x6e, 0x8c, 0x97,
    0xab, 0xaa, 0x8b, 0x7a, 0x77, 0x70, 0x77, 0x7d, 0x77, 0x76, 0x79, 0x75,
    0x7d, 0x88, 0x8a, 0x8d, 0x8c, 0x7e, 0x78, 0x76, 0x6d, 0x6b, 0x7b, 0x8c,
    0x98, 0x97, 0x94, 0x81, 0x75, 0x74, 0x71, 0x6c, 0x71, 0x82, 0x8b, 0x8f,
    0x8f, 0x85, 0x7d, 0x7a, 0x71, 0x60, 0x56, 0x86, 0xac, 0xa8, 0xa8, 0x94,
    0x67, 0x4e, 0x64, 0x6d, 0x7a, 0xa0, 0xa9, 0x98, 0x7f, 0x69, 0x67, 0x74,
    0x85, 0x83, 0x7f, 0x71, 0x6e, 0x74, 0x64, 0x5e, 0xb4, 0xc4, 0xb6, 0x9e,
    0x82, 0x43, 0x39, 0x67, 0x70, 0x83, 0x97, 0xa2, 0x9c, 0x99, 0x85, 0x78,
    0x73, 0x6f, 0x71, 0x6c, 0x6f, 0x76, 0x83, 0x85, 0x85, 0x7e, 0x6c, 0x8e,
    0x9f, 0xa6, 0x93, 0x87, 0x6a, 0x53, 0x5d, 0x6e, 0x7e, 0x87, 0x9e, 0xa7,
    0xa5, 0x90, 0x77, 0x6a, 0x67, 0x6e, 0x72, 0x70, 0x6e, 0x76, 0x80, 0x89,
    0x7e, 0x78, 0xb1, 0x9e, 0x9c, 0xa2, 0x75, 0x4e, 0x52, 0x60, 0x55, 0x81,
    0x9a, 0x9f, 0xaf, 0xa5, 0x85, 0x74, 0x73, 0x6d, 0x75, 0x7a, 0x73, 0x76,
    0x7d, 0x7c, 0x83, 0x8b, 0x89, 0x8b, 0x8a, 0x7f, 0x77, 0x71, 0x63, 0x68,
    0x87, 0x98, 0x9a, 0xa0, 0x93, 0x77, 0x73, 0x74, 0x6f, 0x70, 0x78, 0x74,
    0x79, 0x86, 0x8d, 0x93, 0x8b, 0x76, 0x55, 0x71, 0xa0, 0x9a, 0xa2, 0x9c,
    0x71, 0x4b, 0x5d, 0x6a, 0x73, 0x9b, 0xb3, 0xab, 0x95, 0x73, 0x5f, 0x64,
    0x75, 0x7c, 0x77, 0x6d, 0x6e, 0x7b, 0x83, 0x77, 0x78, 0xc0, 0xb1, 0xa3,
    0x92, 0x73, 0x3c, 0x44, 0x6a, 0x67, 0x84, 0xa1, 0xac, 0xa6, 0xab, 0x8f,
    0x75, 0x6c, 0x61, 0x5f, 0x61, 0x69, 0x73, 0x84, 0x88, 0x8a, 0x79, 0x75,
    0xc1, 0xa4, 0x9f, 0x9a, 0x6b, 0x3a, 0x44, 0x61, 0x61, 0x91, 0xac, 0xaf,
    0xae, 0xa3, 0x81, 0x68, 0x62, 0x65, 0x6c, 0x70, 0x79, 0x81, 0x84, 0x8c,
    0x90, 0x8f, 0x89, 0x83, 0x7a, 0x6e, 0x65, 0x5f, 0x82, 0x9a, 0x99, 0x9e,
    0x93, 0x71, 0x63, 0x72, 0x7d, 0x88, 0x8d, 0x82, 0x73, 0x74, 0x78, 0x82,
    0x8b, 0x8e, 0x86, 0x7c, 0x6f, 0x66, 0x5b, 0x7e, 0xb1, 0xa4, 0x9d, 0x94,
    0x6a, 0x4e, 0x65, 0x79, 0x7a, 0x90, 0xa1, 0x98, 0x8c, 0x7b, 0x6e, 0x70,
    0x79, 0x7d, 0x76, 0x6f, 0x73, 0x75, 0x6c, 0x5f, 0xb5, 0xc9, 0xa3, 0xae,
    0x7e, 0x3f, 0x34, 0x6c, 0x6d, 0x7d, 0xa6, 0x98, 0x90, 0xa0, 0x91, 0x7f,
    0x7f, 0x6d, 0x65, 0x69, 0x6c, 0x76, 0x87, 0x85, 0x85, 0x83, 0x75, 0x5f,
    0x9d, 0xba, 0x91, 0x9d, 0x7e, 0x47, 0x47, 0x72, 0x7d, 0x85, 0xa1, 0x97,
    0x8f, 0x95, 0x7e, 0x71, 0x78, 0x76, 0x7a, 0x82, 0x76, 0x72, 0x7b, 0x7f,
    0x84, 0x87, 0x7f, 0x73, 0x69, 0x8b, 0xaf, 0x99, 0x90, 0x82, 0x5b, 0x50,
    0x6e, 0x82, 0x83, 0x98, 0xa1, 0x90, 0x86, 0x77, 0x6c, 0x70, 0x7a, 0x81,
    0x82, 0x7a, 0x77, 0x7a, 0x75, 0x6c, 0x70, 0xb0, 0xb4, 0x98, 0x93, 0x6c,
    0x4a, 0x55, 0x7e, 0x7d, 0x87, 0x9b, 0x87, 0x8f, 0x97, 0x85, 0x81, 0x78,
    0x6c, 0x68, 0x6a, 0x69, 0x78, 0x86, 0x85, 0x76, 0x7d, 0xbf, 0xa9, 0x93,
    0x91, 0x64, 0x3f, 0x52, 0x7d, 0x74, 0x8c, 0xa4, 0x8d, 0x8c, 0x98, 0x8b,
    0x83, 0x7c, 0x66, 0x63, 0x69, 0x73, 0x85, 0x8d, 0x89, 0x84, 0x80, 0x74,
    0x64, 0x88, 0xb2, 0x99, 0x90, 0x84, 0x5a, 0x4b, 0x6f, 0x89, 0x86, 0x93,
    0x96, 0x85, 0x8a, 0x8a, 0x7b, 0x79, 0x71, 0x70, 0x76, 0x7c, 0x7e, 0x85,
    0x85, 0x82, 0x7f, 0x76, 0x65, 0x7f, 0xae, 0x9b, 0x8b, 0x84, 0x66, 0x54,
    0x6b, 0x8a, 0x87, 0x8c, 0x93, 0x85, 0x8b, 0x8a, 0x7b, 0x77, 0x71, 0x6e,
    0x72, 0x7c, 0x7f, 0x87, 0x85, 0x7a, 0x65, 0x79, 0xb7, 0xa2, 0x92, 0x8a,
    0x65, 0x46, 0x5e, 0x86, 0x7c, 0x8e, 0x9f, 0x89, 0x86, 0x92, 0x89, 0x84,
    0x7c, 0x6a, 0x63, 0x66, 0x71, 0x7f, 0x8e, 0x88, 0x7c, 0x6b, 0x7e, 0xba,
    0xa3, 0x94, 0x8b, 0x5c, 0x41, 0x5b, 0x7e, 0x80, 0x94, 0x9e, 0x8a, 0x89,
    0x8e, 0x85, 0x82, 0x7b, 0x6e, 0x65, 0x69, 0x78, 0x89, 0x93, 0x90, 0x87,
    0x7f, 0x75, 0x73, 0x69, 0x67, 0x9e, 0xad, 0x90, 0x8a, 0x78, 0x5d, 0x61,
    0x80, 0x8a, 0x84, 0x8c, 0x8a, 0x86, 0x8a, 0x7e, 0x74, 0x76, 0x78, 0x78,
    0x7e, 0x7e, 0x7f, 0x81, 0x7b, 0x70, 0x67, 0x9c, 0xb5, 0x96, 0x8d, 0x77,
    0x58, 0x51, 0x77, 0x8a, 0x82, 0x93, 0x93, 0x85, 0x8a, 0x8c, 0x81, 0x7f,
    0x75, 0x6b, 0x6a, 0x6e, 0x79, 0x87, 0x84, 0x7b, 0x68, 0x7e, 0xbd, 0xad,
    0x97, 0x89, 0x60, 0x41, 0x55, 0x7d, 0x7e, 0x92, 0x9f, 0x8c, 0x88, 0x8d,
    0x88, 0x85, 0x81, 0x6e, 0x63, 0x67, 0x72, 0x86, 0x8f, 0x90, 0x89, 0x84,
    0x7c, 0x77, 0x6f, 0x65, 0x7a, 0xad, 0xa1, 0x88, 0x80, 0x6a, 0x5d, 0x6f,
    0x89, 0x8a, 0x89, 0x8b, 0x86, 0x85, 0x87, 0x7b, 0x76, 0x74, 0x75, 0x79,
    0x79, 0x7f, 0x86, 0x89, 0x87, 0x7d, 0x6a, 0x73, 0x9f, 0x9b, 0x88, 0x85,
    0x72, 0x5d, 0x67, 0x85, 0x89, 0x87, 0x93, 0x8a, 0x81, 0x88, 0x84, 0x7f,
    0x7a, 0x71, 0x6e, 0x6e, 0x72, 0x79, 0x7d, 0x6a, 0x75, 0xc6, 0xb8, 0x9a,
    0x93, 0x65, 0x3e, 0x4e, 0x7b, 0x75, 0x83, 0x9f, 0x91, 0x86, 0x91, 0x8e,
    0x8a, 0x8d, 0x77, 0x61, 0x60, 0x68, 0x7f, 0x92, 0x8d, 0x82, 0x83, 0x7f,
    0x82, 0x81, 0x76, 0x68, 0x74, 0xa3, 0x9e, 0x87, 0x82, 0x72, 0x61, 0x69,
    0x82, 0x8a, 0x86, 0x8c, 0x8c, 0x82, 0x85, 0x85, 0x7e, 0x78, 0x75, 0x73,
    0x72, 0x7a, 0x7f, 0x86, 0x8c, 0x87, 0x81, 0x76, 0x67, 0x80, 0xa5, 0x99,
    0x88, 0x7a, 0x64, 0x5a, 0x6f, 0x8c, 0x8e, 0x8c, 0x92, 0x88, 0x81, 0x85,
    0x81, 0x7c, 0x77, 0x6c, 0x69, 0x6e, 0x7c, 0x8b, 0x8c, 0x79, 0x68, 0xa1,
    0xb4, 0x91, 0x8d, 0x75, 0x51, 0x49, 0x74, 0x85, 0x82, 0x99, 0x99, 0x86,
    0x88, 0x8d, 0x89, 0x88, 0x7c, 0x64, 0x5b, 0x63, 0x7b, 0x91, 0x96, 0x8b,
    0x7f, 0x7b, 0x73, 0x69, 0x86, 0xb3, 0x9e, 0x83, 0x73, 0x57, 0x4e, 0x70,
    0x94, 0x95, 0x91, 0x91, 0x83, 0x7d, 0x85, 0x88, 0x83, 0x7b, 0x6b, 0x63,
    0x68, 0x7a, 0x95, 0xa0, 0x90, 0x7f, 0x7a, 0x72, 0x77, 0x7c, 0x74, 0x71,
    0x90, 0x9e, 0x89, 0x7f, 0x7a, 0x71, 0x6f, 0x7f, 0x8d, 0x86, 0x84, 0x88,
    0x7f, 0x7f, 0x7c, 0x77, 0x77, 0x79, 0x7a, 0x82, 0x87, 0x88, 0x80, 0x72,
    0x60, 0x7b, 0xac, 0xa1, 0x8f, 0x80, 0x68, 0x56, 0x66, 0x86, 0x89, 0x8a,
    0x94, 0x8a, 0x82, 0x85, 0x88, 0x85, 0x7c, 0x71, 0x66, 0x69, 0x76, 0x87,
    0x8f, 0x87, 0x7b, 0x6d, 0x6e, 0xa4, 0xb2, 0x94, 0x84, 0x69, 0x4d, 0x50,
    0x78, 0x91, 0x91, 0x95, 0x8f, 0x83, 0x82, 0x88, 0x87, 0x81, 0x79, 0x6b,
    0x67, 0x6d, 0x7c, 0x8d, 0x94, 0x8f, 0x87, 0x7d, 0x79, 0x77, 0x74, 0x75,
    0x74, 0x87, 0x9a, 0x8e, 0x81, 0x7b, 0x73, 0x71, 0x7e, 0x8a, 0x89, 0x82,
    0x82, 0x7f, 0x7c, 0x81, 0x7e, 0x78, 0x7a, 0x81, 0x80, 0x81, 0x82, 0x80,
    0x80, 0x7f, 0x76, 0x6d, 0x7d, 0x9f, 0x98, 0x84, 0x7d, 0x71, 0x66, 0x6f,
    0x88, 0x8f, 0x87, 0x87, 0x86, 0x80, 0x84, 0x84, 0x7d, 0x7b, 0x72, 0x6f,
    0x76, 0x7d, 0x7e, 0x7d, 0x6c, 0x7b, 0xb6, 0xac, 0x8e, 0x7f, 0x65, 0x51,
    0x5f, 0x80, 0x87, 0x85, 0x8d, 0x8f, 0x85, 0x85, 0x8c, 0x89, 0x83, 0x7b,
    0x6f, 0x68, 0x6e, 0x7b, 0x87, 0x8c, 0x87, 0x89, 0x88, 0x84, 0x7c, 0x77,
    0x73, 0x70, 0x73, 0x86, 0x9c, 0x91, 0x83, 0x7a, 0x72, 0x72, 0x7e, 0x89,
    0x87, 0x7f, 0x7c, 0x7e, 0x7f, 0x84, 0x87, 0x83, 0x7d, 0x79, 0x75, 0x79,
    0x81, 0x86, 0x86, 0x80, 0x7a, 0x78, 0x79, 0x79, 0x7e, 0x98, 0x9c, 0x84,
    0x75, 0x6d, 0x6c, 0x75, 0x86, 0x8f, 0x88, 0x82, 0x80, 0x80, 0x84, 0x87,
    0x7f, 0x77, 0x73, 0x72, 0x78, 0x80, 0x84, 0x82, 0x7a, 0x75, 0x8c, 0xa6,
    0x96, 0x7d, 0x6e, 0x66, 0x66, 0x76, 0x89, 0x8b, 0x86, 0x85, 0x85, 0x82,
    0x86, 0x8c, 0x84, 0x7d, 0x77, 0x6e, 0x6f, 0x77, 0x7f, 0x88, 0x8c, 0x84,
    0x7f, 0x80, 0x7e, 0x7c, 0x7e, 0x81, 0x8f, 0x88, 0x76, 0x73, 0x75, 0x78,
    0x80, 0x88, 0x8a, 0x86, 0x80, 0x83, 0x84, 0x80, 0x81, 0x7c, 0x74, 0x77,
    0x78, 0x7a, 0x81, 0x86, 0x86, 0x82, 0x79, 0x73, 0x7e, 0x9a, 0x9e, 0x84,
    0x73, 0x69, 0x65, 0x70, 0x85, 0x91, 0x8d, 0x86, 0x83, 0x82, 0x83, 0x82,
    0x80, 0x7c, 0x77, 0x73, 0x73, 0x7a, 0x84, 0x8b, 0x87, 0x83, 0x7d, 0x77,
    0x79, 0x84, 0x97, 0x91, 0x7a, 0x6e, 0x6b, 0x6f, 0x7d, 0x8c, 0x8f, 0x88,
    0x82, 0x81, 0x80, 0x81, 0x83, 0x80, 0x7b, 0x78, 0x75, 0x79, 0x7e, 0x82,
    0x84, 0x85, 0x81, 0x7e, 0x81, 0x7e, 0x7d, 0x7d, 0x85, 0x8e, 0x82, 0x75,
    0x74, 0x77, 0x7d, 0x86, 0x89, 0x87, 0x82, 0x7f, 0x81, 0x7f, 0x7e, 0x7c,
    0x76, 0x75, 0x81, 0x84, 0x86, 0x84, 0x79, 0x6c, 0x7d, 0x9b, 0x96, 0x87,
    0x7b, 0x6f, 0x69, 0x6f, 0x80, 0x8a, 0x88, 0x88, 0x8a, 0x82, 0x7a, 0x7e,
    0x84, 0x84, 0x81, 0x7c, 0x78, 0x77, 0x79, 0x7f, 0x81, 0x82, 0x83, 0x84,
    0x81, 0x7a, 0x79, 0x7f, 0x83, 0x83, 0x8d, 0x87, 0x7a, 0x75, 0x74, 0x77,
    0x7c, 0x87, 0x8b, 0x89, 0x85, 0x82, 0x7e, 0x7b, 0x7c, 0x7d, 0x7b, 0x78,
    0x7a, 0x83, 0x87, 0x86, 0x7e, 0x6d, 0x69, 0x8f, 0xa2, 0x92, 0x85, 0x77,
    0x69, 0x66, 0x76, 0x85, 0x89, 0x87, 0x8a, 0x86, 0x7c, 0x7b, 0x82, 0x84,
    0x85, 0x83, 0x78, 0x74, 0x7a, 0x7e, 0x82, 0x82, 0x80, 0x82, 0x7f, 0x7d,
    0x83, 0x84, 0x7d, 0x7d, 0x7b, 0x81, 0x8c, 0x83, 0x7a, 0x7a, 0x76, 0x7b,
    0x84, 0x87, 0x86, 0x84, 0x80, 0x81, 0x82, 0x80, 0x7d, 0x79, 0x78, 0x79,
    0x7b, 0x80, 0x82, 0x7f, 0x79, 0x79, 0x8e, 0x9d, 0x91, 0x7b, 0x6c, 0x68,
    0x70, 0x7d, 0x87, 0x8a, 0x85, 0x83, 0x84, 0x83, 0x82, 0x83, 0x81, 0x7c,
    0x79, 0x78, 0x78, 0x7d, 0x7f, 0x85, 0x8a, 0x82, 0x82, 0x80, 0x79, 0x75,
    0x74, 0x73, 0x8a, 0x9b, 0x8b, 0x7f, 0x7a, 0x73, 0x74, 0x7d, 0x87, 0x84,
    0x7d, 0x7d, 0x82, 0x82, 0x85, 0x87, 0x83, 0x7d, 0x7a, 0x78, 0x77, 0x7b,
    0x81, 0x84, 0x83, 0x80, 0x7c, 0x7b, 0x7d, 0x80, 0x88, 0x94, 0x8a, 0x75,
    0x70, 0x72, 0x78, 0x83, 0x88, 0x85, 0x80, 0x80, 0x83, 0x84, 0x83, 0x81,
    0x7e, 0x7b, 0x79, 0x78, 0x7b, 0x84, 0x89, 0x86, 0x7e, 0x75, 0x6c, 0x70,
    0x8d, 0xa3, 0x94, 0x7f, 0x74, 0x6b, 0x6d, 0x7d, 0x8b, 0x88, 0x7f, 0x7d,
    0x80, 0x82, 0x84, 0x88, 0x84, 0x7d, 0x79, 0x78, 0x78, 0x7e, 0x83, 0x83,
    0x7e, 0x7a, 0x7f, 0x82, 0x82, 0x7e, 0x79, 0x81, 0x91, 0x8c, 0x7c, 0x75,
    0x73, 0x76, 0x7f, 0x85, 0x85, 0x83, 0x80, 0x82, 0x83, 0x80, 0x7f, 0x7f,
    0x7d, 0x7c, 0x7c, 0x7c, 0x7f, 0x83, 0x85, 0x82, 0x7f, 0x7d, 0x7e, 0x7e,
    0x7c, 0x7e, 0x7f, 0x7b, 0x7a, 0x7d, 0x87, 0x91, 0x8e, 0x7f, 0x76, 0x72,
    0x76, 0x7e, 0x84, 0x84, 0x81, 0x7e, 0x80, 0x83, 0x85, 0x85, 0x82, 0x7d,
    0x7c, 0x7a, 0x7a, 0x7e, 0x80, 0x80, 0x7e, 0x7d, 0x7c, 0x7e, 0x7b, 0x7e,
    0x90, 0x97, 0x87, 0x77, 0x70, 0x70, 0x78, 0x82, 0x86, 0x82, 0x7f, 0x80,
    0x84, 0x85, 0x83, 0x82, 0x7e, 0x7c, 0x7c, 0x7b, 0x7c, 0x7f, 0x81, 0x80,
    0x7e, 0x7d, 0x81, 0x83, 0x80, 0x7f, 0x79, 0x75, 0x84, 0x94, 0x8b, 0x7c,
    0x76, 0x73, 0x76, 0x80, 0x87, 0x86, 0x80, 0x7e, 0x80, 0x82, 0x81, 0x82,
    0x80, 0x7d, 0x7c, 0x7c, 0x7c, 0x7e, 0x82, 0x84, 0x84, 0x80, 0x7d, 0x7a,
    0x7c, 0x80, 0x7f, 0x82, 0x84, 0x7e, 0x7a, 0x7e, 0x85, 0x89, 0x86, 0x7e,
    0x79, 0x77, 0x7a, 0x80, 0x82, 0x82, 0x81, 0x80, 0x80, 0x83, 0x85, 0x83,
    0x7f, 0x7a, 0x78, 0x79, 0x7d, 0x7f, 0x7e, 0x7a, 0x78, 0x83, 0x97, 0x96,
    0x83, 0x75, 0x70, 0x72, 0x7b, 0x83, 0x83, 0x7f, 0x7e, 0x80, 0x85, 0x87,
    0x85, 0x82, 0x7e, 0x79, 0x7a, 0x7c, 0x7e, 0x80, 0x83, 0x82, 0x80, 0x7f,
    0x80, 0x80, 0x80, 0x7f, 0x7e, 0x77, 0x75, 0x83, 0x92, 0x8d, 0x82, 0x7a,
    0x74, 0x76, 0x7f, 0x85, 0x82, 0x7e, 0x7d, 0x7f, 0x81, 0x82, 0x83, 0x81,
    0x7f, 0x7e, 0x7d, 0x7d, 0x7e, 0x81, 0x82, 0x80, 0x7e, 0x7f, 0x7f, 0x80,
    0x80, 0x7f, 0x7e, 0x7d, 0x7d, 0x7d, 0x7c, 0x84, 0x90, 0x8a, 0x7c, 0x77,
    0x77, 0x7a, 0x80, 0x83, 0x82, 0x7f, 0x7e, 0x80, 0x83, 0x82, 0x81, 0x80,
    0x7e, 0x7d, 0x7e, 0x7e, 0x7f, 0x80, 0x80, 0x7e, 0x7d, 0x7e, 0x81, 0x82,
    0x81, 0x80, 0x7c, 0x79, 0x7e, 0x89, 0x8c, 0x83, 0x7a, 0x77, 0x77, 0x7c,
    0x82, 0x84, 0x81, 0x7f, 0x80, 0x82, 0x82, 0x81, 0x7e, 0x7d, 0x7d, 0x7e,
    0x7e, 0x7f, 0x81, 0x83, 0x82, 0x80, 0x7e, 0x7d, 0x7c, 0x7e, 0x7f, 0x80,
    0x7d, 0x7c, 0x82, 0x8b, 0x89, 0x7f, 0x79, 0x77, 0x79, 0x7f, 0x83, 0x81,
    0x7f, 0x7f, 0x81, 0x83, 0x83, 0x81, 0x7f, 0x7e, 0x7d, 0x7d, 0x7e, 0x7f,
    0x81, 0x81, 0x80, 0x7f, 0x7f, 0x7e, 0x7f, 0x81, 0x80, 0x7d, 0x7a, 0x7b,
    0x83, 0x8c, 0x89, 0x7e, 0x78, 0x77, 0x7a, 0x81, 0x84, 0x82, 0x7e, 0x7e,
    0x81, 0x83, 0x82, 0x80, 0x7f, 0x7e, 0x7d, 0x7d, 0x7e, 0x7f, 0x80, 0x82,
    0x81, 0x81, 0x80, 0x7f, 0x7d, 0x7d, 0x7f, 0x80, 0x7d, 0x79, 0x7c, 0x87,
    0x8e, 0x87, 0x7c, 0x77, 0x77, 0x7c, 0x82, 0x84, 0x7f, 0x7d, 0x7f, 0x82,
    0x83, 0x82, 0x80, 0x7e, 0x7d, 0x7d, 0x7e, 0x7e, 0x80, 0x81, 0x81, 0x80,
    0x7f, 0x81, 0x82, 0x7f, 0x7d, 0x7d, 0x7f, 0x80, 0x7f, 0x7c, 0x79, 0x81,
    0x8c, 0x8c, 0x80, 0x79, 0x78, 0x79, 0x7e, 0x83, 0x82, 0x7e, 0x7e, 0x81,
    0x82, 0x82, 0x81, 0x7f, 0x7e, 0x7e, 0x7e, 0x7e, 0x7e, 0x80, 0x81, 0x81,
    0x80, 0x80, 0x80, 0x80, 0x80, 0x7f, 0x7e, 0x7d, 0x7e, 0x81, 0x80, 0x7d,
    0x7a, 0x7d, 0x87, 0x8c, 0x85, 0x7c, 0x78, 0x78, 0x7c, 0x82, 0x83, 0x7f,
    0x7e, 0x7f, 0x81, 0x82, 0x81, 0x80, 0x80, 0x7f, 0x7e, 0x7d, 0x7d, 0x7f,
    0x81, 0x81, 0x80, 0x7f, 0x80, 0x81, 0x81, 0x80, 0x7e, 0x7f, 0x7f, 0x7d,
    0x7d, 0x7f, 0x80, 0x81, 0x7f, 0x7c, 0x81, 0x89, 0x87, 0x7f, 0x7b, 0x79,
    0x7a, 0x7f, 0x83, 0x81, 0x7f, 0x7f, 0x81, 0x81, 0x81, 0x80, 0x7f, 0x7e,
    0x7e, 0x7d, 0x7e, 0x7f, 0x81, 0x82, 0x81, 0x7f, 0x80, 0x81, 0x80, 0x7f,
    0x7f, 0x7e, 0x7f, 0x7f, 0x7e, 0x7f, 0x7f, 0x80, 0x82, 0x7f, 0x7c, 0x7e,
    0x86, 0x87, 0x80, 0x7b, 0x7a, 0x7a, 0x7e, 0x82, 0x82, 0x80, 0x80, 0x81,
    0x81, 0x81, 0x80, 0x7e, 0x7e, 0x7e, 0x7e, 0x7f, 0x7f, 0x80, 0x81, 0x80,
    0x7f, 0x7f, 0x81, 0x81, 0x80, 0x7f, 0x7e, 0x7e, 0x7f, 0x7f, 0x7f, 0x80,
    0x80, 0x7f, 0x81, 0x7f, 0x7c, 0x7e, 0x84, 0x86, 0x81, 0x7c, 0x7b, 0x7b,
    0x7d, 0x81, 0x82, 0x80, 0x80, 0x80, 0x80, 0x80, 0x80, 0x7f, 0x7f, 0x7e,
    0x7e, 0x7f, 0x7f, 0x7f, 0x81, 0x81, 0x80, 0x7f, 0x7f, 0x80, 0x80, 0x7f,
    0x7f, 0x80, 0x7f, 0x7f, 0x7f, 0x7f, 0x7f, 0x80, 0x81, 0x80, 0x7f, 0x7e,
    0x7e, 0x81, 0x84, 0x83, 0x7e, 0x7c, 0x7c, 0x7d, 0x80, 0x81, 0x81, 0x80,
    0x81, 0x80, 0x7f, 0x80, 0x7f, 0x7f, 0x7f, 0x7f, 0x7e, 0x7e, 0x7f, 0x81,
    0x82, 0x81, 0x80, 0x7f, 0x7f, 0x7f, 0x7f, 0x7f, 0x80, 0x80, 0x7f, 0x7e,
    0x7e, 0x7e, 0x80, 0x82, 0x80, 0x7f, 0x7f, 0x80, 0x81, 0x82, 0x7f, 0x7d,
    0x7c, 0x7d, 0x7f, 0x81, 0x82, 0x82, 0x80, 0x7f, 0x7e, 0x7f, 0x80, 0x80,
    0x7f, 0x7e, 0x7e, 0x7e, 0x80, 0x81, 0x81, 0x80, 0x80, 0x7f, 0x80, 0x80,
    0x7f, 0x7f, 0x7f, 0x7f, 0x7e, 0x7e, 0x80, 0x81, 0x81, 0x80, 0x7e, 0x80,
    0x81, 0x81, 0x82, 0x81, 0x7d, 0x7b, 0x7d, 0x7e, 0x7f, 0x82, 0x82, 0x81,
    0x80, 0x80, 0x7f, 0x80, 0x80, 0x7f, 0x7e, 0x7e, 0x7e, 0x7f, 0x80, 0x81,
    0x81, 0x80, 0x80, 0x80, 0x80, 0x80, 0x80, 0x7f, 0x7f, 0x7e, 0x7e, 0x7e,
    0x80, 0x81, 0x80, 0x7f, 0x80, 0x82, 0x81, 0x82, 0x82, 0x7e, 0x7b, 0x7c,
    0x7d, 0x7f, 0x81, 0x81, 0x80, 0x80, 0x80, 0x80, 0x80, 0x80, 0x7f, 0x7f,
    0x7e, 0x7e, 0x7e, 0x7f, 0x80, 0x80, 0x80, 0x80, 0x80, 0x80, 0x81, 0x80,
    0x80, 0x7f, 0x7e, 0x7e, 0x7e, 0x7e, 0x81, 0x83, 0x80, 0x7e, 0x80, 0x81,
    0x80, 0x82, 0x82, 0x7d, 0x7c, 0x7e, 0x7f, 0x80, 0x81, 0x80, 0x80, 0x80,
    0x80, 0x80, 0x80, 0x7f, 0x7f, 0x7f, 0x7f, 0x7e, 0x7f, 0x80, 0x80, 0x80,
    0x80, 0x80, 0x80, 0x80, 0x80, 0x80, 0x7e, 0x7e, 0x7e, 0x7e, 0x7f, 0x80,
    0x80, 0x7f, 0x81, 0x82, 0x81, 0x82, 0x81, 0x7e, 0x7c, 0x7d, 0x7e, 0x7f,
    0x81, 0x81, 0x80, 0x80, 0x81, 0x81, 0x80, 0x80, 0x7f, 0x7e, 0x7f, 0x7f,
    0x7f, 0x7f, 0x80, 0x80, 0x81, 0x80, 0x80, 0x80, 0x80, 0x80, 0x80, 0x7f,
    0x7e, 0x7e, 0x7e, 0x7f, 0x82, 0x81, 0x7f, 0x7f, 0x81, 0x80, 0x80, 0x82,
    0x7f, 0x7c, 0x7d, 0x7e, 0x7f, 0x81, 0x81, 0x80, 0x80, 0x80, 0x80, 0x80,
    0x80, 0x7f, 0x7f, 0x7e, 0x7e, 0x7f, 0x80, 0x80, 0x80, 0x80, 0x80, 0x80,
    0x80, 0x80, 0x7f, 0x7f, 0x7e, 0x7e, 0x7f, 0x80, 0x7f, 0x7e, 0x80, 0x82,
    0x82, 0x81, 0x81, 0x80, 0x7d, 0x7d, 0x7e, 0x7e, 0x7f, 0x81, 0x81, 0x80,
    0x80, 0x80, 0x80, 0x80, 0x80, 0x7f, 0x7f, 0x7e, 0x7e, 0x7f, 0x80, 0x80,
    0x80, 0x80, 0x7f, 0x7f, 0x80, 0x80, 0x7f, 0x7f, 0x7f, 0x7e, 0x7e, 0x7f,
    0x7f, 0x80, 0x82, 0x82, 0x80, 0x7f, 0x80, 0x80, 0x7f, 0x7f, 0x7e, 0x7e,
    0x7f, 0x80, 0x81, 0x80, 0x80, 0x80, 0x80, 0x80, 0x7f, 0x7f, 0x7f, 0x7f,
    0x7f, 0x80, 0x80, 0x80, 0x80, 0x80, 0x7f, 0x7f, 0x7f, 0x7f, 0x7f, 0x7e,
    0x7e, 0x80, 0x82, 0x81, 0x80, 0x80, 0x7f, 0x7f, 0x80, 0x80, 0x7f, 0x7f,
    0x80, 0x80, 0x80, 0x80, 0x80, 0x7f, 0x7f, 0x7e, 0x7e, 0x7e, 0x7d, 0x80,
    0x83, 0x81, 0x81, 0x83, 0x81, 0x7c, 0x7d, 0x7e, 0x7d, 0x7f, 0x81, 0x80,
    0x7f, 0x80, 0x81, 0x81, 0x81, 0x81, 0x7e, 0x7e, 0x7e, 0x7e, 0x7f, 0x80,
    0x7f, 0x7f, 0x81, 0x82, 0x80, 0x7f, 0x7f, 0x7e, 0x7f, 0x82, 0x80, 0x7e,
    0x7f, 0x80, 0x7f, 0x80, 0x7f, 0x7e, 0x7f, 0x80, 0x81, 0x80, 0x80, 0x7f,
    0x7f, 0x80, 0x7f, 0x7f, 0x7f, 0x80, 0x80, 0x80, 0x7f, 0x7f, 0x80, 0x80,
    0x7f, 0x7f, 0x7f, 0x7f, 0x7f, 0x80, 0x81, 0x81, 0x80, 0x7f, 0x7e, 0x7e,
    0x7f, 0x80, 0x81, 0x80, 0x7f, 0x7f, 0x7f, 0x7e, 0x7e, 0x7d, 0x7d, 0x82,
    0x87, 0x84, 0x80, 0x7e, 0x7c, 0x7b, 0x7f, 0x80, 0x7f, 0x7f, 0x80, 0x80,
    0x81, 0x82, 0x81, 0x80, 0x7f, 0x7e, 0x7e, 0x7e, 0x7f, 0x80, 0x80, 0x80,
    0x80, 0x80, 0x80, 0x80, 0x80, 0x80, 0x7f, 0x7f, 0x7e, 0x7e, 0x81, 0x81,
    0x7e, 0x7e, 0x80, 0x80, 0x80, 0x81, 0x81, 0x80, 0x7f, 0x7e, 0x7d, 0x7f,
    0x81, 0x81, 0x80, 0x7f, 0x7e, 0x7f, 0x81, 0x82, 0x80, 0x7e, 0x7c, 0x7d,
    0x7f, 0x80, 0x80, 0x80, 0x80, 0x80, 0x81, 0x82, 0x82, 0x7f, 0x7d, 0x7c,
    0x7c, 0x7e, 0x81, 0x81, 0x81, 0x81, 0x80, 0x80, 0x80, 0x7f, 0x7f, 0x81,
    0x81, 0x7f, 0x7e, 0x7e, 0x7e, 0x80, 0x81, 0x7f, 0x7e, 0x7d, 0x7f, 0x82,
    0x84, 0x82, 0x7d, 0x7c, 0x81, 0x81, 0x80, 0x80, 0x7e, 0x7c, 0x7f, 0x83,
    0x81, 0x80, 0x80, 0x7f, 0x7e, 0x7f, 0x80, 0x7f, 0x7f, 0x7f, 0x7f, 0x7f,
    0x7f, 0x81, 0x83, 0x81, 0x7e, 0x7d, 0x7e, 0x7e, 0x80, 0x81, 0x80, 0x80,
    0x80, 0x80, 0x7f, 0x7f, 0x80, 0x7f, 0x7f, 0x7e, 0x7f, 0x81, 0x81, 0x7f,
    0x7e, 0x7c, 0x7d, 0x81, 0x82, 0x7f, 0x81, 0x84, 0x80, 0x7e, 0x7f, 0x7d,
    0x7d, 0x80, 0x81, 0x80, 0x7f, 0x80, 0x81, 0x80, 0x81, 0x80, 0x7f, 0x7f,
    0x7f, 0x7e, 0x7d, 0x7e, 0x80, 0x80, 0x80, 0x7f, 0x80, 0x81, 0x81, 0x80,
    0x7f, 0x7e, 0x7f, 0x81, 0x81, 0x80, 0x7e, 0x7e, 0x7e, 0x7e, 0x7d, 0x7d,
    0x7c, 0x84, 0x8b, 0x84, 0x80, 0x7f, 0x79, 0x79, 0x7f, 0x80, 0x7e, 0x80,
    0x80, 0x80, 0x81, 0x83, 0x82, 0x81, 0x7f, 0x7e, 0x7d, 0x7d, 0x7e, 0x7f,
    0x80, 0x80, 0x80, 0x81, 0x81, 0x80, 0x80, 0x7f, 0x7f, 0x7e, 0x7e, 0x7f,
    0x7f, 0x7f, 0x81, 0x83, 0x82, 0x80, 0x7d, 0x7c, 0x80, 0x82, 0x81, 0x80,
    0x7e, 0x7e, 0x80, 0x81, 0x81, 0x7f, 0x7d, 0x7d, 0x7e, 0x7f, 0x80, 0x81,
    0x81, 0x80, 0x80, 0x7f, 0x7e, 0x80, 0x81, 0x81, 0x7e, 0x7d, 0x7e, 0x7f,
    0x80, 0x82, 0x82, 0x80, 0x7f, 0x7f, 0x7e, 0x7d, 0x7e, 0x80, 0x7f, 0x80,
    0x7f, 0x7e, 0x7f, 0x81, 0x82, 0x83, 0x82, 0x7e, 0x7d, 0x7d, 0x7d, 0x7f,
    0x81, 0x81, 0x80, 0x80, 0x81, 0x81, 0x80, 0x80, 0x7f, 0x7d, 0x7d, 0x7d,
    0x7e, 0x7f, 0x81, 0x82, 0x81, 0x80, 0x80, 0x7f, 0x7f, 0x7f, 0x7f, 0x80,
    0x80, 0x7e, 0x7e, 0x7f, 0x7f, 0x80, 0x83, 0x81, 0x80, 0x7f, 0x7e, 0x7d,
    0x7f, 0x80, 0x80, 0x7e, 0x7d, 0x7d, 0x7f, 0x82, 0x86, 0x86, 0x81, 0x7c,
    0x7b, 0x7b, 0x7e, 0x81, 0x81, 0x80, 0x80, 0x80, 0x81, 0x81, 0x81, 0x80,
    0x7e, 0x7d, 0x7d, 0x7d, 0x7d, 0x82, 0x83, 0x80, 0x7f, 0x80, 0x80, 0x81,
    0x82, 0x7f, 0x7c, 0x7a, 0x7e, 0x83, 0x82, 0x81, 0x81, 0x7e, 0x7d, 0x80,
    0x7f, 0x7f, 0x84, 0x82, 0x7d, 0x7c, 0x7b, 0x79, 0x7b, 0x7d, 0x87, 0x90,
    0x86, 0x7f, 0x7d, 0x77, 0x78, 0x7f, 0x81, 0x7f, 0x7f, 0x80, 0x80, 0x82,
    0x85, 0x83, 0x7f, 0x7e, 0x7d, 0x7c, 0x7d, 0x7f, 0x80, 0x81, 0x80, 0x7f,
    0x7f, 0x7f, 0x80, 0x81, 0x81, 0x81, 0x83, 0x81, 0x7c, 0x7c, 0x7d, 0x7d,
    0x80, 0x82, 0x82, 0x81, 0x81, 0x80, 0x7f, 0x7e, 0x7d, 0x7d, 0x7e, 0x80,
    0x81, 0x82, 0x80, 0x7e, 0x7e, 0x7f, 0x81, 0x81, 0x82, 0x83, 0x7e, 0x7c,
    0x7d, 0x7e, 0x7f, 0x82, 0x84, 0x82, 0x81, 0x7f, 0x7c, 0x7d, 0x7f, 0x7f,
    0x7f, 0x7e, 0x7e, 0x81, 0x81, 0x81, 0x82, 0x82, 0x81, 0x81, 0x7f, 0x7c,
    0x7c, 0x7d, 0x7e, 0x80, 0x81, 0x82, 0x83, 0x82, 0x81, 0x7f, 0x7d, 0x7c,
    0x7e, 0x7e, 0x7e, 0x7e, 0x7f, 0x7f, 0x7f, 0x80, 0x83, 0x86, 0x86, 0x80,
    0x7b, 0x79, 0x7a, 0x7d, 0x81, 0x83, 0x82, 0x82, 0x82, 0x80, 0x80, 0x80,
    0x7e, 0x7c, 0x7c, 0x7c, 0x7c, 0x81, 0x85, 0x85, 0x82, 0x7f, 0x7d, 0x7e,
    0x80, 0x7f, 0x7d, 0x7c, 0x83, 0x85, 0x80, 0x80, 0x80, 0x7d, 0x7f, 0x84,
    0x82, 0x7d, 0x7c, 0x7b, 0x7a, 0x80, 0x87, 0x86, 0x81, 0x7c, 0x76, 0x75,
    0x81, 0x8f, 0x8e, 0x84, 0x7d, 0x76, 0x74, 0x7b, 0x82, 0x84, 0x83, 0x82,
    0x80, 0x7f, 0x80, 0x83, 0x81, 0x7c, 0x7a, 0x7a, 0x7c, 0x81, 0x85, 0x86,
    0x81, 0x7e, 0x7c, 0x7b, 0x7d, 0x7f, 0x7f, 0x84, 0x89, 0x83, 0x7c, 0x7e,
    0x7c, 0x7c, 0x81, 0x82, 0x81, 0x7f, 0x7e, 0x7d, 0x7d, 0x80, 0x83, 0x83,
    0x81, 0x7e, 0x7b, 0x7b, 0x7c, 0x7d, 0x7d, 0x80, 0x88, 0x8b, 0x84, 0x7f,
    0x7c, 0x78, 0x79, 0x7f, 0x81, 0x81, 0x81, 0x82, 0x82, 0x81, 0x81, 0x7e,
    0x7b, 0x7a, 0x7c, 0x7f, 0x81, 0x84, 0x84, 0x80, 0x7c, 0x7d, 0x7e, 0x80,
    0x80, 0x7e, 0x7c, 0x81, 0x87, 0x83, 0x80, 0x80, 0x7c, 0x7b, 0x81, 0x84,
    0x82, 0x80, 0x7d, 0x7a, 0x7b, 0x7d, 0x81, 0x86, 0x84, 0x7f, 0x7c, 0x7a,
    0x77, 0x7a, 0x82, 0x8f, 0x8c, 0x80, 0x80, 0x7a, 0x73, 0x7a, 0x82, 0x83,
    0x81, 0x82, 0x83, 0x80, 0x81, 0x82, 0x7d, 0x7a, 0x7b, 0x7b, 0x7e, 0x83,
    0x85, 0x85, 0x83, 0x7c, 0x79, 0x7b, 0x7d, 0x7e, 0x80, 0x7f, 0x7d, 0x83,
    0x8b, 0x87, 0x81, 0x80, 0x7a, 0x77, 0x7d, 0x82, 0x80, 0x82, 0x82, 0x7c,
    0x7c, 0x7f, 0x81, 0x83, 0x85, 0x83, 0x80, 0x7e, 0x7a, 0x79, 0x7a, 0x7b,
    0x7b, 0x7c, 0x85, 0x93, 0x8d, 0x82, 0x81, 0x77, 0x72, 0x79, 0x81, 0x82,
    0x81, 0x83, 0x81, 0x80, 0x82, 0x80, 0x7c, 0x7c, 0x7e, 0x80, 0x83, 0x83,
    0x80, 0x7f, 0x7d, 0x7a, 0x7b, 0x7e, 0x7e, 0x7d, 0x7c, 0x86, 0x92, 0x88,
    0x80, 0x7f, 0x75, 0x73, 0x7b, 0x82, 0x84, 0x84, 0x84, 0x80, 0x7d, 0x7c,
    0x7d, 0x80, 0x81, 0x83, 0x83, 0x80, 0x7d, 0x7c, 0x7d, 0x7c, 0x7b, 0x7d,
    0x7b, 0x79, 0x84, 0x95, 0x8e, 0x82, 0x80, 0x75, 0x70, 0x78, 0x81, 0x84,
    0x84, 0x85, 0x81, 0x7e, 0x7f, 0x7d, 0x7c, 0x7e, 0x80, 0x81, 0x84, 0x82,
    0x7f, 0x7e, 0x7d, 0x7a, 0x7b, 0x7f, 0x7d, 0x7c, 0x7c, 0x85, 0x94, 0x8b,
    0x80, 0x80, 0x75, 0x71, 0x7a, 0x81, 0x84, 0x86, 0x86, 0x7f, 0x7d, 0x7d,
    0x7d, 0x7f, 0x7f, 0x7e, 0x81, 0x80, 0x7e, 0x7d, 0x7a, 0x76, 0x75, 0x86,
    0x99, 0x8e, 0x86, 0x84, 0x73, 0x6e, 0x75, 0x7d, 0x81, 0x85, 0x88, 0x86,
    0x82, 0x82, 0x81, 0x7c, 0x79, 0x77, 0x79, 0x7e, 0x83, 0x88, 0x89, 0x82,
    0x7d, 0x7b, 0x7a, 0x7c, 0x7d, 0x7e, 0x81, 0x82, 0x80, 0x7f, 0x7d, 0x7c,
    0x88, 0x8d, 0x84, 0x81, 0x7c, 0x76, 0x7a, 0x7f, 0x85, 0x83, 0x81, 0x7d,
    0x79, 0x7a, 0x7f, 0x85, 0x88, 0x85, 0x7e, 0x76, 0x70, 0x6d, 0x76, 0x99,
    0x9b, 0x89, 0x8b, 0x7a, 0x6b, 0x6d, 0x7b, 0x82, 0x7f, 0x89, 0x89, 0x81,
    0x83, 0x86, 0x81, 0x7c, 0x79, 0x71, 0x74, 0x81, 0x8a, 0x8a, 0x85, 0x7c,
    0x77, 0x79, 0x7d, 0x7a, 0x76, 0x81, 0x96, 0x91, 0x84, 0x86, 0x78, 0x6d,
    0x75, 0x7d, 0x7f, 0x81, 0x87, 0x88, 0x85, 0x83, 0x7f, 0x7a, 0x79, 0x7c,
    0x7e, 0x82, 0x84, 0x85, 0x83, 0x7e, 0x79, 0x79, 0x7d, 0x7f, 0x82, 0x84,
    0x82, 0x80, 0x7d, 0x7b, 0x7c, 0x7c, 0x7c, 0x89, 0x8b, 0x86, 0x86, 0x7c,
    0x7b, 0x80, 0x81, 0x80, 0x7b, 0x75, 0x75, 0x78, 0x80, 0x89, 0x90, 0x89,
    0x75, 0x6a, 0x65, 0x8b, 0x9c, 0x8e, 0x97, 0x80, 0x6b, 0x63, 0x74, 0x7e,
    0x7c, 0x92, 0x8f, 0x89, 0x83, 0x81, 0x7f, 0x7f, 0x7d, 0x77, 0x72, 0x74,
    0x7d, 0x86, 0x8a, 0x85, 0x7f, 0x7e, 0x7a, 0x74, 0x6f, 0x81, 0x9f, 0x8e,
    0x85, 0x8b, 0x70, 0x67, 0x77, 0x7d, 0x7d, 0x86, 0x8c, 0x85, 0x83, 0x83,
    0x7f, 0x7c, 0x7d, 0x7f, 0x7e, 0x7e, 0x80, 0x82, 0x82, 0x7f, 0x7d, 0x7c,
    0x7d, 0x7d, 0x7d, 0x7f, 0x7e, 0x77, 0x78, 0x8c, 0x95, 0x8d, 0x8a, 0x81,
    0x6f, 0x6c, 0x76, 0x7d, 0x81, 0x8a, 0x8b, 0x83, 0x80, 0x7c, 0x7b, 0x7f,
    0x80, 0x7e, 0x7b, 0x76, 0x77, 0x7b, 0x76, 0x72, 0x98, 0xa4, 0x86, 0x90,
    0x81, 0x66, 0x67, 0x77, 0x7e, 0x78, 0x8c, 0x8e, 0x85, 0x8b, 0x87, 0x7e,
    0x7c, 0x77, 0x71, 0x71, 0x77, 0x81, 0x8a, 0x94, 0x8e, 0x81, 0x7d, 0x75,
    0x73, 0x78, 0x7b, 0x7d, 0x7f, 0x7e, 0x7a, 0x7e, 0x91, 0x97, 0x8b, 0x87,
    0x7c, 0x6e, 0x70, 0x7f, 0x85, 0x83, 0x82, 0x79, 0x77, 0x7b, 0x7d, 0x85,
    0x89, 0x82, 0x7a, 0x75, 0x65, 0x77, 0xa6, 0x96, 0x8a, 0x8c, 0x73, 0x61,
    0x6a, 0x82, 0x7d, 0x87, 0x95, 0x88, 0x83, 0x84, 0x7f, 0x7c, 0x80, 0x7a,
    0x74, 0x74, 0x76, 0x7f, 0x8a, 0x86, 0x82, 0x84, 0x7c, 0x75, 0x6c, 0x7b,
    0x9c, 0x8f, 0x89, 0x8c, 0x71, 0x67, 0x74, 0x7f, 0x7d, 0x88, 0x91, 0x87,
    0x83, 0x7e, 0x77, 0x78, 0x7d, 0x81, 0x7f, 0x7f, 0x82, 0x82, 0x82, 0x7f,
    0x7a, 0x7b, 0x7a, 0x75, 0x70, 0x77, 0x97, 0x9e, 0x90, 0x90, 0x7f, 0x67,
    0x6a, 0x75, 0x7a, 0x80, 0x8e, 0x93, 0x85, 0x83, 0x7c, 0x77, 0x7e, 0x7b,
    0x7a, 0x79, 0x77, 0x77, 0x79, 0x6a, 0x82, 0xb5, 0x92, 0x94, 0x94, 0x68,
    0x57, 0x6d, 0x7a, 0x6c, 0x8e, 0x95, 0x86, 0x91, 0x8b, 0x7d, 0x80, 0x7b,
    0x6f, 0x76, 0x7a, 0x79, 0x86, 0x8c, 0x83, 0x81, 0x81, 0x7c, 0x7c, 0x7d,
    0x7a, 0x7a, 0x76, 0x76, 0x82, 0x94, 0x95, 0x8f, 0x87, 0x75, 0x6c, 0x71,
    0x7e, 0x8a, 0x8c, 0x85, 0x7a, 0x76, 0x79, 0x7e, 0x83, 0x84, 0x7f, 0x7a,
    0x73, 0x6d, 0x66, 0x98, 0xb0, 0x8b, 0x94, 0x89, 0x61, 0x5b, 0x7a, 0x77,
    0x75, 0x96, 0x8f, 0x83, 0x90, 0x89, 0x7e, 0x7f, 0x77, 0x71, 0x74, 0x77,
    0x7a, 0x88, 0x87, 0x7f, 0x84, 0x82, 0x7b, 0x73, 0x6e, 0x86, 0x98, 0x8e,
    0x8f, 0x86, 0x6f, 0x6a, 0x76, 0x76, 0x7d, 0x92, 0x93, 0x85, 0x83, 0x79,
    0x76, 0x7f, 0x7f, 0x7d, 0x7b, 0x78, 0x7a, 0x81, 0x7f, 0x7b, 0x6d, 0x74,
    0xa3, 0x99, 0x8a, 0x98, 0x7f, 0x5e, 0x68, 0x76, 0x6a, 0x81, 0x98, 0x97,
    0x96, 0x8a, 0x77, 0x73, 0x75, 0x78, 0x7b, 0x79, 0x75, 0x7c, 0x83, 0x84,
    0x82, 0x72, 0x6d, 0xa1, 0x9d, 0x87, 0x9b, 0x81, 0x59, 0x63, 0x77, 0x68,
    0x7f, 0x9d, 0x97, 0x94, 0x89, 0x74, 0x74, 0x7b, 0x7c, 0x7f, 0x7b, 0x6f,
    0x75, 0x82, 0x84, 0x89, 0x83, 0x79, 0x68, 0x7b, 0xa0, 0x95, 0x92, 0x95,
    0x73, 0x59, 0x69, 0x72, 0x72, 0x97, 0xa2, 0x8f, 0x89, 0x79, 0x6f, 0x79,
    0x7e, 0x7a, 0x7b, 0x75, 0x72, 0x80, 0x7f, 0x75, 0x6b, 0xa6, 0xa9, 0x85,
    0x9c, 0x85, 0x5b, 0x5e, 0x7a, 0x64, 0x73, 0x95, 0x93, 0x9c, 0x9b, 0x7e,
    0x76, 0x74, 0x72, 0x7b, 0x7d, 0x73, 0x75, 0x7f, 0x7e, 0x83, 0x88, 0x83,
    0x6d, 0x6b, 0xa4, 0x9a, 0x89, 0x9e, 0x7f, 0x55, 0x64, 0x75, 0x67, 0x8c,
    0xa6, 0x92, 0x8e, 0x80, 0x6e, 0x78, 0x7f, 0x7a, 0x7b, 0x77, 0x6c, 0x7c,
    0x88, 0x7f, 0x79, 0x6b, 0x97, 0xa9, 0x88, 0x97, 0x8e, 0x62, 0x5b, 0x76,
    0x68, 0x70, 0x98, 0x9e, 0x97, 0x93, 0x7a, 0x70, 0x76, 0x7a, 0x7c, 0x79,
    0x70, 0x72, 0x82, 0x83, 0x81, 0x7e, 0x64, 0x8e, 0xb5, 0x88, 0x98, 0x98,
    0x60, 0x54, 0x75, 0x64, 0x6d, 0x9e, 0x9e, 0x97, 0x95, 0x75, 0x6e, 0x79,
    0x7a, 0x7b, 0x7b, 0x70, 0x72, 0x83, 0x84, 0x81, 0x76, 0x65, 0x9e, 0xa9,
    0x86, 0xa2, 0x8f, 0x5b, 0x5d, 0x73, 0x5d, 0x77, 0xa1, 0x9c, 0x9b, 0x8f,
    0x71, 0x72, 0x79, 0x7b, 0x7d, 0x77, 0x6c, 0x76, 0x84, 0x82, 0x83, 0x77,
    0x63, 0x99, 0xac, 0x89, 0xa0, 0x93, 0x5a, 0x58, 0x72, 0x60, 0x78, 0xa3,
    0x9f, 0x97, 0x8d, 0x71, 0x6f, 0x79, 0x7b, 0x7b, 0x78, 0x71, 0x74, 0x84,
    0x81, 0x80, 0x68, 0x7b, 0xb8, 0x91, 0x8f, 0xa3, 0x6f, 0x50, 0x71, 0x6a,
    0x62, 0x94, 0xa1, 0x98, 0x98, 0x7d, 0x6e, 0x76, 0x79, 0x7b, 0x79, 0x6f,
    0x70, 0x82, 0x86, 0x81, 0x7b, 0x60, 0x99, 0xae, 0x85, 0x9f, 0x95, 0x5b,
    0x5b, 0x76, 0x5d, 0x74, 0xa0, 0x9c, 0x9a, 0x90, 0x73, 0x71, 0x79, 0x77,
    0x79, 0x76, 0x6e, 0x77, 0x86, 0x85, 0x84, 0x6f, 0x6d, 0xac, 0x99, 0x85,
    0xa4, 0x81, 0x51, 0x6c, 0x71, 0x5e, 0x8b, 0xa5, 0x98, 0x95, 0x82, 0x6b,
    0x76, 0x7a, 0x7c, 0x7b, 0x73, 0x6f, 0x7b, 0x84, 0x81, 0x78, 0x66, 0xa5,
    0xac, 0x82, 0xa0, 0x8e, 0x52, 0x5e, 0x78, 0x5c, 0x7b, 0xa5, 0x9a, 0x9a,
    0x8f, 0x70, 0x72, 0x78, 0x76, 0x7a, 0x74, 0x6d, 0x79, 0x87, 0x85, 0x85,
    0x6f, 0x6d, 0xb0, 0x9a, 0x84, 0xa4, 0x7e, 0x4d, 0x6c, 0x72, 0x5f, 0x8d,
    0xa6, 0x97, 0x95, 0x83, 0x6b, 0x76, 0x79, 0x78, 0x7a, 0x73, 0x6e, 0x7c,
    0x86, 0x82, 0x75, 0x69, 0xae, 0xa7, 0x81, 0xa1, 0x87, 0x4d, 0x63, 0x79,
    0x5d, 0x81, 0xa4, 0x9b, 0x9a, 0x8b, 0x6f, 0x72, 0x77, 0x75, 0x7c, 0x74,
    0x6b, 0x7b, 0x86, 0x83, 0x80, 0x64, 0x90, 0xb7, 0x87, 0x93, 0x9c, 0x60,
    0x50, 0x78, 0x64, 0x6c, 0x9d, 0xa2, 0x99, 0x94, 0x78, 0x6e, 0x7a, 0x78,
    0x7a, 0x79, 0x6c, 0x6e, 0x82, 0x7f, 0x82, 0x70, 0x77, 0xbb, 0x99, 0x87,
    0xa3, 0x76, 0x4a, 0x6c, 0x6e, 0x60, 0x8e, 0xa5, 0x9b, 0x9a, 0x83, 0x6d,
    0x75, 0x77, 0x77, 0x7b, 0x73, 0x6d, 0x7c, 0x82, 0x81, 0x82, 0x67, 0x91,
    0xb6, 0x86, 0x91, 0x9d, 0x61, 0x52, 0x76, 0x66, 0x6f, 0x9d, 0xa2, 0x94,
    0x90, 0x76, 0x70, 0x7c, 0x79, 0x7a, 0x78, 0x6d, 0x6d, 0x7f, 0x80, 0x77,
    0x66, 0xa7, 0xbe, 0x86, 0x9f, 0x92, 0x4e, 0x54, 0x75, 0x5c, 0x75, 0xa2,
    0x9f, 0x9e, 0x96, 0x74, 0x74, 0x78, 0x74, 0x78, 0x76, 0x68, 0x74, 0x84,
    0x84, 0x85, 0x7e, 0x65, 0x8e, 0xb5, 0x8a, 0x96, 0x9d, 0x5b, 0x51, 0x71,
    0x64, 0x75, 0xa2, 0xa4, 0x93, 0x8e, 0x74, 0x71, 0x7b, 0x79, 0x7b, 0x76,
    0x6c, 0x70, 0x7f, 0x81, 0x7c, 0x67, 0xa2, 0xbb, 0x85, 0x98, 0x95, 0x55,
    0x53, 0x78, 0x61, 0x72, 0x9f, 0xa1, 0x9a, 0x92, 0x75, 0x71, 0x79, 0x77,
    0x79, 0x76, 0x6c, 0x72, 0x82, 0x80, 0x81, 0x69, 0x7e, 0xc1, 0x98, 0x8e,
    0xa3, 0x6f, 0x47, 0x6c, 0x68, 0x61, 0x92, 0xa6, 0x9e, 0x99, 0x81, 0x6f,
    0x77, 0x76, 0x79, 0x79, 0x70, 0x6e, 0x7d, 0x82, 0x7f, 0x7a, 0x67, 0xa0,
    0xb3, 0x87, 0x9b, 0x96, 0x56, 0x56, 0x75, 0x5f, 0x75, 0x9f, 0xa2, 0x97,
    0x90, 0x75, 0x72, 0x7a, 0x78, 0x7c, 0x76, 0x6d, 0x71, 0x7f, 0x7d, 0x7f,
    0x66, 0x8c, 0xc2, 0x90, 0x91, 0xa2, 0x65, 0x49, 0x72, 0x65, 0x65, 0x96,
    0xa4, 0x9c, 0x9a, 0x7f, 0x70, 0x77, 0x74, 0x78, 0x7a, 0x6e, 0x6f, 0x80,
    0x80, 0x81, 0x76, 0x67, 0xa9, 0xb0, 0x86, 0xa2, 0x90, 0x4e, 0x5b, 0x72,
    0x5a, 0x78, 0xa2, 0xa2, 0x9b, 0x91, 0x72, 0x72, 0x78, 0x76, 0x7b, 0x76,
    0x6c, 0x76, 0x82, 0x7f, 0x81, 0x68, 0x7e, 0xba, 0x94, 0x8c, 0xa6, 0x71,
    0x4a, 0x72, 0x69, 0x61, 0x8d, 0xa4, 0x9d, 0x98, 0x82, 0x6e, 0x77, 0x77,
    0x7b, 0x7c, 0x70, 0x6a, 0x7c, 0x7f, 0x7e, 0x6e, 0x75, 0xbd, 0xa0, 0x89,
    0xa8, 0x7a, 0x47, 0x69, 0x6d, 0x58, 0x85, 0xa1, 0x9c, 0xa3, 0x8e, 0x73,
    0x76, 0x72, 0x76, 0x7e, 0x74, 0x6a, 0x7b, 0x7d, 0x80, 0x85, 0x80, 0x6b,
    0x83, 0xb3, 0x92, 0x91, 0x9d, 0x67, 0x4d, 0x6c, 0x68, 0x6f, 0x98, 0xa5,
    0x96, 0x91, 0x7c, 0x6d, 0x77, 0x7b, 0x7d, 0x79, 0x71, 0x6d, 0x7d, 0x85,
    0x84, 0x75, 0x6f, 0xa9, 0xa2, 0x88, 0x9f, 0x86, 0x52, 0x63, 0x73, 0x61,
    0x7d, 0x9e, 0xa0, 0x9a, 0x8f, 0x74, 0x6f, 0x75, 0x79, 0x7a, 0x75, 0x6a,
    0x74, 0x7c, 0x7b, 0x67, 0x81, 0xcf, 0x99, 0x92, 0xa9, 0x67, 0x41, 0x6c,
    0x68, 0x5c, 0x8b, 0x9c, 0x9a, 0xa7, 0x93, 0x76, 0x78, 0x6f, 0x73, 0x7c,
    0x70, 0x6c, 0x7e, 0x80, 0x81, 0x8a, 0x86, 0x7c, 0x67, 0x7b, 0xad, 0x99,
    0x8f, 0x99, 0x6d, 0x4c, 0x68, 0x70, 0x75, 0x94, 0xa5, 0x95, 0x8a, 0x7c,
    0x6e, 0x78, 0x7b, 0x79, 0x73, 0x73, 0x76, 0x8b, 0x92, 0x85, 0x7b, 0x69,
    0x6e, 0x96, 0x9d, 0x8e, 0x98, 0x84, 0x60, 0x63, 0x6f, 0x71, 0x86, 0xa4,
    0x9f, 0x8a, 0x7e, 0x6c, 0x70, 0x7b, 0x7d, 0x78, 0x73, 0x6d, 0x6c, 0x63,
    0x6b, 0xcf, 0xb8, 0x99, 0xb4, 0x71, 0x39, 0x5c, 0x6a, 0x55, 0x87, 0x9c,
    0x8e, 0x9c, 0xa5, 0x8a, 0x85, 0x79, 0x62, 0x69, 0x70, 0x6e, 0x80, 0x8a,
    0x81, 0x85, 0x8b, 0x85, 0x7d, 0x7b, 0x6b, 0x6b, 0x97, 0xa2, 0x8e, 0x91,
    0x82, 0x5e, 0x61, 0x75, 0x77, 0x89, 0x9f, 0x91, 0x81, 0x7e, 0x72, 0x7a,
    0x84, 0x7e, 0x78, 0x76, 0x70, 0x78, 0x87, 0x84, 0x7f, 0x75, 0x83, 0xa1,
    0x93, 0x86, 0x8a, 0x76, 0x5e, 0x68, 0x76, 0x7d, 0x8c, 0x9c, 0x99, 0x88,
    0x7d, 0x73, 0x70, 0x73, 0x75, 0x7c, 0x81, 0x80, 0x80, 0x7c, 0x64, 0x61,
    0xaa, 0xaf, 0x93, 0xa2, 0x8a, 0x55, 0x56, 0x6d, 0x63, 0x77, 0x96, 0x9c,
    0x90, 0x9d, 0x91, 0x7f, 0x7d, 0x6f, 0x6a, 0x6f, 0x6b, 0x71, 0x7f, 0x81,
    0x7c, 0x7c, 0x66, 0x9e, 0xc3, 0x8c, 0xaa, 0x90, 0x4b, 0x49, 0x66, 0x59,
    0x71, 0xa5, 0x95, 0x99, 0xa4, 0x89, 0x80, 0x7c, 0x6e, 0x6a, 0x75, 0x73,
    0x79, 0x88, 0x85, 0x85, 0x85, 0x85, 0x82, 0x7e, 0x7a, 0x79, 0x75, 0x74,
    0x89, 0x97, 0x8d, 0x89, 0x84, 0x72, 0x6b, 0x76, 0x80, 0x88, 0x92, 0x8e,
    0x7d, 0x76, 0x6f, 0x70, 0x79, 0x83, 0x8e, 0x8d, 0x86, 0x75, 0x67, 0x5c,
    0x83, 0xad, 0x98, 0x94, 0x8f, 0x6c, 0x59, 0x6c, 0x7a, 0x78, 0x89, 0x9b,
    0x90, 0x85, 0x8a, 0x81, 0x7d, 0x7e, 0x71, 0x6a, 0x6f, 0x74, 0x7e, 0x88,
    0x7e, 0x6e, 0x61, 0xa9, 0xbb, 0x8e, 0xa5, 0x87, 0x4d, 0x47, 0x70, 0x65,
    0x77, 0xa5, 0x9a, 0x8e, 0x93, 0x8a, 0x7c, 0x80, 0x77, 0x6e, 0x72, 0x72,
    0x7b, 0x8c, 0x88, 0x7f, 0x84, 0x84, 0x7b, 0x7d, 0x7b, 0x73, 0x6c, 0x87,
    0xa7, 0x8f, 0x84, 0x8a, 0x73, 0x61, 0x71, 0x7e, 0x7d, 0x86, 0x8d, 0x89,
    0x86, 0x85, 0x7f, 0x7b, 0x79, 0x7a, 0x7b, 0x7a, 0x7c, 0x82, 0x86, 0x83,
    0x7d, 0x7a, 0x72, 0x6f, 0x8f, 0xa4, 0x91, 0x86, 0x7f, 0x6c, 0x63, 0x71,
    0x7e, 0x84, 0x8e, 0x93, 0x8c, 0x87, 0x7f, 0x79, 0x78, 0x75, 0x76, 0x79,
    0x76, 0x77, 0x7c, 0x70, 0x69, 0xab, 0xb9, 0x90, 0x8f, 0x81, 0x57, 0x4f,
    0x76, 0x78, 0x77, 0x91, 0x93, 0x88, 0x89, 0x8f, 0x89, 0x85, 0x7e, 0x6e,
    0x69, 0x6c, 0x77, 0x89, 0x91, 0x87, 0x81, 0x82, 0x7c, 0x7c, 0x7f, 0x7a,
    0x6f, 0x75, 0x9a, 0x99, 0x83, 0x83, 0x7a, 0x68, 0x6a, 0x80, 0x88, 0x89,
    0x8d, 0x8a, 0x7f, 0x7a, 0x7d, 0x7d, 0x7c, 0x7b, 0x7b, 0x7c, 0x7e, 0x84,
    0x8a, 0x86, 0x7f, 0x7d, 0x7c, 0x7a, 0x77, 0x74, 0x72, 0x88, 0x9e, 0x8f,
    0x83, 0x81, 0x77, 0x6e, 0x76, 0x82, 0x83, 0x84, 0x86, 0x81, 0x7f, 0x80,
    0x7f, 0x7d, 0x7b, 0x7a, 0x7f, 0x89, 0x86, 0x82, 0x7c, 0x72, 0x6c, 0x6f,
    0x88, 0x9e, 0x95, 0x88, 0x83, 0x76, 0x68, 0x71, 0x80, 0x82, 0x84, 0x88,
    0x86, 0x82, 0x84, 0x88, 0x7f, 0x7a, 0x78, 0x74, 0x75, 0x7e, 0x87, 0x87,
    0x82, 0x78, 0x73, 0x6d, 0x83, 0xa2, 0x99, 0x87, 0x7e, 0x73, 0x65, 0x6d,
    0x7f, 0x84, 0x85, 0x89, 0x87, 0x82, 0x82, 0x85, 0x85, 0x81, 0x7b, 0x75,
    0x75, 0x7a, 0x81, 0x84, 0x84, 0x80, 0x7f, 0x82, 0x80, 0x7c, 0x7a, 0x7a,
    0x78, 0x7f, 0x93, 0x91, 0x82, 0x7d, 0x78, 0x72, 0x75, 0x7f, 0x86, 0x86,
    0x87, 0x85, 0x80, 0x81, 0x82, 0x7d, 0x79, 0x76, 0x77, 0x7c, 0x83, 0x85,
    0x85, 0x84, 0x81, 0x7e, 0x7b, 0x78, 0x74, 0x7e, 0x91, 0x8e, 0x81, 0x7c,
    0x7a, 0x76, 0x7a, 0x83, 0x85, 0x86, 0x87, 0x81, 0x7d, 0x7d, 0x7b, 0x7b,
    0x7b, 0x7c, 0x7c, 0x80, 0x81, 0x84, 0x82, 0x7c, 0x78, 0x79, 0x86, 0x94,
    0x8c, 0x7e, 0x76, 0x73, 0x72, 0x77, 0x82, 0x89, 0x8a, 0x86, 0x83, 0x83,
    0x80, 0x7d, 0x7f, 0x7b, 0x77, 0x78, 0x7b, 0x80, 0x86, 0x86, 0x84, 0x80,
    0x7c, 0x79, 0x77, 0x79, 0x7f, 0x90, 0x93, 0x82, 0x7a, 0x77, 0x76, 0x78,
    0x80, 0x86, 0x85, 0x81, 0x81, 0x82, 0x80, 0x80, 0x83, 0x7f, 0x7a, 0x78,
    0x79, 0x7d, 0x82, 0x85, 0x83, 0x7e, 0x7a, 0x7a, 0x79, 0x80, 0x91, 0x93,
    0x82, 0x77, 0x75, 0x75, 0x79, 0x81, 0x87, 0x85, 0x80, 0x7f, 0x80, 0x81,
    0x85, 0x85, 0x80, 0x7d, 0x78, 0x77, 0x7b, 0x81, 0x84, 0x82, 0x7f, 0x7d,
    0x7e, 0x80, 0x7f, 0x80, 0x7e, 0x7f, 0x8a, 0x87, 0x7c, 0x7a, 0x7b, 0x7b,
    0x7d, 0x83, 0x85, 0x83, 0x83, 0x80, 0x7e, 0x7e, 0x7e, 0x7e, 0x7c, 0x7b,
    0x7d, 0x80, 0x80, 0x81, 0x7e, 0x78, 0x78, 0x89, 0x95, 0x8b, 0x7b, 0x74,
    0x75, 0x77, 0x7c, 0x84, 0x87, 0x85, 0x81, 0x7f, 0x7f, 0x7f, 0x81, 0x83,
    0x82, 0x7d, 0x7b, 0x7d, 0x7d, 0x7f, 0x81, 0x7e, 0x7d, 0x80, 0x82, 0x7f,
    0x7e, 0x7e, 0x7e, 0x80, 0x7f, 0x85, 0x8c, 0x83, 0x7a, 0x79, 0x77, 0x79,
    0x7f, 0x84, 0x86, 0x85, 0x83, 0x82, 0x80, 0x7f, 0x7f, 0x7d, 0x7a, 0x7a,
    0x7b, 0x7d, 0x81, 0x83, 0x81, 0x7f, 0x7b, 0x7c, 0x83, 0x8e, 0x8d, 0x7f,
    0x76, 0x73, 0x76, 0x7b, 0x82, 0x86, 0x87, 0x83, 0x81, 0x81, 0x81, 0x80,
    0x81, 0x7f, 0x7c, 0x7b, 0x7a, 0x7a, 0x7f, 0x83, 0x83, 0x81, 0x80, 0x7e,
    0x79, 0x77, 0x82, 0x90, 0x8d, 0x7f, 0x78, 0x77, 0x77, 0x7c, 0x83, 0x85,
    0x83, 0x80, 0x81, 0x82, 0x81, 0x82, 0x81, 0x7d, 0x7b, 0x7a, 0x7c, 0x7f,
    0x83, 0x83, 0x81, 0x7e, 0x7d, 0x7f, 0x7e, 0x7d, 0x7a, 0x7d, 0x86, 0x8e,
    0x88, 0x7d, 0x79, 0x79, 0x7a, 0x7d, 0x82, 0x83, 0x81, 0x7f, 0x80, 0x80,
    0x81, 0x82, 0x82, 0x80, 0x7d, 0x7c, 0x7c, 0x7f, 0x80, 0x80, 0x7e, 0x7d,
    0x7f, 0x82, 0x84, 0x82, 0x7d, 0x7b, 0x78, 0x7c, 0x85, 0x8e, 0x8a, 0x7f,
    0x78, 0x75, 0x78, 0x7e, 0x84, 0x85, 0x83, 0x80, 0x80, 0x80, 0x80, 0x80,
    0x7f, 0x7d, 0x7d, 0x7c, 0x7c, 0x80, 0x83, 0x82, 0x81, 0x7e, 0x7c, 0x7e,
    0x81, 0x87, 0x8a, 0x7f, 0x77, 0x78, 0x79, 0x7c, 0x83, 0x86, 0x84, 0x81,
    0x7f, 0x7e, 0x7f, 0x80, 0x80, 0x80, 0x7d, 0x7d, 0x7f, 0x7f, 0x7f, 0x81,
    0x80, 0x7e, 0x7e, 0x7c, 0x77, 0x7d, 0x8d, 0x91, 0x84, 0x7a, 0x76, 0x77,
    0x7b, 0x81, 0x84, 0x82, 0x7f, 0x7e, 0x80, 0x81, 0x82, 0x82, 0x80, 0x7d,
    0x7c, 0x7c, 0x7d, 0x80, 0x84, 0x84, 0x80, 0x7f, 0x7e, 0x7c, 0x7c, 0x7f,
    0x81, 0x81, 0x7f, 0x7c, 0x7a, 0x7e, 0x85, 0x8b, 0x88, 0x80, 0x79, 0x78,
    0x79, 0x7d, 0x82, 0x83, 0x81, 0x80, 0x80, 0x81, 0x82, 0x83, 0x82, 0x7e,
    0x7b, 0x7b, 0x7d, 0x7f, 0x81, 0x81, 0x7f, 0x7f, 0x7f, 0x7f, 0x81, 0x81,
    0x7f, 0x7d, 0x7e, 0x7f, 0x83, 0x85, 0x82, 0x7e, 0x7c, 0x7b, 0x7d, 0x81,
    0x82, 0x81, 0x80, 0x7f, 0x7f, 0x7f, 0x81, 0x82, 0x82, 0x80, 0x7e, 0x7d,
    0x7d, 0x7e, 0x80, 0x7f, 0x7f, 0x7f, 0x7f, 0x7e, 0x7d, 0x7f, 0x83, 0x89,
    0x8b, 0x80, 0x77, 0x77, 0x78, 0x7b, 0x80, 0x84, 0x83, 0x81, 0x81, 0x81,
    0x81, 0x81, 0x80, 0x7f, 0x7d, 0x7d, 0x7c, 0x7e, 0x81, 0x81, 0x80, 0x7f,
    0x7e, 0x7e, 0x81, 0x82, 0x7f, 0x7e, 0x80, 0x80, 0x84, 0x83, 0x7e, 0x7c,
    0x7c, 0x7c, 0x7f, 0x82, 0x82, 0x81, 0x80, 0x7e, 0x7f, 0x80, 0x80, 0x80,
    0x80, 0x7f, 0x80, 0x7f, 0x7e, 0x80, 0x80, 0x7f, 0x7e, 0x7e, 0x7f, 0x81,
    0x81, 0x7f, 0x7c, 0x7c, 0x7f, 0x85, 0x88, 0x84, 0x7b, 0x78, 0x7b, 0x7e,
    0x81, 0x82, 0x81, 0x7f, 0x7f, 0x80, 0x82, 0x82, 0x82, 0x7f, 0x7d, 0x7c,
    0x7c, 0x7f, 0x82, 0x81, 0x80, 0x7f, 0x7f, 0x80, 0x81, 0x81, 0x80, 0x7f,
    0x7e, 0x7d, 0x7b, 0x7a, 0x7e, 0x86, 0x8a, 0x86, 0x7f, 0x7a, 0x7a, 0x7c,
    0x7f, 0x81, 0x80, 0x7f, 0x7f, 0x7f, 0x80, 0x81, 0x82, 0x81, 0x7f, 0x7d,
    0x7d, 0x7e, 0x80, 0x81, 0x80, 0x7e, 0x7e, 0x80, 0x81, 0x81, 0x80, 0x7f,
    0x7e, 0x7d, 0x7e, 0x7f, 0x80, 0x7f, 0x80, 0x81, 0x83, 0x83, 0x80, 0x7d,
    0x7d, 0x7d, 0x7e, 0x80, 0x80, 0x80, 0x80, 0x80, 0x80, 0x81, 0x80, 0x7f,
    0x7f, 0x7e, 0x7e, 0x7f, 0x7f, 0x80, 0x81, 0x80, 0x7e, 0x7f, 0x80, 0x81,
    0x80, 0x81, 0x80, 0x7e, 0x7d, 0x7d, 0x7e, 0x81, 0x82, 0x81, 0x80, 0x80,
    0x81, 0x82, 0x81, 0x7e, 0x7c, 0x7c, 0x7d, 0x7f, 0x81, 0x82, 0x82, 0x81,
    0x80, 0x7f, 0x7f, 0x7e, 0x7f, 0x7f, 0x7f, 0x7f, 0x7f, 0x7f, 0x7f, 0x80,
    0x80, 0x80, 0x80, 0x81, 0x81, 0x80, 0x7f, 0x7e, 0x7d, 0x7d, 0x7e, 0x80,
    0x82, 0x83, 0x81, 0x7f, 0x80, 0x80, 0x7f, 0x7e, 0x7e, 0x7d, 0x7f, 0x81,
    0x81, 0x81, 0x81, 0x80, 0x7f, 0x7f, 0x7f, 0x7f, 0x7f, 0x7f, 0x7f, 0x7f,
    0x80, 0x80, 0x80, 0x7f, 0x7f, 0x7e, 0x7f, 0x81, 0x81, 0x7f, 0x7d, 0x80,
    0x83, 0x81, 0x7e, 0x7e, 0x7e, 0x7e, 0x81, 0x82, 0x80, 0x7f, 0x7f, 0x7f,
    0x7f, 0x7f, 0x80, 0x7f, 0x7f, 0x7f, 0x7d, 0x7d, 0x80, 0x83, 0x82, 0x82,
    0x81, 0x7d, 0x7b, 0x7e, 0x7f, 0x80, 0x81, 0x80, 0x7f, 0x80, 0x80, 0x80,
    0x81, 0x80, 0x7f, 0x7e, 0x7e, 0x7e, 0x80, 0x80, 0x80, 0x80, 0x80, 0x7f,
    0x80, 0x81, 0x80, 0x7f, 0x7e, 0x7d, 0x7e, 0x7f, 0x80, 0x81, 0x81, 0x81,
    0x80, 0x7e, 0x7e, 0x7f, 0x7f, 0x80, 0x81, 0x80, 0x80, 0x80, 0x7e, 0x7e,
    0x7e, 0x7e, 0x7e, 0x7e, 0x7e, 0x82, 0x86, 0x83, 0x7f, 0x7e, 0x7d, 0x7c,
    0x7e, 0x80, 0x80, 0x7f, 0x7f, 0x80, 0x81, 0x81, 0x81, 0x80, 0x7f, 0x7e,
    0x7d, 0x7e, 0x7f, 0x80, 0x80, 0x80, 0x7f, 0x80, 0x80, 0x80, 0x80, 0x7f,
    0x7f, 0x7f, 0x7f, 0x7f, 0x80, 0x80, 0x7f, 0x7f, 0x7f, 0x7f, 0x80, 0x80,
    0x80, 0x7f, 0x7f, 0x7f, 0x7f, 0x7f, 0x7f, 0x7f, 0x81, 0x81, 0x80, 0x7e,
    0x7e, 0x7f, 0x80, 0x81, 0x80, 0x7f, 0x7e, 0x7f, 0x80, 0x80, 0x80, 0x80,
    0x7f, 0x7f, 0x80, 0x7f, 0x7f, 0x80, 0x80, 0x7f, 0x7f, 0x7e, 0x7e, 0x7f,
    0x80, 0x82, 0x81, 0x7f, 0x7e, 0x7e, 0x7f, 0x80, 0x81, 0x80, 0x7f, 0x7e,
    0x7f, 0x80, 0x80, 0x80, 0x7f, 0x7f, 0x7e, 0x7e, 0x7e, 0x7e, 0x7f, 0x82,
    0x85, 0x84, 0x7e, 0x7c, 0x7c, 0x7e, 0x7f, 0x80, 0x80, 0x7f, 0x7f, 0x81,
    0x81, 0x81, 0x80, 0x7f, 0x7e, 0x7e, 0x7e, 0x7f, 0x80, 0x80, 0x7f, 0x7f,
    0x7f, 0x80, 0x81, 0x81, 0x80, 0x7f, 0x7f, 0x7f, 0x7f, 0x7f, 0x80, 0x7f,
    0x7f, 0x80, 0x80, 0x80, 0x80, 0x80, 0x80, 0x7f, 0x7e, 0x7f, 0x7f, 0x7f,
    0x7f, 0x7f, 0x7f, 0x80, 0x81, 0x82, 0x81, 0x7f, 0x7f, 0x7f, 0x7f, 0x7f,
    0x7f, 0x80, 0x80, 0x7f, 0x7f, 0x80, 0x80, 0x80, 0x80, 0x7e, 0x7e, 0x7f,
    0x81, 0x81, 0x80, 0x7f, 0x7e, 0x7d, 0x7e, 0x80, 0x80, 0x80, 0x80, 0x80,
    0x80, 0x7f, 0x7f, 0x7f, 0x7f, 0x7f, 0x7f, 0x7f, 0x80, 0x80, 0x80, 0x80,
    0x7f, 0x7f, 0x7f, 0x80, 0x7f, 0x7f, 0x7f, 0x7f, 0x7f, 0x7f, 0x80, 0x80,
    0x80, 0x80, 0x7f, 0x7f, 0x7f, 0x7f, 0x7f, 0x7f, 0x7f, 0x80, 0x80, 0x80,
    0x80, 0x80, 0x80, 0x7f, 0x7f, 0x7f, 0x7f, 0x7f, 0x7f, 0x7f, 0x80, 0x81,
    0x80, 0x80, 0x7f, 0x7f, 0x7f, 0x80, 0x80, 0x80, 0x80, 0x7f, 0x7f, 0x7f,
    0x7f, 0x7f, 0x7f, 0x7f, 0x7f, 0x80, 0x81, 0x81, 0x80, 0x80, 0x80, 0x7e,
    0x7d, 0x7e, 0x7f, 0x80, 0x80, 0x80, 0x80, 0x80, 0x80, 0x80, 0x7f, 0x7f,
    0x7f, 0x7f, 0x7f, 0x7f, 0x80, 0x80, 0x80, 0x80, 0x80, 0x80, 0x80, 0x80,
    0x7f, 0x7f, 0x7f, 0x7f, 0x7f, 0x80, 0x80, 0x7f, 0x7f, 0x7f, 0x80, 0x80,
    0x7f, 0x7f, 0x7f, 0x7f, 0x80, 0x80, 0x80, 0x7f, 0x7f, 0x7f, 0x7f, 0x7f,
    0x7f, 0x7f, 0x7f, 0x80, 0x82, 0x81, 0x80, 0x7e, 0x7e, 0x7e, 0x7f, 0x7f,
    0x80, 0x80, 0x80, 0x80, 0x7f, 0x7f, 0x7f, 0x7f, 0x7f, 0x80, 0x80, 0x80,
    0x7f, 0x7f, 0x7f, 0x80, 0x80, 0x80, 0x7f, 0x7f, 0x7e, 0x7f, 0x80, 0x80,
    0x80, 0x80, 0x7f, 0x7f, 0x7f, 0x7f, 0x7f, 0x7f, 0x7f, 0x7f, 0x7f, 0x7f,
    0x80, 0x80, 0x80, 0x7f, 0x7f, 0x7f, 0x7f, 0x7f, 0x7f, 0x80, 0x80, 0x80,
    0x80, 0x7f, 0x7f, 0x7f, 0x7f, 0x80, 0x7f, 0x7f, 0x7f, 0x80, 0x80, 0x80,
    0x7f, 0x7f, 0x7f, 0x80, 0x80, 0x7f, 0x7f, 0x7f, 0x80, 0x80, 0x80, 0x80,
    0x7f, 0x7f, 0x7f, 0x7f, 0x7f, 0x7f, 0x7f, 0x80, 0x80, 0x80, 0x80, 0x80,
    0x7f, 0x7f, 0x7f, 0x7f, 0x80, 0x80, 0x80, 0x80, 0x7f, 0x7f, 0x7f, 0x7f,
    0x80, 0x80, 0x80, 0x80, 0x80, 0x7f, 0x7f, 0x7f, 0x80, 0x80, 0x80, 0x7f,
    0x7f, 0x7f, 0x7f, 0x7f, 0x80, 0x80, 0x7f, 0x7f, 0x7f, 0x80, 0x80, 0x7f,
    0x7f, 0x7f, 0x7f, 0x80, 0x80, 0x80, 0x80, 0x80, 0x80, 0x7f, 0x7f, 0x7f,
    0x7f, 0x7f, 0x7f, 0x80, 0x7f, 0x7f, 0x7f, 0x80, 0x80, 0x80, 0x7f, 0x7f,
    0x80, 0x81, 0x7f, 0x7f, 0x7e, 0x7f, 0x7f, 0x80, 0x80, 0x80, 0x80, 0x80,
    0x80, 0x7f, 0x7f, 0x7f, 0x7f, 0x7f, 0x7f, 0x7f, 0x7f, 0x80, 0x80, 0x80,
    0x7f, 0x7f, 0x80, 0x80, 0x80, 0x7f, 0x7f, 0x7f, 0x7f, 0x7f, 0x7f, 0x7f,
    0x80, 0x80, 0x80, 0x80, 0x7f, 0x7f, 0x80, 0x80, 0x7f, 0x7f, 0x7f, 0x7f,
    0x80, 0x80, 0x80, 0x7f, 0x80, 0x80, 0x80, 0x80, 0x7f, 0x7f, 0x7f, 0x7f,
    0x80, 0x80, 0x80, 0x80, 0x7f, 0x7f, 0x7f, 0x7f, 0x7f, 0x7f, 0x7f, 0x7f,
    0x80, 0x80, 0x80, 0x80, 0x7f, 0x7f, 0x7f, 0x7f, 0x80, 0x7f, 0x7f, 0x80,
    0x80, 0x80, 0x80, 0x80, 0x80, 0x7f, 0x7f, 0x7f, 0x7f, 0x7f, 0x80, 0x80,
    0x7f, 0x7f, 0x80, 0x80, 0x80, 0x7f, 0x7f, 0x7f, 0x7f, 0x80, 0x80, 0x80,
    0x80, 0x7f, 0x7f, 0x7f, 0x7f, 0x7f, 0x80, 0x80, 0x7f, 0x80, 0x80, 0x80,
    0x80, 0x80, 0x7f, 0x7f, 0x7f, 0x7f, 0x80, 0x80, 0x80, 0x80, 0x80, 0x80,
    0x80, 0x7f, 0x7f, 0x7f, 0x7f, 0x80, 0x80, 0x80, 0x7f, 0x7f, 0x7f, 0x80,
    0x80, 0x80, 0x7f, 0x7f, 0x7f, 0x80, 0x80, 0x80, 0x80, 0x80, 0x7f, 0x7f,
    0x7f, 0x7f, 0x80, 0x80, 0x7f, 0x7f, 0x80, 0x80, 0x80, 0x80, 0x7f, 0x7f,
    0x7f, 0x7f, 0x7f, 0x7f, 0x7f, 0x80, 0x80, 0x80, 0x7f, 0x7f, 0x80, 0x80,
    0x80, 0x7f, 0x7f, 0x7f, 0x7f, 0x7f, 0x7f, 0x7f, 0x80, 0x80, 0x80, 0x7f,
    0x7f, 0x7f, 0x7f, 0x7f, 0x80, 0x80, 0x80, 0x80, 0x7f, 0x7f, 0x7f, 0x7f,
    0x80, 0x80, 0x7f, 0x7f, 0x7f, 0x7f, 0x80, 0x80, 0x7f, 0x7f, 0x7f, 0x80,
    0x80, 0x80, 0x80, 0x7f, 0x7f, 0x7f, 0x7f, 0x7f, 0x80, 0x80, 0x80, 0x80,
    0x7f, 0x7f, 0x7f, 0x7f, 0x80, 0x80, 0x7f, 0x7f, 0x7f, 0x80, 0x80, 0x80,
    0x80, 0x7f, 0x7f, 0x7f, 0x7f, 0x7f, 0x7f, 0x7f, 0x7f, 0x7f, 0x7f, 0x80,
    0x80, 0x80, 0x80, 0x7f, 0x7f, 0x7f, 0x7f, 0x7f, 0x7f, 0x80, 0x80, 0x80,
    0x80, 0x80, 0x80, 0x80, 0x80, 0x7f, 0x7f, 0x7f, 0x7f, 0x7f, 0x80, 0x80,
    0x80, 0x80, 0x80, 0x80, 0x7f, 0x7f, 0x7f, 0x7f, 0x7f, 0x7f, 0x7f, 0x7f,
    0x80, 0x80, 0x80, 0x80, 0x7f, 0x7f, 0x7f, 0x7f, 0x80, 0x7f, 0x7f, 0x7f,
    0x7f, 0x7f, 0x80, 0x80, 0x80, 0x80, 0x80, 0x80, 0x7f, 0x7f, 0x7f, 0x7f,
    0x7f, 0x7f, 0x7f, 0x80, 0x80, 0x80, 0x80, 0x7f, 0x80, 0x80, 0x7f, 0x7f,
    0x7f, 0x7f, 0x7f, 0x7f, 0x7f, 0x80, 0x80, 0x80, 0x80, 0x80, 0x80, 0x7f,
    0x7f, 0x7f, 0x7f, 0x7f, 0x7f, 0x7f, 0x7f, 0x7f, 0x80, 0x80, 0x80, 0x80,
    0x7f, 0x7f, 0x7f, 0x7f, 0x7f, 0x7f, 0x80, 0x7f, 0x7f, 0x80, 0x7f, 0x80,
    0x80, 0x80, 0x80, 0x7f, 0x7f, 0x7f, 0x7f, 0x7f, 0x7f, 0x80, 0x80, 0x7f,
    0x80, 0x80, 0x80, 0x7f, 0x7f, 0x7f, 0x7f, 0x7f, 0x7f, 0x7f, 0x7f, 0x7f,
    0x7f, 0x80, 0x80, 0x7f, 0x80, 0x80, 0x80, 0x80, 0x80, 0x7f, 0x7f, 0x7f,
    0x7f, 0x7f, 0x7f, 0x80, 0x80, 0x80, 0x80, 0x80, 0x80, 0x7f, 0x7f, 0x7f,
    0x7f, 0x7f, 0x7f, 0x80, 0x80, 0x80, 0x80, 0x80, 0x7f, 0x80, 0x80, 0x7f,
    0x7f, 0x7f, 0x7f, 0x7f, 0x7f, 0x7f, 0x80, 0x80, 0x80, 0x80, 0x80, 0x80,
    0x80, 0x7f, 0x7f, 0x7f, 0x7f, 0x80, 0x7f, 0x7f, 0x7f, 0x7f, 0x7f, 0x80,
    0x80, 0x7f, 0x7f, 0x80, 0x80, 0x80, 0x7f, 0x7f, 0x7f, 0x7f, 0x7f, 0x80,
    0x80, 0x80, 0x80, 0x80, 0x80, 0x80, 0x80, 0x7f, 0x7f, 0x7f, 0x7f, 0x7f,
    0x7f, 0x80, 0x80, 0x80, 0x80, 0x80, 0x80, 0x80, 0x7f, 0x7f, 0x7f, 0x7f,
    0x7f, 0x7f, 0x80, 0x80, 0x80, 0x80, 0x80, 0x80, 0x7f, 0x7f, 0x7f, 0x7f,
    0x7f, 0x7f, 0x7f, 0x7f, 0x7f, 0x7f, 0x7f, 0x80, 0x80, 0x80, 0x80, 0x80,
    0x7f, 0x7f, 0x7f, 0x7f, 0x7f, 0x80, 0x80, 0x80, 0x7f, 0x7f, 0x7f, 0x7f,
    0x7f, 0x7f, 0x80, 0x80, 0x80, 0x80, 0x7f, 0x7f, 0x7f, 0x7f, 0x80, 0x80,
    0x7f, 0x7f, 0x7f, 0x7f, 0x7f, 0x7f, 0x80, 0x80, 0x80, 0x7f, 0x80, 0x80,
    0x80, 0x7f, 0x7f, 0x7f, 0x80, 0x80, 0x80, 0x7f, 0x7e, 0x7e, 0x7f, 0x80,
    0x80, 0x80, 0x80, 0x7f, 0x7f, 0x80, 0x7f, 0x7d, 0x7f, 0x82, 0x82, 0x80,
    0x80, 0x7f, 0x7e, 0x7e, 0x80, 0x80, 0x80, 0x7f, 0x80, 0x80, 0x7f, 0x7f,
    0x7f, 0x7f, 0x7f, 0x7f, 0x80, 0x7f, 0x80, 0x80, 0x7f, 0x7f, 0x7f, 0x7f,
    0x7f, 0x80, 0x80, 0x80, 0x80, 0x7f, 0x7f, 0x7e, 0x7d, 0x7e, 0x82, 0x84,
    0x81, 0x7f, 0x7f, 0x7e, 0x7e, 0x7f, 0x7f, 0x7d, 0x7f, 0x81, 0x82, 0x82,
    0x81, 0x7f, 0x7d, 0x7e, 0x81, 0x82, 0x80, 0x7d, 0x7e, 0x7e, 0x7e, 0x80,
    0x82, 0x81, 0x80, 0x80, 0x80, 0x7f, 0x7f, 0x80, 0x7f, 0x7e, 0x7e, 0x7f,
    0x80, 0x81, 0x80, 0x80, 0x7f, 0x7f, 0x7f, 0x80, 0x80, 0x7e, 0x7e, 0x7e,
    0x80, 0x80, 0x7f, 0x7f, 0x81, 0x83, 0x81, 0x7e, 0x7e, 0x7e, 0x7e, 0x7f,
    0x80, 0x80, 0x80, 0x80, 0x80, 0x80, 0x80, 0x7f, 0x7e, 0x7f, 0x80, 0x7f,
    0x7e, 0x7f, 0x80, 0x80, 0x80, 0x80, 0x80, 0x7f, 0x80, 0x80, 0x80, 0x80,
    0x7f, 0x7e, 0x7d, 0x7c, 0x7e, 0x83, 0x86, 0x83, 0x7f, 0x7e, 0x7d, 0x7e,
    0x81, 0x80, 0x7d, 0x7c, 0x7e, 0x7f, 0x7f, 0x80, 0x80, 0x80, 0x82, 0x85,
    0x83, 0x7e, 0x7b, 0x7c, 0x7c, 0x7d, 0x80, 0x81, 0x81, 0x81, 0x81, 0x81,
    0x80, 0x80, 0x80, 0x7e, 0x7d, 0x7d, 0x7e, 0x80, 0x81, 0x81, 0x7f, 0x7f,
    0x80, 0x81, 0x81, 0x80, 0x7f, 0x7e, 0x7e, 0x7e, 0x7e, 0x7f, 0x81, 0x81,
    0x7e, 0x7e, 0x7f, 0x7f, 0x81, 0x86, 0x83, 0x7c, 0x7c, 0x7d, 0x7c, 0x7f,
    0x82, 0x81, 0x80, 0x80, 0x80, 0x80, 0x80, 0x80, 0x7f, 0x7e, 0x7d, 0x7e,
    0x80, 0x81, 0x81, 0x80, 0x7f, 0x7e, 0x7f, 0x80, 0x7f, 0x7f, 0x7f, 0x7f,
    0x80, 0x81, 0x81, 0x7f, 0x7d, 0x7d, 0x83, 0x86, 0x81, 0x7e, 0x7d, 0x7c,
    0x7d, 0x81, 0x83, 0x80, 0x7e, 0x7f, 0x7f, 0x7e, 0x80, 0x81, 0x80, 0x7f,
    0x7e, 0x7f, 0x7f, 0x81, 0x84, 0x83, 0x7e, 0x7b, 0x7d, 0x7e, 0x7f, 0x81,
    0x82, 0x80, 0x80, 0x80, 0x80, 0x80, 0x7f, 0x7e, 0x7e, 0x7e, 0x7e, 0x7e,
    0x81, 0x82, 0x80, 0x80, 0x81, 0x7f, 0x7f, 0x81, 0x7f, 0x7d, 0x7c, 0x7c,
    0x83, 0x87, 0x81, 0x7e, 0x80, 0x7d, 0x7d, 0x83, 0x83, 0x7e, 0x7e, 0x7f,
    0x7c, 0x7d, 0x81, 0x80, 0x7e, 0x7d, 0x7d, 0x7f, 0x86, 0x8b, 0x84, 0x7b,
    0x79, 0x79, 0x7a, 0x80, 0x83, 0x82, 0x81, 0x80, 0x80, 0x81, 0x81, 0x81,
    0x80, 0x7e, 0x7d, 0x7c, 0x7d, 0x80, 0x81, 0x81, 0x7f, 0x7f, 0x81, 0x82,
    0x82, 0x80, 0x7d, 0x7b, 0x7b, 0x7d, 0x80, 0x81, 0x81, 0x80, 0x84, 0x86,
    0x81, 0x7d, 0x7d, 0x7b, 0x7b, 0x7f, 0x81, 0x81, 0x82, 0x82, 0x82, 0x7f,
    0x7f, 0x7f, 0x7e, 0x7d, 0x7e, 0x7e, 0x7e, 0x81, 0x82, 0x81, 0x7f, 0x80,
    0x80, 0x80, 0x80, 0x7f, 0x7d, 0x7a, 0x7d, 0x87, 0x88, 0x81, 0x7f, 0x7e,
    0x7b, 0x7d, 0x83, 0x83, 0x7f, 0x7d, 0x7c, 0x7d, 0x7f, 0x82, 0x82, 0x81,
    0x7d, 0x7b, 0x7a, 0x7c, 0x84, 0x8e, 0x89, 0x7c, 0x79, 0x7a, 0x79, 0x7d,
    0x83, 0x83, 0x80, 0x80, 0x80, 0x81, 0x81, 0x83, 0x81, 0x7d, 0x7b, 0x7b,
    0x7c, 0x81, 0x84, 0x82, 0x80, 0x7d, 0x7e, 0x80, 0x7f, 0x7d, 0x7e, 0x7d,
    0x80, 0x88, 0x87, 0x7f, 0x7d, 0x7c, 0x79, 0x7c, 0x81, 0x82, 0x82, 0x82,
    0x83, 0x81, 0x7e, 0x7e, 0x7d, 0x7c, 0x7d, 0x7f, 0x7f, 0x80, 0x80, 0x7e,
    0x7a, 0x77, 0x80, 0x91, 0x90, 0x81, 0x7e, 0x79, 0x72, 0x76, 0x7f, 0x84,
    0x83, 0x82, 0x83, 0x82, 0x80, 0x82, 0x84, 0x7f, 0x79, 0x79, 0x79, 0x7d,
    0x84, 0x86, 0x83, 0x81, 0x80, 0x7d, 0x7d, 0x7f, 0x80, 0x7d, 0x7c, 0x7b,
    0x7c, 0x87, 0x8d, 0x84, 0x7f, 0x7d, 0x78, 0x78, 0x7f, 0x83, 0x83, 0x81,
    0x80, 0x81, 0x81, 0x80, 0x7f, 0x7d, 0x7c, 0x7b, 0x7d, 0x81, 0x85, 0x84,
    0x82, 0x7e, 0x7c, 0x7d, 0x7d, 0x7e, 0x7f, 0x7e, 0x7b, 0x7e, 0x8a, 0x8c,
    0x82, 0x7e, 0x7c, 0x78, 0x7a, 0x7f, 0x83, 0x81, 0x80, 0x83, 0x80, 0x7e,
    0x81, 0x7f, 0x7e, 0x7e, 0x7d, 0x7d, 0x7d, 0x7e, 0x7b, 0x76, 0x78, 0x8f,
    0x99, 0x88, 0x82, 0x7e, 0x71, 0x6f, 0x77, 0x7f, 0x83, 0x83, 0x86, 0x88,
    0x82, 0x81, 0x83, 0x7f, 0x7c, 0x7c, 0x78, 0x77, 0x7f, 0x84, 0x82, 0x82,
    0x83, 0x82, 0x81, 0x80, 0x7f, 0x7e, 0x7c, 0x7b, 0x7b, 0x7c, 0x7c, 0x7d,
    0x7f, 0x89, 0x92, 0x8a, 0x80, 0x7d, 0x76, 0x73, 0x78, 0x81, 0x85, 0x81,
    0x83, 0x86, 0x81, 0x81, 0x81, 0x7b, 0x78, 0x7a, 0x7b, 0x7f, 0x85, 0x87,
    0x84, 0x7f, 0x7d, 0x7f, 0x7e, 0x7c, 0x7d, 0x7c, 0x79, 0x79, 0x87, 0x94,
    0x8b, 0x81, 0x7e, 0x77, 0x73, 0x79, 0x83, 0x86, 0x84, 0x83, 0x80, 0x7c,
    0x7e, 0x81, 0x7f, 0x7f, 0x7c, 0x7b, 0x7e, 0x7e, 0x7f, 0x7e, 0x77, 0x72,
    0x86, 0x9b, 0x8e, 0x85, 0x83, 0x75, 0x6c, 0x70, 0x7c, 0x83, 0x82, 0x88,
    0x8b, 0x85, 0x81, 0x81, 0x80, 0x7d, 0x7c, 0x78, 0x77, 0x7a, 0x7f, 0x83,
    0x86, 0x87, 0x86, 0x82, 0x7e, 0x7c, 0x7d, 0x7d, 0x7b, 0x79, 0x7a, 0x7d,
    0x7e, 0x7c, 0x7f, 0x93, 0x97, 0x84, 0x7f, 0x7b, 0x70, 0x6f, 0x7a, 0x84,
    0x84, 0x83, 0x86, 0x85, 0x82, 0x84, 0x81, 0x7a, 0x78, 0x79, 0x7b, 0x7d,
    0x83, 0x85, 0x81, 0x80, 0x81, 0x80, 0x7d, 0x7c, 0x7b, 0x79, 0x75, 0x7f,
    0x96, 0x92, 0x84, 0x82, 0x79, 0x6f, 0x72, 0x7f, 0x87, 0x84, 0x84, 0x85,
    0x80, 0x80, 0x82, 0x80, 0x7c, 0x7b, 0x78, 0x7a, 0x7f, 0x81, 0x83, 0x7e,
    0x79, 0x75, 0x6f, 0x83, 0xa3, 0x94, 0x88, 0x86, 0x72, 0x68, 0x6b, 0x79,
    0x83, 0x81, 0x8b, 0x90, 0x87, 0x84, 0x85, 0x7f, 0x7a, 0x7b, 0x74, 0x71,
    0x79, 0x81, 0x88, 0x8a, 0x87, 0x84, 0x81, 0x7e, 0x7c, 0x7b, 0x7b, 0x7a,
    0x7d, 0x7e, 0x7c, 0x7b, 0x78, 0x82, 0x99, 0x94, 0x86, 0x83, 0x78, 0x6d,
    0x6f, 0x79, 0x81, 0x83, 0x8a, 0x89, 0x83, 0x83, 0x82, 0x7e, 0x7b, 0x7b,
    0x77, 0x79, 0x7c, 0x7e, 0x81, 0x7d, 0x79, 0x74, 0x70, 0x93, 0xaa, 0x8e,
    0x8b, 0x82, 0x68, 0x61, 0x6b, 0x7d, 0x81, 0x86, 0x93, 0x8e, 0x84, 0x88,
    0x87, 0x7d, 0x7d, 0x76, 0x6b, 0x70, 0x7a, 0x82, 0x8b, 0x8b, 0x86, 0x86,
    0x80, 0x7c, 0x80, 0x7d, 0x75, 0x75, 0x75, 0x72, 0x76, 0x8e, 0xa2, 0x95,
    0x8a, 0x84, 0x72, 0x68, 0x70, 0x7e, 0x80, 0x83, 0x8e, 0x87, 0x82, 0x86,
    0x81, 0x7d, 0x7d, 0x79, 0x77, 0x7a, 0x79, 0x7d, 0x82, 0x7f, 0x7e, 0x76,
    0x69, 0x8c, 0xaa, 0x8b, 0x8e, 0x8a, 0x6d, 0x62, 0x6a, 0x7d, 0x7b, 0x83,
    0x96, 0x8d, 0x85, 0x8c, 0x83, 0x7b, 0x7f, 0x75, 0x6d, 0x74, 0x79, 0x84,
    0x8c, 0x85, 0x82, 0x84, 0x80, 0x7d, 0x7d, 0x79, 0x73, 0x6b, 0x73, 0x9b,
    0x9d, 0x8b, 0x93, 0x80, 0x68, 0x67, 0x76, 0x7f, 0x7e, 0x8c, 0x92, 0x84,
    0x83, 0x85, 0x7b, 0x7c, 0x7c, 0x74, 0x77, 0x7a, 0x7d, 0x86, 0x84, 0x80,
    0x82, 0x7d, 0x71, 0x66, 0x75, 0xa9, 0x9e, 0x89, 0x95, 0x75, 0x5d, 0x64,
    0x77, 0x7f, 0x80, 0x96, 0x96, 0x85, 0x86, 0x83, 0x79, 0x7f, 0x7d, 0x6e,
    0x70, 0x76, 0x7d, 0x8a, 0x8d, 0x87, 0x84, 0x7f, 0x74, 0x71, 0x66, 0x6e,
    0xa4, 0xa3, 0x8c, 0x91, 0x7a, 0x65, 0x63, 0x78, 0x81, 0x7c, 0x95, 0x94,
    0x83, 0x8c, 0x83, 0x79, 0x7c, 0x74, 0x70, 0x77, 0x78, 0x80, 0x89, 0x82,
    0x80, 0x7f, 0x75, 0x60, 0x7e, 0xb6, 0x93, 0x8f, 0x95, 0x6b, 0x57, 0x61,
    0x7f, 0x77, 0x84, 0xa1, 0x8f, 0x8a, 0x90, 0x80, 0x79, 0x7a, 0x6b, 0x6e,
    0x76, 0x75, 0x87, 0x8c, 0x86, 0x86, 0x86, 0x7b, 0x76, 0x66, 0x6b, 0xa1,
    0x95, 0x88, 0x9a, 0x7b, 0x68, 0x6a, 0x79, 0x7a, 0x7e, 0x96, 0x90, 0x88,
    0x86, 0x79, 0x76, 0x7c, 0x79, 0x79, 0x7b, 0x77, 0x7f, 0x85, 0x81, 0x7e,
    0x75, 0x62, 0x86, 0xaf, 0x8d, 0x96, 0x95, 0x6a, 0x5c, 0x66, 0x75, 0x74,
    0x8a, 0x9d, 0x95, 0x95, 0x84, 0x74, 0x74, 0x75, 0x75, 0x7b, 0x77, 0x73,
    0x83, 0x84, 0x85, 0x86, 0x7d, 0x66, 0x66, 0xa8, 0xa0, 0x8a, 0xa2, 0x7e,
    0x59, 0x5b, 0x72, 0x73, 0x85, 0xa2, 0x96, 0x92, 0x82, 0x71, 0x77, 0x79,
    0x78, 0x7a, 0x76, 0x70, 0x7d, 0x89, 0x81, 0x7f, 0x6b, 0x6e, 0xab, 0xa0,
    0x8d, 0x9f, 0x7c, 0x55, 0x5d, 0x71, 0x68, 0x84, 0xa5, 0x9c, 0x99, 0x8a,
    0x70, 0x72, 0x78, 0x77, 0x76, 0x74, 0x6f, 0x7d, 0x87, 0x84, 0x83, 0x7a,
    0x60, 0x8b, 0xb7, 0x8c, 0x9b, 0x97, 0x63, 0x4e, 0x69, 0x6c, 0x71, 0x9e,
    0x9d, 0x98, 0x96, 0x7b, 0x72, 0x76, 0x70, 0x73, 0x7a, 0x76, 0x7c, 0x85,
    0x81, 0x7b, 0x78, 0x66, 0x81, 0xb3, 0x94, 0x98, 0x9d, 0x73, 0x56, 0x66,
    0x6c, 0x64, 0x8b, 0x98, 0x97, 0xa0, 0x8c, 0x77, 0x77, 0x72, 0x6f, 0x75,
    0x73, 0x74, 0x81, 0x84, 0x83, 0x80, 0x73, 0x62, 0xa1, 0xa7, 0x86, 0xa3,
    0x8e, 0x63, 0x5f, 0x74, 0x61, 0x70, 0x93, 0x92, 0xa0, 0x9c, 0x80, 0x7a,
    0x76, 0x6f, 0x74, 0x76, 0x6e, 0x78, 0x80, 0x80, 0x80, 0x79, 0x58, 0x93,
    0xc7, 0x84, 0xac, 0xa3, 0x51, 0x51, 0x6a, 0x56, 0x6a, 0x9f, 0x9c, 0xa9,
    0xa3, 0x79, 0x75, 0x74, 0x6d, 0x77, 0x74, 0x6a, 0x78, 0x7f, 0x82, 0x8a,
    0x81, 0x6e, 0x5f, 0xb7, 0xb1, 0x83, 0xb4, 0x7a, 0x40, 0x5f, 0x63, 0x66,
    0x93, 0xa4, 0x9e, 0x9d, 0x7f, 0x6e, 0x79, 0x74, 0x78, 0x7d, 0x71, 0x6e,
    0x79, 0x80, 0x7c, 0x74, 0x5f, 0xa4, 0xc9, 0x93, 0xa5, 0x91, 0x49, 0x4b,
    0x67, 0x61, 0x83, 0xa5, 0x98, 0x99, 0x86, 0x72, 0x7b, 0x7a, 0x7a, 0x7a,
    0x6f, 0x6b, 0x78, 0x78, 0x72, 0x5f, 0x81, 0xcf, 0xa9, 0xa6, 0xae, 0x64,
    0x40, 0x5c, 0x5a, 0x66, 0x99, 0xa2, 0xa1, 0x96, 0x79, 0x78, 0x7b, 0x76,
    0x7a, 0x73, 0x6b, 0x6e, 0x80, 0x7b, 0x72, 0x59, 0x9f, 0xc7, 0x90, 0xb5,
    0xa1, 0x58, 0x50, 0x64, 0x52, 0x71, 0x9e, 0x97, 0xa1, 0x8e, 0x73, 0x7e,
    0x7a, 0x7a, 0x7c, 0x71, 0x69, 0x76, 0x80, 0x76, 0x6c, 0x70, 0xa8, 0xa6,
    0x98, 0xad, 0x8c, 0x67, 0x68, 0x65, 0x5c, 0x7b, 0x89, 0x87, 0x8d, 0x82,
    0x85, 0x91, 0x8e, 0x85, 0x77, 0x65, 0x63, 0x71, 0x71, 0x67, 0x72, 0x95,
    0xa9, 0xa5, 0xab, 0x9e, 0x72, 0x65, 0x63, 0x59, 0x67, 0x8b, 0x99, 0x99,
    0x8b, 0x74, 0x7b, 0x82, 0x84, 0x83, 0x75, 0x68, 0x70, 0x72, 0x6f, 0x55,
    0x81, 0xcf, 0x8f, 0xad, 0xbc, 0x61, 0x5d, 0x70, 0x55, 0x5d, 0x85, 0x93,
    0xa4, 0xa3, 0x7f, 0x77, 0x73, 0x70, 0x80, 0x78, 0x72, 0x72, 0x7c, 0x74,
    0x6c, 0x4d, 0x9b, 0xd4, 0x87, 0xc5, 0xa3, 0x49, 0x60, 0x61, 0x52, 0x6d,
    0x9b, 0x9e, 0xa8, 0x94, 0x70, 0x7a, 0x71, 0x76, 0x7e, 0x72, 0x6d, 0x78,
    0x7c, 0x74, 0x61, 0x59, 0xc7, 0xb6, 0x90, 0xce, 0x75, 0x45, 0x64, 0x5c,
    0x5e, 0x89, 0x9d, 0x9c, 0x9f, 0x7d, 0x75, 0x7f, 0x76, 0x7b, 0x77, 0x6b,
    0x6e, 0x7c, 0x79, 0x6a, 0x50, 0xa3, 0xcf, 0x8d, 0xc0, 0x9f, 0x49, 0x57,
    0x62, 0x58, 0x77, 0x9e, 0x9c, 0xa1, 0x8d, 0x72, 0x7d, 0x7a, 0x77, 0x78,
    0x6b, 0x65, 0x79, 0x7e, 0x74, 0x55, 0x84, 0xd6, 0x94, 0xad, 0xb7, 0x59,
    0x4a, 0x69, 0x59, 0x5d, 0x98, 0xa1, 0xa7, 0xa1, 0x76, 0x75, 0x78, 0x73,
    0x7c, 0x6e, 0x64, 0x6e, 0x86, 0x7f, 0x7c, 0x5a, 0x83, 0xcc, 0x8d, 0xab,
    0xaf, 0x5e, 0x4f, 0x6e, 0x59, 0x60, 0x9c, 0x9d, 0xa0, 0x9a, 0x76, 0x76,
    0x7b, 0x76, 0x7b, 0x71, 0x68, 0x74, 0x82, 0x7a, 0x74, 0x5d, 0x95, 0xbf,
    0x8a, 0xad, 0xa3, 0x5d, 0x5e, 0x6f, 0x59, 0x6e, 0x99, 0x93, 0x99, 0x8c,
    0x73, 0x7e, 0x80, 0x7f, 0x7f, 0x72, 0x6b, 0x78, 0x79, 0x72, 0x62, 0x5e,
    0xae, 0xab, 0x93, 0xbf, 0x92, 0x61, 0x6b, 0x65, 0x54, 0x77, 0x97, 0x90,
    0x9a, 0x84, 0x72, 0x82, 0x7c, 0x7d, 0x7e, 0x6b, 0x6d, 0x70, 0x62, 0x3f,
    0xa7, 0xd6, 0x86, 0xd8, 0xa5, 0x43, 0x5f, 0x61, 0x4e, 0x6e, 0xa6, 0x95,
    0xa8, 0x93, 0x65, 0x80, 0x78, 0x78, 0x85, 0x70, 0x64, 0x74, 0x78, 0x77,
    0x67, 0x58, 0xc8, 0xb5, 0x90, 0xd1, 0x76, 0x50, 0x6a, 0x50, 0x64, 0x8d,
    0x85, 0x92, 0x94, 0x72, 0x85, 0x90, 0x81, 0x89, 0x74, 0x59, 0x60, 0x5a,
    0x5a, 0x9f, 0xbf, 0xab, 0xbe, 0x9b, 0x59, 0x5d, 0x5f, 0x63, 0x88, 0x8b,
    0x82, 0x84, 0x7d, 0x80, 0x8c, 0x8b, 0x84, 0x7e, 0x68, 0x5f, 0x5a, 0x50,
    0x8f, 0xbe, 0xaf, 0xc1, 0xa6, 0x61, 0x58, 0x56, 0x59, 0x81, 0x8b, 0x8b,
    0x8e, 0x7e, 0x7e, 0x8e, 0x8b, 0x89, 0x7f, 0x66, 0x5e, 0x5f, 0x5d, 0x7e,
    0xa6, 0xa3, 0xad, 0xad, 0x87, 0x6c, 0x69, 0x5c, 0x6a, 0x7f, 0x7e, 0x83,
    0x85, 0x83, 0x86, 0x89, 0x88, 0x84, 0x7b, 0x6b, 0x67, 0x4b, 0x62, 0xb3,
    0xa8, 0xab, 0xbf, 0x83, 0x61, 0x66, 0x54, 0x6a, 0x84, 0x7d, 0x88, 0x81,
    0x77, 0x88, 0x90, 0x8b, 0x8b, 0x78, 0x67, 0x69, 0x64, 0x7f, 0x91, 0x8a,
    0x97, 0xa1, 0x91, 0x81, 0x81, 0x6c, 0x6e, 0x74, 0x71, 0x7a, 0x7c, 0x7e,
    0x82, 0x88, 0x8c, 0x8d, 0x83, 0x71, 0x63, 0x49, 0x75, 0x9a, 0x93, 0xc1,
    0xbe, 0x8b, 0x76, 0x62, 0x4c, 0x69, 0x7a, 0x7c, 0x86, 0x7a, 0x7d, 0x8a,
    0x8d, 0x8c, 0x7e, 0x59, 0x28, 0x79, 0xd2, 0x9c, 0xd9, 0xc9, 0x52, 0x55,
    0x43, 0x45, 0x83, 0x96, 0x90, 0x91, 0x74, 0x73, 0x90, 0x91, 0x8d, 0x7c,
    0x5b, 0x41, 0x47, 0x95, 0xba, 0xbd, 0xcb, 0x9e, 0x5f, 0x51, 0x50, 0x65,
    0x86, 0x8a, 0x84, 0x7d, 0x7a, 0x86, 0x97, 0x8f, 0x87, 0x71, 0x56, 0x46,
    0x56, 0x9b, 0xb4, 0xbe, 0xc1, 0x94, 0x60, 0x53, 0x5c, 0x6a, 0x84, 0x89,
    0x82, 0x7a, 0x78, 0x89, 0x91, 0x8c, 0x83, 0x6b, 0x4a, 0x3d, 0x89, 0xc5,
    0xbb, 0xbf, 0xa4, 0x5e, 0x3d, 0x4f, 0x63, 0x88, 0xa1, 0x9b, 0x89, 0x77,
    0x70, 0x81, 0x8d, 0x87, 0x80, 0x6a, 0x59, 0x4b, 0x5b, 0xa3, 0xc0, 0xba,
    0xba, 0x9b, 0x5b, 0x4d, 0x59, 0x65, 0x85, 0x90, 0x89, 0x7d, 0x7c, 0x82,
    0x8d, 0x93, 0x87, 0x75, 0x5b, 0x47, 0x3e, 0x96, 0xd5, 0xb5, 0xc4, 0xa1,
    0x4d, 0x49, 0x58, 0x64, 0x85, 0x92, 0x86, 0x7e, 0x7d, 0x85, 0x94, 0x96,
    0x8c, 0x76, 0x5c, 0x59, 0x60, 0x71, 0x92, 0x99, 0xa2, 0xaf, 0x9d, 0x83,
    0x73, 0x66, 0x61, 0x68, 0x74, 0x79, 0x7d, 0x86, 0x8d, 0x8e, 0x8f, 0x85,
    0x7f, 0x7a, 0x71, 0x6a, 0x6b, 0x82, 0x86, 0x85, 0x94, 0x99, 0x8a, 0x83,
    0x89, 0x7e, 0x74, 0x76, 0x72, 0x70, 0x75, 0x79, 0x7f, 0x87, 0x8f, 0x8b,
    0x82, 0x77, 0x65, 0x54, 0x8b, 0xac, 0x8c, 0xa2, 0x9f, 0x7a, 0x62, 0x6b,
    0x6c, 0x76, 0x90, 0x8b, 0x87, 0x7b, 0x7a, 0x7f, 0x80, 0x80, 0x7b, 0x69,
    0x56, 0x40, 0x81, 0xc6, 0xad, 0xcc, 0xbb, 0x7c, 0x48, 0x4a, 0x52, 0x5e,
    0x99, 0xa0, 0x97, 0x88, 0x77, 0x73, 0x7f, 0x87, 0x81, 0x76, 0x5f, 0x4e,
    0x3f, 0x8b, 0xd7, 0xb6, 0xcb, 0xb4, 0x59, 0x44, 0x57, 0x56, 0x75, 0x9d,
    0x87, 0x7f, 0x82, 0x7b, 0x8d, 0x97, 0x8a, 0x7d, 0x6e, 0x61, 0x67, 0x7b,
    0x82, 0x90, 0x8d, 0x7e, 0x7b, 0x77, 0x87, 0x96, 0x9b, 0x9c, 0x90, 0x76,
    0x5f, 0x5c, 0x62, 0x70, 0x87, 0x88, 0x8a, 0x8f, 0x89, 0x8b, 0x85, 0x76,
    0x66, 0x59, 0x4f, 0x82, 0xbe, 0xb1, 0xa8, 0x9d, 0x76, 0x49, 0x4f, 0x71,
    0x82, 0xa1, 0xaa, 0x90, 0x74, 0x6d, 0x74, 0x7f, 0x83, 0x7c, 0x69, 0x5f,
    0x5e, 0x62, 0x4a, 0xa9, 0xf7, 0xb6, 0xbf, 0xa8, 0x4f, 0x24, 0x46, 0x53,
    0x4e, 0x91, 0xb7, 0xb4, 0xd1, 0xa7, 0x77, 0x71, 0x5d, 0x64, 0x60, 0x5e,
    0x5f, 0x77, 0x80, 0x89, 0x90, 0x82, 0x64, 0x95, 0xcd, 0x95, 0xa9, 0x9e,
    0x53, 0x3a, 0x4b, 0x4e, 0x63, 0x9d, 0xb8, 0xc4, 0xbc, 0x8c, 0x6c, 0x62,
    0x5d, 0x61, 0x68, 0x6f, 0x79, 0x86, 0x90, 0x8e, 0x8d, 0x83, 0x74, 0x5e,
    0x87, 0xae, 0x95, 0x93, 0x91, 0x66, 0x47, 0x5e, 0x76, 0x7f, 0xa4, 0xb4,
    0x90, 0x81, 0x74, 0x6b, 0x6d, 0x75, 0x7a, 0x75, 0x7d, 0x85, 0x8a, 0x8a,
    0x82, 0x72, 0x6d, 0x7c, 0x97, 0x9d, 0x90, 0x89, 0x79, 0x65, 0x5e, 0x6c,
    0x82, 0x94, 0xaf, 0xa2, 0x84, 0x6f, 0x5b, 0x67, 0x72, 0x7b, 0x81, 0x80,
    0x81, 0x7f, 0x79, 0x5d, 0x78, 0xc3, 0xab, 0x94, 0x97, 0x78, 0x4b, 0x4c,
    0x6b, 0x6c, 0x76, 0xa3, 0xb8, 0xb2, 0xa4, 0x76, 0x63, 0x5d, 0x64, 0x6c,
    0x6e, 0x6e, 0x76, 0x7f, 0x7e, 0x79, 0x6b, 0xc4, 0xcc, 0x97, 0xa2, 0x80,
    0x3f, 0x39, 0x61, 0x59, 0x73, 0x9f, 0xac, 0xa9, 0xb4, 0xa0, 0x7e, 0x6d,
    0x55, 0x58, 0x5d, 0x6a, 0x7e, 0x8a, 0x8d, 0x8f, 0x8d, 0x86, 0x78, 0x62,
    0x83, 0xae, 0x93, 0x8c, 0x90, 0x6c, 0x52, 0x61, 0x71, 0x77, 0x8b, 0xa6,
    0xa3, 0x90, 0x83, 0x74, 0x6f, 0x73, 0x7a, 0x76, 0x76, 0x77, 0x7c, 0x82,
    0x84, 0x86, 0x7e, 0x70, 0x80, 0xa4, 0x9b, 0x89, 0x85, 0x77, 0x62, 0x5b,
    0x71, 0x7e, 0x82, 0x91, 0xa2, 0x9f, 0x8d, 0x7c, 0x6b, 0x66, 0x6d, 0x74,
    0x77, 0x7b, 0x82, 0x87, 0x83, 0x7e, 0x6e, 0x95, 0xb1, 0x86, 0x85, 0x85,
    0x6b, 0x5e, 0x6b, 0x7a, 0x75, 0x7e, 0x99, 0x9a, 0x96, 0x99, 0x7f, 0x71,
    0x6d, 0x68, 0x6d, 0x75, 0x7b, 0x81, 0x80, 0x7c, 0x72, 0x6d, 0xa8, 0xb3,
    0x8b, 0x97, 0x8b, 0x5f, 0x57, 0x67, 0x6a, 0x6f, 0x86, 0x9d, 0x94, 0x97,
    0x99, 0x88, 0x86, 0x74, 0x65, 0x67, 0x65, 0x74, 0x83, 0x7f, 0x83, 0x90,
    0x91, 0x87, 0x74, 0x5a, 0x8d, 0xb6, 0x88, 0x88, 0x84, 0x5f, 0x54, 0x66,
    0x7e, 0x88, 0x8f, 0x9e, 0x99, 0x81, 0x7e, 0x82, 0x7c, 0x7b, 0x73, 0x66,
    0x6e, 0x7e, 0x8e, 0x90, 0x87, 0x87, 0x87, 0x7c, 0x70, 0x67, 0x57, 0x7e,
    0xbc, 0xa8, 0x88, 0x7c, 0x6d, 0x62, 0x61, 0x7a, 0x92, 0x8f, 0x8c, 0x92,
    0x86, 0x80, 0x86, 0x75, 0x76, 0x71, 0x68, 0x78, 0x88, 0x8f, 0x86, 0x7b,
    0x73, 0x70, 0x64, 0x93, 0xc3, 0x9f, 0x7d, 0x6d, 0x5f, 0x54, 0x68, 0x8f,
    0x9f, 0x8e, 0x86, 0x8a, 0x7f, 0x81, 0x8d, 0x85, 0x78, 0x6d, 0x68, 0x73,
    0x7c, 0x87, 0x83, 0x7b, 0x77, 0x5e, 0x73, 0xce, 0xc3, 0x8f, 0x7d, 0x5f,
    0x40, 0x4a, 0x7e, 0x95, 0x94, 0x92, 0x93, 0x85, 0x78, 0x85, 0x87, 0x81,
    0x81, 0x71, 0x66, 0x6d, 0x7a, 0x8c, 0x94, 0x8a, 0x83, 0x83, 0x7e, 0x7d,
    0x7e, 0x78, 0x71, 0x6b, 0x68, 0x8b, 0xb0, 0xa0, 0x89, 0x79, 0x6d, 0x66,
    0x6d, 0x81, 0x8d, 0x87, 0x7c, 0x80, 0x80, 0x83, 0x8f, 0x89, 0x7e, 0x75,
    0x6e, 0x75, 0x7e, 0x82, 0x83, 0x82, 0x79, 0x78, 0x78, 0x72, 0x8c, 0xab,
    0xa1, 0x83, 0x6e, 0x66, 0x62, 0x69, 0x7e, 0x91, 0x91, 0x8a, 0x89, 0x81,
    0x82, 0x88, 0x7f, 0x7d, 0x76, 0x6f, 0x72, 0x7a, 0x83, 0x86, 0x82, 0x76,
    0x6c, 0x78, 0xa6, 0xae, 0x92, 0x7c, 0x6d, 0x5e, 0x5b, 0x70, 0x88, 0x92,
    0x8d, 0x8d, 0x8c, 0x81, 0x84, 0x89, 0x83, 0x7b, 0x71, 0x69, 0x6f, 0x7b,
    0x85, 0x89, 0x82, 0x80, 0x7d, 0x77, 0x70, 0x86, 0xab, 0xa1, 0x81, 0x6d,
    0x64, 0x64, 0x6e, 0x82, 0x8f, 0x8f, 0x88, 0x86, 0x86, 0x83, 0x83, 0x84,
    0x7c, 0x74, 0x6e, 0x6d, 0x78, 0x85, 0x8d, 0x8c, 0x88, 0x84, 0x7e, 0x7a,
    0x75, 0x77, 0x78, 0x76, 0x7e, 0x97, 0x9a, 0x87, 0x7b, 0x74, 0x73, 0x73,
    0x7c, 0x88, 0x89, 0x85, 0x83, 0x82, 0x80, 0x7d, 0x7c, 0x79, 0x76, 0x7a,
    0x7f, 0x81, 0x82, 0x83, 0x7a, 0x6e, 0x80, 0xa0, 0x9c, 0x85, 0x74, 0x6c,
    0x6a, 0x6e, 0x7e, 0x8d, 0x92, 0x89, 0x84, 0x83, 0x7d, 0x7e, 0x81, 0x80,
    0x7d, 0x76, 0x77, 0x7d, 0x82, 0x82, 0x7e, 0x77, 0x76, 0x6b, 0x6c, 0xa0,
    0xb9, 0x9b, 0x7f, 0x6e, 0x62, 0x5c, 0x6f, 0x86, 0x91, 0x8d, 0x83, 0x84,
    0x82, 0x7f, 0x85, 0x87, 0x80, 0x7a, 0x77, 0x78, 0x7d, 0x82, 0x7f, 0x7a,
    0x7b, 0x80, 0x85, 0x83, 0x86, 0x85, 0x7c, 0x77, 0x72, 0x76, 0x87, 0x98,
    0x94, 0x81, 0x72, 0x6d, 0x72, 0x79, 0x84, 0x8d, 0x8c, 0x85, 0x82, 0x7e,
    0x7c, 0x80, 0x7e, 0x7a, 0x75, 0x76, 0x7b, 0x83, 0x88, 0x83, 0x7b, 0x72,
    0x79, 0x92, 0x9f, 0x91, 0x78, 0x6b, 0x6b, 0x70, 0x78, 0x83, 0x8b, 0x8c,
    0x88, 0x83, 0x82, 0x82, 0x81, 0x7e, 0x7c, 0x77, 0x74, 0x77, 0x7e, 0x85,
    0x88, 0x85, 0x7f, 0x78, 0x71, 0x6b, 0x86, 0xa9, 0xa0, 0x83, 0x71, 0x6b,
    0x66, 0x6d, 0x81, 0x8d, 0x8c, 0x85, 0x83, 0x85, 0x82, 0x85, 0x87, 0x7e,
    0x76, 0x75, 0x72, 0x77, 0x82, 0x86, 0x84, 0x82, 0x82, 0x7f, 0x7b, 0x75,
    0x73, 0x8a, 0xa2, 0x97, 0x7a, 0x6b, 0x6b, 0x70, 0x79, 0x85, 0x8c, 0x8a,
    0x82, 0x7e, 0x82, 0x85, 0x83, 0x81, 0x7d, 0x76, 0x74, 0x7b, 0x81, 0x84,
    0x85, 0x7f, 0x7c, 0x80, 0x82, 0x82, 0x7f, 0x7c, 0x78, 0x76, 0x7c, 0x89,
    0x98, 0x92, 0x7c, 0x6e, 0x6e, 0x76, 0x7f, 0x86, 0x89, 0x86, 0x80, 0x7f,
    0x82, 0x80, 0x7f, 0x81, 0x7a, 0x75, 0x77, 0x7c, 0x80, 0x86, 0x86, 0x7f,
    0x78, 0x74, 0x85, 0x9d, 0x98, 0x7c, 0x6a, 0x6b, 0x75, 0x7d, 0x85, 0x8a,
    0x87, 0x7e, 0x7b, 0x81, 0x88, 0x87, 0x83, 0x7f, 0x77, 0x73, 0x79, 0x81,
    0x84, 0x81, 0x7b, 0x7b, 0x82, 0x86, 0x88, 0x82, 0x79, 0x74, 0x74, 0x86,
    0x99, 0x8f, 0x7a, 0x6f, 0x6f, 0x76, 0x7e, 0x87, 0x8c, 0x88, 0x80, 0x7d,
    0x80, 0x82, 0x82, 0x7f, 0x7a, 0x77, 0x77, 0x7d, 0x85, 0x86, 0x82, 0x80,
    0x7e, 0x7f, 0x81, 0x7c, 0x77, 0x80, 0x90, 0x8d, 0x7c, 0x71, 0x73, 0x7d,
    0x82, 0x84, 0x86, 0x85, 0x80, 0x7c, 0x7e, 0x80, 0x80, 0x81, 0x81, 0x7d,
    0x7a, 0x7e, 0x81, 0x82, 0x81, 0x7d, 0x7f, 0x80, 0x81, 0x7f, 0x79, 0x72,
    0x72, 0x87, 0x9e, 0x99, 0x81, 0x72, 0x6f, 0x72, 0x77, 0x82, 0x89, 0x85,
    0x7f, 0x7e, 0x80, 0x83, 0x86, 0x87, 0x81, 0x78, 0x74, 0x77, 0x7c, 0x83,
    0x85, 0x7e, 0x7d, 0x7f, 0x80, 0x7e, 0x7a, 0x7f, 0x91, 0x97, 0x82, 0x6f,
    0x6c, 0x75, 0x7f, 0x83, 0x86, 0x85, 0x7f, 0x7c, 0x7f, 0x85, 0x87, 0x84,
    0x81, 0x7d, 0x77, 0x76, 0x7f, 0x83, 0x82, 0x7f, 0x7b, 0x7d, 0x83, 0x84,
    0x82, 0x7c, 0x77, 0x7a, 0x84, 0x90, 0x8d, 0x7c, 0x73, 0x73, 0x79, 0x80,
    0x84, 0x85, 0x83, 0x80, 0x81, 0x83, 0x85, 0x83, 0x7e, 0x7a, 0x77, 0x79,
    0x7e, 0x82, 0x82, 0x82, 0x81, 0x7f, 0x7d, 0x76, 0x6e, 0x82, 0x9f, 0x97,
    0x7e, 0x71, 0x70, 0x75, 0x7b, 0x82, 0x88, 0x85, 0x7e, 0x7d, 0x81, 0x83,
    0x82, 0x7f, 0x7e, 0x7d, 0x7b, 0x7c, 0x82, 0x88, 0x84, 0x7d, 0x7a, 0x7d,
    0x81, 0x81, 0x80, 0x7f, 0x7f, 0x7d, 0x7c, 0x79, 0x75, 0x80, 0x99, 0x9a,
    0x82, 0x6e, 0x6b, 0x74, 0x7f, 0x85, 0x87, 0x83, 0x7e, 0x7e, 0x81, 0x84,
    0x84, 0x81, 0x7d, 0x7a, 0x7a, 0x7c, 0x81, 0x85, 0x84, 0x7f, 0x7c, 0x7d,
    0x81, 0x83, 0x81, 0x7f, 0x7e, 0x7c, 0x7b, 0x7c, 0x7c, 0x7f, 0x81, 0x7d,
    0x7b, 0x89, 0x93, 0x8a, 0x79, 0x71, 0x74, 0x7b, 0x81, 0x85, 0x84, 0x80,
    0x7d, 0x7f, 0x82, 0x83, 0x82, 0x7f, 0x7d, 0x7b, 0x7c, 0x80, 0x83, 0x82,
    0x7f, 0x7c, 0x7c, 0x80, 0x82, 0x80, 0x7f, 0x7f, 0x7f, 0x7f, 0x7f, 0x7d,
    0x79, 0x75, 0x81, 0x95, 0x95, 0x81, 0x72, 0x71, 0x78, 0x7f, 0x82, 0x83,
    0x82, 0x7e, 0x7d, 0x80, 0x83, 0x83, 0x81, 0x7d, 0x7a, 0x7b, 0x7d, 0x81,
    0x84, 0x83, 0x7e, 0x7c, 0x7e, 0x82, 0x84, 0x83, 0x7f, 0x7d, 0x7c, 0x7d,
    0x7e, 0x7f, 0x7d, 0x7c, 0x79, 0x7c, 0x8d, 0x97, 0x8a, 0x78, 0x6f, 0x73,
    0x7d, 0x7f, 0x82, 0x86, 0x82, 0x7d, 0x7f, 0x80, 0x81, 0x84, 0x83, 0x7f,
    0x7b, 0x79, 0x7a, 0x80, 0x83, 0x82, 0x7f, 0x7f, 0x81, 0x82, 0x81, 0x81,
    0x81, 0x80, 0x7c, 0x7a, 0x7a, 0x7d, 0x81, 0x83, 0x82, 0x7e, 0x79, 0x76,
    0x85, 0x96, 0x8f, 0x7d, 0x72, 0x70, 0x77, 0x7e, 0x84, 0x88, 0x88, 0x80,
    0x7b, 0x7c, 0x7f, 0x82, 0x82, 0x80, 0x7c, 0x7a, 0x7b, 0x7f, 0x84, 0x85,
    0x81, 0x7e, 0x7e, 0x7f, 0x80, 0x81, 0x81, 0x80, 0x7f, 0x7e, 0x7d, 0x7e,
    0x80, 0x80, 0x80, 0x7f, 0x7f, 0x7e, 0x7a, 0x75, 0x82, 0x95, 0x8e, 0x7b,
    0x74, 0x75, 0x7b, 0x82, 0x84, 0x83, 0x80, 0x7c, 0x7c, 0x80, 0x83, 0x82,
    0x81, 0x7f, 0x7c, 0x7b, 0x7e, 0x82, 0x84, 0x83, 0x7d, 0x7a, 0x7c, 0x80,
    0x82, 0x83, 0x81, 0x7f, 0x7e, 0x7e, 0x7f, 0x81, 0x82, 0x80, 0x7e, 0x7d,
    0x7c, 0x7e, 0x80, 0x7f, 0x7a, 0x77, 0x84, 0x94, 0x8d, 0x7b, 0x74, 0x77,
    0x7c, 0x81, 0x82, 0x80, 0x7e, 0x7d, 0x80, 0x83, 0x83, 0x81, 0x80, 0x7f,
    0x7d, 0x7c, 0x7d, 0x80, 0x81, 0x80, 0x7e, 0x7d, 0x80, 0x83, 0x82, 0x7f,
    0x7e, 0x7f, 0x80, 0x80, 0x7f, 0x7e, 0x7e, 0x81, 0x81, 0x7f, 0x7e, 0x7f,
    0x80, 0x80, 0x7e, 0x79, 0x79, 0x86, 0x91, 0x88, 0x78, 0x75, 0x79, 0x7e,
    0x83, 0x83, 0x80, 0x7e, 0x7e, 0x80, 0x82, 0x83, 0x80, 0x7f, 0x7e, 0x7c,
    0x7d, 0x7f, 0x82, 0x83, 0x80, 0x7c, 0x7d, 0x80, 0x81, 0x81, 0x7f, 0x7f,
    0x7f, 0x80, 0x80, 0x7f, 0x7f, 0x7e, 0x7f, 0x81, 0x81, 0x7f, 0x7f, 0x7e,
    0x7d, 0x7e, 0x7d, 0x7b, 0x7d, 0x87, 0x8f, 0x87, 0x79, 0x76, 0x79, 0x7c,
    0x80, 0x82, 0x81, 0x7f, 0x80, 0x82, 0x83, 0x82, 0x7f, 0x7d, 0x7d, 0x7e,
    0x7f, 0x80, 0x7f, 0x7e, 0x7e, 0x7f, 0x80, 0x82, 0x82, 0x81, 0x7f, 0x7e,
    0x7f, 0x80, 0x80, 0x80, 0x7f, 0x7e, 0x7f, 0x7f, 0x81, 0x80, 0x7f, 0x81,
    0x81, 0x7e, 0x7d, 0x7e, 0x7f, 0x7d, 0x7c, 0x80, 0x87, 0x88, 0x80, 0x7a,
    0x7a, 0x7d, 0x80, 0x82, 0x81, 0x7f, 0x7e, 0x7e, 0x80, 0x82, 0x81, 0x80,
    0x7f, 0x7e, 0x7e, 0x7e, 0x7f, 0x80, 0x81, 0x80, 0x7f, 0x7f, 0x80, 0x80,
    0x80, 0x7f, 0x7f, 0x7f, 0x7f, 0x7f, 0x80, 0x80, 0x80, 0x80, 0x80, 0x7f,
    0x7f, 0x7f, 0x7f, 0x80, 0x80, 0x7f, 0x7e, 0x7e, 0x7f, 0x80, 0x7f, 0x7d,
    0x7f, 0x82, 0x82, 0x82, 0x82, 0x7e, 0x7b, 0x7d, 0x7f, 0x80, 0x80, 0x80,
    0x7f, 0x7f, 0x80, 0x80, 0x7f, 0x80, 0x80, 0x80, 0x7f, 0x7f, 0x7f, 0x7f,
    0x80, 0x7f, 0x7f, 0x7f, 0x7f, 0x7f, 0x80, 0x81, 0x81, 0x81, 0x80, 0x7e,
    0x7e, 0x7f, 0x80, 0x80, 0x7f, 0x7e, 0x7e, 0x7f, 0x80, 0x7f, 0x7f, 0x82,
    0x83, 0x81, 0x81, 0x80, 0x7c, 0x7c, 0x7e, 0x7f, 0x7f, 0x81, 0x81, 0x7f,
    0x7f, 0x80, 0x80, 0x80, 0x80, 0x80, 0x7e, 0x7e, 0x7f, 0x7f, 0x7f, 0x7f,
    0x7f, 0x7f, 0x80, 0x81, 0x81, 0x80, 0x80, 0x7f, 0x7f, 0x7e, 0x7e, 0x7f,
    0x80, 0x80, 0x80, 0x7f, 0x7f, 0x7f, 0x7e, 0x7f, 0x81, 0x82, 0x80, 0x81,
    0x80, 0x7d, 0x7c, 0x7e, 0x7e, 0x7f, 0x80, 0x80, 0x81, 0x82, 0x81, 0x80,
    0x7f, 0x7e, 0x7d, 0x7e, 0x7f, 0x7f, 0x80, 0x80, 0x80, 0x81, 0x80, 0x7f,
    0x7f, 0x7f, 0x7f, 0x7f, 0x7f, 0x7f, 0x7f, 0x7f, 0x7f, 0x7f, 0x7f, 0x80,
    0x81, 0x7f, 0x7d, 0x7e, 0x81, 0x81, 0x80, 0x80, 0x80, 0x7e, 0x7e, 0x80,
    0x80, 0x7f, 0x80, 0x80, 0x7f, 0x7f, 0x80, 0x7f, 0x7f, 0x7f, 0x7f, 0x80,
    0x81, 0x80, 0x7f, 0x7e, 0x7e, 0x7f, 0x80, 0x80, 0x80, 0x80, 0x7f, 0x7f,
    0x80, 0x80, 0x80, 0x80, 0x7f, 0x7e, 0x7e, 0x7e, 0x7e, 0x7f, 0x7f, 0x7f,
    0x81, 0x83, 0x83, 0x80, 0x7f, 0x7e, 0x7d, 0x7d, 0x7f, 0x7e, 0x7f, 0x81,
    0x81, 0x81, 0x80, 0x80, 0x80, 0x7f, 0x7e, 0x7f, 0x7f, 0x7f, 0x80, 0x80,
    0x7f, 0x7f, 0x80, 0x80, 0x80, 0x80, 0x81, 0x80, 0x7f, 0x7e, 0x7e, 0x7f,
    0x80, 0x80, 0x80, 0x7f, 0x7f, 0x7f, 0x80, 0x80, 0x7f, 0x7e, 0x7e, 0x80,
    0x82, 0x80, 0x7e, 0x7f, 0x80, 0x7f, 0x7f, 0x80, 0x7f, 0x7e, 0x7f, 0x80,
    0x80, 0x80, 0x7f, 0x7f, 0x7f, 0x80, 0x80, 0x80, 0x7f, 0x7f, 0x7f, 0x7f,
    0x80, 0x80, 0x80, 0x80, 0x7f, 0x80, 0x80, 0x7f, 0x7e, 0x7e, 0x7e, 0x7e,
    0x80, 0x83, 0x84, 0x80, 0x7e, 0x7e, 0x7f, 0x7e, 0x7f, 0x80, 0x7f, 0x7f,
    0x80, 0x81, 0x7f, 0x7f, 0x80, 0x80, 0x7f, 0x7f, 0x7f, 0x7f, 0x7f, 0x80,
    0x80, 0x7f, 0x7f, 0x80, 0x80, 0x80, 0x7f, 0x7f, 0x7f, 0x80, 0x80, 0x7f,
    0x7f, 0x7f, 0x80, 0x80, 0x7f, 0x7f, 0x7f, 0x7f, 0x7f, 0x80, 0x80, 0x7f,
    0x80, 0x81, 0x80, 0x7e, 0x7f, 0x80, 0x7f, 0x7f, 0x80, 0x80, 0x7f, 0x7f,
    0x80, 0x81, 0x80, 0x80, 0x7f, 0x7f, 0x7e, 0x7f, 0x7f, 0x80, 0x80, 0x80,
    0x7f, 0x7f, 0x7f, 0x80, 0x81, 0x80, 0x7e, 0x7e, 0x7f, 0x80, 0x81, 0x81,
    0x80, 0x7f, 0x7e, 0x7f, 0x80, 0x80, 0x7f, 0x7e, 0x7e, 0x7f, 0x80, 0x7f,
    0x7f, 0x7f, 0x81, 0x82, 0x82, 0x80, 0x7d, 0x7c, 0x7e, 0x7f, 0x7f, 0x80,
    0x80, 0x80, 0x80, 0x80, 0x80, 0x7f, 0x7f, 0x7f, 0x7f, 0x7f, 0x7f, 0x7f,
    0x7f, 0x80, 0x80, 0x80, 0x80, 0x80, 0x80, 0x7f, 0x7f, 0x7f, 0x7f, 0x7f,
    0x7f, 0x7f, 0x7f, 0x80, 0x80, 0x80, 0x80, 0x80, 0x7f, 0x7f, 0x7f, 0x7f,
    0x7f, 0x80, 0x80, 0x7f, 0x7f, 0x80, 0x81, 0x80, 0x7f, 0x7e, 0x7f, 0x7f,
    0x7f, 0x7f, 0x80, 0x80, 0x7f, 0x7f, 0x80, 0x80, 0x80, 0x7f, 0x7f, 0x7f,
    0x7e, 0x7e, 0x7f, 0x81, 0x81, 0x81, 0x80, 0x7f, 0x7f, 0x7e, 0x7f, 0x7f,
    0x7f, 0x7f, 0x80, 0x80, 0x80, 0x80, 0x80, 0x80, 0x7f, 0x7f, 0x7f, 0x7f,
    0x7f, 0x7f, 0x7f, 0x7f, 0x80, 0x80, 0x7f, 0x7f, 0x7f, 0x80, 0x80, 0x7f,
    0x7f, 0x7f, 0x7f, 0x80, 0x80, 0x80, 0x7f, 0x7f, 0x7f, 0x7f, 0x80, 0x7f,
    0x7f, 0x80, 0x80, 0x7f, 0x80, 0x80, 0x7f, 0x7f, 0x7f, 0x7f, 0x7f, 0x80,
    0x81, 0x81, 0x80, 0x7f, 0x7e, 0x7f, 0x7f, 0x7f, 0x80, 0x80, 0x80, 0x7f,
    0x7f, 0x7f, 0x7f, 0x7f, 0x7f, 0x80, 0x80, 0x80, 0x7f, 0x7e, 0x7f, 0x80,
    0x80, 0x80, 0x80, 0x7f, 0x7f, 0x7f, 0x7f, 0x7f, 0x80, 0x7f, 0x7f, 0x7f,
    0x7f, 0x81, 0x81, 0x80, 0x7f, 0x7f, 0x7f, 0x7f, 0x7f, 0x7f, 0x7f, 0x7f,
    0x80, 0x81, 0x80, 0x80, 0x80, 0x7f, 0x7f, 0x7f, 0x7f, 0x7f, 0x7f, 0x80,
    0x80, 0x7f, 0x7f, 0x7f, 0x80, 0x80, 0x80, 0x7f, 0x7f, 0x7f, 0x80, 0x7f,
    0x7f, 0x7f, 0x7f, 0x7f, 0x7f, 0x80, 0x80, 0x80, 0x80, 0x7f, 0x7f, 0x7f,
    0x80, 0x80, 0x80, 0x7f, 0x7f, 0x7f, 0x7f, 0x7f, 0x7f, 0x7f, 0x7f, 0x80,
    0x81, 0x81, 0x7f, 0x7e, 0x7f, 0x7f, 0x7f, 0x7f, 0x7f, 0x7f, 0x7f, 0x80,
    0x80, 0x80, 0x7f, 0x7f, 0x7f, 0x7f, 0x80, 0x81, 0x80, 0x7e, 0x7e, 0x7f,
    0x80, 0x80, 0x80, 0x80, 0x7f, 0x7f, 0x80, 0x80, 0x80, 0x7f, 0x7f, 0x7f,
    0x7f, 0x80, 0x80, 0x80, 0x7f, 0x7f, 0x7f, 0x7f, 0x7f, 0x7f, 0x80, 0x80,
    0x80, 0x80, 0x80, 0x81, 0x80, 0x7f, 0x7f, 0x7f, 0x7f, 0x80, 0x80, 0x80,
    0x7f, 0x7f, 0x80, 0x80, 0x80, 0x80, 0x7f, 0x7f, 0x7f, 0x80, 0x80, 0x80,
    0x7f, 0x7e, 0x7f, 0x80, 0x80, 0x80, 0x80, 0x80, 0x7f, 0x7e, 0x7f, 0x7f,
    0x7f, 0x7f, 0x7f, 0x7f, 0x80, 0x81, 0x81, 0x7f, 0x7f, 0x7f, 0x7f, 0x7e,
    0x7f, 0x7f, 0x7f, 0x7f, 0x80, 0x80, 0x80, 0x80, 0x80, 0x7f, 0x7f, 0x7f,
    0x7f, 0x7f, 0x7f, 0x7f, 0x80, 0x80, 0x80, 0x80, 0x80, 0x80, 0x7f, 0x7f,
    0x7f, 0x7f, 0x7f, 0x7f, 0x7f, 0x80, 0x80, 0x80, 0x80, 0x80, 0x80, 0x80,
    0x7f, 0x7f, 0x7f, 0x7f, 0x7f, 0x7f, 0x80, 0x7f, 0x7f, 0x80, 0x81, 0x81,
    0x80, 0x7f, 0x7e, 0x7e, 0x7e, 0x7f, 0x7f, 0x80, 0x80, 0x80, 0x80, 0x80,
    0x80, 0x7f, 0x7f, 0x7f, 0x7f, 0x80, 0x80, 0x80, 0x7f, 0x7f, 0x7f, 0x7f,
    0x80, 0x80, 0x80, 0x7f, 0x7f, 0x80, 0x7f, 0x7f, 0x7f, 0x7f, 0x7f, 0x80,
    0x81, 0x80, 0x7e, 0x7e, 0x7f, 0x80, 0x80, 0x80, 0x80, 0x7f, 0x7f, 0x7f,
    0x80, 0x80, 0x80, 0x80, 0x80, 0x80, 0x7f, 0x7f, 0x7f, 0x7f, 0x7f, 0x7f,
    0x7f, 0x7f, 0x7f, 0x80, 0x80, 0x80, 0x7f, 0x7f, 0x7f, 0x7f, 0x7f, 0x80,
    0x7f, 0x7f, 0x7f, 0x7f, 0x7f, 0x7f, 0x80, 0x80, 0x81, 0x80, 0x7f, 0x7f,
    0x7f, 0x7f, 0x7f, 0x80, 0x80, 0x7f, 0x80, 0x80, 0x80, 0x7f, 0x7f, 0x7f,
    0x7f, 0x80, 0x81, 0x81, 0x80, 0x7f, 0x7f, 0x7f, 0x7f, 0x80, 0x80, 0x7f,
    0x7f, 0x7f, 0x80, 0x80, 0x7f, 0x7f, 0x7f, 0x7f, 0x7f, 0x80, 0x80, 0x80,
    0x7f, 0x7f, 0x80, 0x80, 0x7f, 0x7f, 0x7f, 0x7f, 0x7f, 0x7f, 0x7f, 0x80,
    0x81, 0x81, 0x81, 0x7f, 0x7e, 0x7e, 0x7f, 0x7f, 0x7f, 0x7f, 0x7f, 0x7f,
    0x80, 0x80, 0x80, 0x7f, 0x7f, 0x7f, 0x7f, 0x80, 0x81, 0x80, 0x7e, 0x7f,
    0x7f, 0x7f, 0x7f, 0x80, 0x80, 0x7f, 0x7f, 0x80, 0x80, 0x80, 0x80, 0x7f,
    0x7f, 0x7f, 0x7f, 0x7f, 0x80, 0x80, 0x7f, 0x7f, 0x7f, 0x7f, 0x7f, 0x7f,
    0x80, 0x80, 0x7f, 0x7f, 0x80, 0x80, 0x81, 0x80, 0x7f, 0x7f, 0x7f, 0x7f,
    0x80, 0x80, 0x80, 0x7f, 0x80, 0x80, 0x80, 0x7f, 0x7f, 0x7e, 0x7f, 0x81,
    0x82, 0x80, 0x7f, 0x7f, 0x7f, 0x7e, 0x7f, 0x80, 0x7f, 0x7f, 0x80, 0x80,
    0x80, 0x80, 0x80, 0x80, 0x7f, 0x7f, 0x7f, 0x7f, 0x80, 0x80, 0x80, 0x7f,
    0x7f, 0x80, 0x80, 0x7f, 0x7f, 0x7f, 0x7f, 0x80, 0x80, 0x7f, 0x7f, 0x80,
    0x81, 0x81, 0x80, 0x7f, 0x7e, 0x7e, 0x7f, 0x80, 0x81, 0x81, 0x80, 0x7f,
    0x7f, 0x7f, 0x7f, 0x7f, 0x7f, 0x7f, 0x7f, 0x80, 0x80, 0x80, 0x80, 0x80,
    0x80, 0x7f, 0x7e, 0x7e, 0x7f, 0x7f, 0x7f, 0x80, 0x80, 0x80, 0x80, 0x80,
    0x80, 0x7f, 0x7f, 0x7f, 0x7f, 0x7f, 0x7f, 0x80, 0x80, 0x80, 0x80, 0x80,
    0x7f, 0x7f, 0x7f, 0x7f, 0x7f, 0x7f, 0x7f, 0x80, 0x81, 0x80, 0x7f, 0x7f,
    0x7f, 0x7f, 0x7f, 0x7f, 0x80, 0x80, 0x80, 0x7f, 0x7f, 0x7f, 0x7f, 0x7f,
    0x7f, 0x7f, 0x80, 0x80, 0x80, 0x7f, 0x7f, 0x7f, 0x7f, 0x7f, 0x7f, 0x7f,
    0x7f, 0x7f, 0x80, 0x80, 0x80, 0x80, 0x80, 0x80, 0x7f, 0x7f, 0x7f, 0x7f,
    0x7f, 0x7f, 0x7f, 0x7f, 0x80, 0x80, 0x80, 0x7f, 0x7f, 0x7f, 0x80, 0x80,
    0x80, 0x80, 0x7f, 0x7f, 0x7f, 0x80, 0x80, 0x80, 0x7f, 0x7f, 0x7f, 0x7f,
    0x7f, 0x7f, 0x7f, 0x80, 0x81, 0x81, 0x80, 0x80, 0x80, 0x7e, 0x7e, 0x7e,
    0x7f, 0x7e, 0x7f, 0x80, 0x80, 0x80, 0x81, 0x80, 0x80, 0x7f, 0x7f, 0x7f,
    0x7f, 0x7f, 0x7f, 0x7f, 0x7f, 0x80, 0x80, 0x80, 0x80, 0x80, 0x80, 0x80,
    0x7f, 0x7f, 0x7f, 0x80, 0x80, 0x80, 0x80, 0x7f, 0x7f, 0x7f, 0x7f, 0x80,
    0x80, 0x80, 0x7f, 0x7f, 0x7f, 0x7f, 0x7f, 0x7f, 0x7f, 0x7f, 0x80, 0x81,
    0x82, 0x81, 0x81, 0x7f, 0x7e, 0x7d, 0x7e, 0x7e, 0x7f, 0x80, 0x81, 0x80,
    0x80, 0x80, 0x80, 0x80, 0x7f, 0x7f, 0x7f, 0x7e, 0x7f, 0x7f, 0x80, 0x80,
    0x7f, 0x7f, 0x80, 0x81, 0x80, 0x7f, 0x80, 0x7f, 0x7f, 0x7f, 0x80, 0x80,
    0x7f, 0x7f, 0x7f, 0x7f, 0x80, 0x80, 0x80, 0x80, 0x80, 0x7f, 0x7f, 0x7f,
    0x7e, 0x7e, 0x7e, 0x7f, 0x81, 0x82, 0x81, 0x81, 0x81, 0x7f, 0x7d, 0x7e,
    0x7e, 0x7e, 0x7f, 0x80, 0x81, 0x81, 0x81, 0x81, 0x80, 0x7f, 0x7f, 0x7e,
    0x7e, 0x7e, 0x7e, 0x7f, 0x7f, 0x80, 0x81, 0x81, 0x81, 0x81, 0x80, 0x7f,
    0x7e, 0x7e, 0x7e, 0x7f, 0x80, 0x80, 0x80, 0x80, 0x80, 0x80, 0x7f, 0x7f,
    0x7e, 0x7e, 0x7e, 0x80, 0x82, 0x83, 0x82, 0x81, 0x7e, 0x7d, 0x7e, 0x7f,
    0x7f, 0x80, 0x80, 0x80, 0x80, 0x80, 0x80, 0x80, 0x80, 0x7f, 0x7f, 0x7f,
    0x7f, 0x7f, 0x80, 0x7f, 0x7f, 0x7f, 0x7f, 0x80, 0x81, 0x80, 0x80, 0x7f,
    0x7f, 0x7f, 0x7f, 0x80, 0x80, 0x80, 0x80, 0x80, 0x80, 0x80, 0x80, 0x80,
    0x7f, 0x7f, 0x7f, 0x80, 0x7f, 0x7f, 0x7f, 0x7e, 0x7f, 0x7e, 0x7e, 0x7f,
    0x81, 0x82, 0x83, 0x84, 0x82, 0x7d, 0x7c, 0x7c, 0x7d, 0x7e, 0x80, 0x81,
    0x81, 0x81, 0x81, 0x81, 0x81, 0x80, 0x7e, 0x7e, 0x7e, 0x7e, 0x7f, 0x80,
    0x80, 0x80, 0x80, 0x80, 0x80, 0x80, 0x80, 0x80, 0x7f, 0x7f, 0x7f, 0x7f,
    0x7f, 0x80, 0x80, 0x80, 0x80, 0x80, 0x7f, 0x7e, 0x7f, 0x7f, 0x7f, 0x80,
    0x81, 0x81, 0x81, 0x80, 0x7e, 0x7e, 0x7e, 0x7e, 0x81, 0x82, 0x82, 0x81,
    0x80, 0x7e, 0x7e, 0x7e, 0x7f, 0x7e, 0x7e, 0x7e, 0x7f, 0x80, 0x81, 0x80,
    0x80, 0x82, 0x82, 0x81, 0x7f, 0x7c, 0x7b, 0x7d, 0x7e, 0x80, 0x82, 0x82,
    0x81, 0x81, 0x81, 0x7f, 0x7f, 0x7e, 0x7d, 0x7d, 0x7e, 0x7e, 0x7f, 0x81,
    0x82, 0x80, 0x81, 0x81, 0x81, 0x80, 0x7f, 0x7d, 0x7a, 0x7a, 0x7d, 0x83,
    0x87, 0x86, 0x83, 0x80, 0x7e, 0x7c, 0x7c, 0x7d, 0x7d, 0x7d, 0x7e, 0x7f,
    0x80, 0x81, 0x81, 0x80, 0x7f, 0x7e, 0x80, 0x85, 0x85, 0x80, 0x7a, 0x79,
    0x7a, 0x7d, 0x81, 0x85, 0x84, 0x81, 0x80, 0x80, 0x80, 0x80, 0x7f, 0x7d,
    0x7d, 0x7c, 0x7e, 0x81, 0x84, 0x83, 0x80, 0x7f, 0x7d, 0x7d, 0x7e, 0x80,
    0x80, 0x7f, 0x7e, 0x7d, 0x7c, 0x80, 0x88, 0x87, 0x80, 0x7f, 0x7c, 0x7a,
    0x7e, 0x82, 0x82, 0x7f, 0x7e, 0x7c, 0x7e, 0x81, 0x81, 0x80, 0x80, 0x7f,
    0x7d, 0x7e, 0x7f, 0x7f, 0x7f, 0x7f, 0x83, 0x85, 0x82, 0x7d, 0x7d, 0x7d,
    0x7c, 0x7f, 0x82, 0x82, 0x81, 0x80, 0x7f, 0x7e, 0x7e, 0x7f, 0x7f, 0x80,
    0x80, 0x80, 0x80, 0x80, 0x7f, 0x7e, 0x7e, 0x7e, 0x7f, 0x80, 0x81, 0x82,
    0x81, 0x7f, 0x7d, 0x7b, 0x79, 0x81, 0x8a, 0x86, 0x81, 0x80, 0x7c, 0x7c,
    0x81, 0x80, 0x7b, 0x7b, 0x7d, 0x7f, 0x82, 0x83, 0x82, 0x81, 0x7f, 0x7e,
    0x7d, 0x7d, 0x80, 0x81, 0x81, 0x7e, 0x7c, 0x7f, 0x85, 0x85, 0x80, 0x7e,
    0x7d, 0x7d, 0x7f, 0x83, 0x84, 0x80, 0x7d, 0x7c, 0x7c, 0x7d, 0x7f, 0x82,
    0x83, 0x81, 0x80, 0x7f, 0x80, 0x7f, 0x7e, 0x7b, 0x7a, 0x7d, 0x83, 0x8a,
    0x89, 0x81, 0x7c, 0x7a, 0x79, 0x7d, 0x82, 0x83, 0x82, 0x81, 0x81, 0x80,
    0x7e, 0x7e, 0x7e, 0x7c, 0x7c, 0x7e, 0x80, 0x83, 0x86, 0x84, 0x80, 0x7d,
    0x7d, 0x7d, 0x7e, 0x7f, 0x7f, 0x7f, 0x7e, 0x7e, 0x7d, 0x80, 0x89, 0x89,
    0x81, 0x7e, 0x7d, 0x79, 0x7c, 0x83, 0x82, 0x7d, 0x7c, 0x7d, 0x7e, 0x80,
    0x82, 0x81, 0x82, 0x81, 0x81, 0x81, 0x7e, 0x7b, 0x7b, 0x7b, 0x7c, 0x7e,
    0x84, 0x8c, 0x89, 0x7f, 0x7d, 0x7b, 0x78, 0x7d, 0x82, 0x82, 0x81, 0x82,
    0x83, 0x81, 0x7f, 0x7d, 0x7b, 0x7a, 0x7c, 0x7f, 0x82, 0x85, 0x87, 0x84,
    0x7f, 0x7b, 0x7a, 0x7c, 0x7e, 0x7f, 0x80, 0x7f, 0x7f, 0x7f, 0x7e, 0x7f,
    0x87, 0x8a, 0x83, 0x7e, 0x7c, 0x79, 0x7a, 0x80, 0x85, 0x84, 0x80, 0x7e,
    0x7d, 0x7f, 0x82, 0x81, 0x7f, 0x7e, 0x7d, 0x7d, 0x7d, 0x7d, 0x7b, 0x79,
    0x83, 0x92, 0x8d, 0x81, 0x7f, 0x78, 0x70, 0x76, 0x80, 0x84, 0x84, 0x83,
    0x83, 0x82, 0x7f, 0x81, 0x82, 0x7f, 0x7a, 0x78, 0x79, 0x7e, 0x85, 0x88,
    0x85, 0x80, 0x7e, 0x7d, 0x7e, 0x7e, 0x7f, 0x80, 0x7e, 0x7c, 0x7e, 0x81,
    0x84, 0x85, 0x84, 0x80, 0x7d, 0x7d, 0x7e, 0x7f, 0x7f, 0x7f, 0x7f, 0x80,
    0x82, 0x82, 0x81, 0x80, 0x80, 0x7d, 0x7d, 0x7e, 0x7d, 0x7e, 0x7d, 0x7a,
    0x79, 0x76, 0x7b, 0x93, 0x98, 0x8c, 0x87, 0x7b, 0x70, 0x6c, 0x72, 0x7f,
    0x81, 0x85, 0x8b, 0x89, 0x85, 0x83, 0x83, 0x80, 0x7e, 0x7b, 0x76, 0x75,
    0x7a, 0x7e, 0x82, 0x85, 0x85, 0x84, 0x84, 0x81, 0x7f, 0x7c, 0x7a, 0x7d,
    0x80, 0x7f, 0x7f, 0x7f, 0x80, 0x81, 0x82, 0x82, 0x81, 0x80, 0x7f, 0x7e,
    0x7f, 0x7e, 0x7f, 0x7f, 0x7e, 0x7f, 0x80, 0x82, 0x83, 0x82, 0x7f, 0x7e,
    0x7d, 0x7c, 0x7f, 0x80, 0x7e, 0x7d, 0x7d, 0x7e, 0x7e, 0x7c, 0x7b, 0x85,
    0x92, 0x8c, 0x81, 0x80, 0x77, 0x6f, 0x73, 0x7c, 0x83, 0x87, 0x8a, 0x8c,
    0x87, 0x82, 0x7e, 0x79, 0x76, 0x78, 0x7a, 0x7b, 0x80, 0x83, 0x84, 0x83,
    0x82, 0x7f, 0x7d, 0x7b, 0x78, 0x74, 0x76, 0x8e, 0x9a, 0x8b, 0x86, 0x7e,
    0x6d, 0x6c, 0x78, 0x83, 0x86, 0x87, 0x89, 0x84, 0x81, 0x82, 0x7f, 0x7a,
    0x78, 0x75, 0x77, 0x80, 0x87, 0x8a, 0x89, 0x82, 0x7d, 0x7b, 0x7a, 0x7b,
    0x7e, 0x7d, 0x7e, 0x80, 0x82, 0x83, 0x83, 0x81, 0x7f, 0x7a, 0x75, 0x7f,
    0x8d, 0x89, 0x85, 0x83, 0x7b, 0x76, 0x7f, 0x86, 0x81, 0x80, 0x7b, 0x78,
    0x7c, 0x80, 0x81, 0x82, 0x81, 0x7c, 0x7b, 0x7a, 0x79, 0x75, 0x7f, 0x9e,
    0x9b, 0x80, 0x7f, 0x77, 0x66, 0x6b, 0x7d, 0x88, 0x8b, 0x88, 0x89, 0x86,
    0x7e, 0x80, 0x82, 0x7c, 0x78, 0x75, 0x74, 0x7c, 0x85, 0x88, 0x87, 0x81,
    0x7e, 0x7f, 0x80, 0x82, 0x81, 0x7c, 0x78, 0x7a, 0x7d, 0x81, 0x85, 0x85,
    0x83, 0x80, 0x7e, 0x7f, 0x81, 0x80, 0x80, 0x7f, 0x7e, 0x7e, 0x80, 0x81,
    0x7f, 0x7f, 0x7d, 0x7b, 0x79, 0x76, 0x6f, 0x7b, 0x9b, 0x9b, 0x92, 0x89,
    0x7c, 0x69, 0x5f, 0x71, 0x7b, 0x82, 0x89, 0x93, 0x8f, 0x84, 0x87, 0x85,
    0x81, 0x7b, 0x74, 0x70, 0x73, 0x7c, 0x84, 0x87, 0x85, 0x83, 0x81, 0x7e,
    0x7f, 0x7f, 0x7d, 0x7a, 0x78, 0x76, 0x74, 0x7b, 0x94, 0x9f, 0x8d, 0x87,
    0x7b, 0x67, 0x68, 0x77, 0x81, 0x83, 0x8a, 0x8d, 0x86, 0x81, 0x81, 0x7b,
    0x78, 0x7b, 0x7c, 0x7e, 0x85, 0x85, 0x83, 0x81, 0x7d, 0x7c, 0x7e, 0x7f,
    0x7f, 0x7f, 0x7e, 0x7f, 0x81, 0x82, 0x81, 0x80, 0x7d, 0x7b, 0x7a, 0x76,
    0x7b, 0x8b, 0x8f, 0x8c, 0x8a, 0x80, 0x78, 0x79, 0x7b, 0x7a, 0x7b, 0x7c,
    0x7d, 0x81, 0x84, 0x84, 0x84, 0x7f, 0x7a, 0x76, 0x73, 0x6c, 0x76, 0xa4,
    0xa6, 0x87, 0x85, 0x78, 0x61, 0x62, 0x78, 0x8c, 0x8c, 0x8a, 0x8f, 0x87,
    0x7b, 0x80, 0x80, 0x7e, 0x7d, 0x75, 0x72, 0x78, 0x80, 0x88, 0x8a, 0x85,
    0x82, 0x7e, 0x7a, 0x7d, 0x7e, 0x7c, 0x7c, 0x7f, 0x7e, 0x7b, 0x78, 0x79,
    0x88, 0x97, 0x91, 0x86, 0x80, 0x74, 0x6c, 0x73, 0x80, 0x86, 0x88, 0x8b,
    0x87, 0x7e, 0x7b, 0x7d, 0x7e, 0x7f, 0x7b, 0x79, 0x78, 0x7b, 0x7f, 0x81,
    0x81, 0x79, 0x6c, 0x7e, 0xab, 0x9b, 0x85, 0x8b, 0x70, 0x58, 0x64, 0x7d,
    0x87, 0x89, 0x91, 0x90, 0x80, 0x7f, 0x85, 0x7e, 0x7c, 0x7b, 0x70, 0x72,
    0x7f, 0x86, 0x8a, 0x89, 0x82, 0x7f, 0x7d, 0x7b, 0x7c, 0x7f, 0x7f, 0x7f,
    0x81, 0x80, 0x80, 0x82, 0x82, 0x80, 0x7f, 0x7e, 0x7e, 0x80, 0x83, 0x81,
    0x7f, 0x7f, 0x7e, 0x7f, 0x80, 0x7e, 0x7f, 0x81, 0x80, 0x7e, 0x7c, 0x78,
    0x72, 0x6e, 0x6e, 0x92, 0xa9, 0x9c, 0x92, 0x83, 0x6c, 0x55, 0x60, 0x77,
    0x82, 0x8a, 0x95, 0x9a, 0x8b, 0x85, 0x84, 0x7a, 0x75, 0x74, 0x72, 0x76,
    0x7f, 0x84, 0x85, 0x84, 0x80, 0x7e, 0x7f, 0x7d, 0x78, 0x75, 0x71, 0x66,
    0x8c, 0xae, 0x9a, 0x96, 0x8b, 0x6c, 0x50, 0x65, 0x78, 0x7b, 0x8e, 0x98,
    0x91, 0x85, 0x88, 0x83, 0x7b, 0x78, 0x71, 0x6c, 0x73, 0x83, 0x8e, 0x90,
    0x8b, 0x7f, 0x7a, 0x79, 0x79, 0x7d, 0x7e, 0x82, 0x86, 0x83, 0x7f, 0x7e,
    0x7e, 0x80, 0x80, 0x7e, 0x7e, 0x7e, 0x7f, 0x84, 0x83, 0x81, 0x7f, 0x7f,
    0x7f, 0x80, 0x80, 0x7e, 0x7f, 0x7d, 0x7c, 0x79, 0x77, 0x71, 0x6c, 0x86,
    0xa8, 0xa1, 0x8f, 0x88, 0x75, 0x5b, 0x5b, 0x74, 0x81, 0x88, 0x95, 0x96,
    0x8a, 0x84, 0x82, 0x7d, 0x7b, 0x75, 0x6f, 0x71, 0x78, 0x82, 0x8b, 0x8f,
    0x84, 0x7d, 0x73, 0x69, 0x5d, 0x80, 0xb6, 0xa3, 0x99, 0x8c, 0x71, 0x49,
    0x5c, 0x79, 0x7b, 0x88, 0x99, 0x9b, 0x85, 0x90, 0x88, 0x76, 0x76, 0x71,
    0x6c, 0x72, 0x7e, 0x85, 0x87, 0x87, 0x7d, 0x80, 0x7b, 0x75, 0x5f, 0x82,
    0xb5, 0x8b, 0x9a, 0x8c, 0x6a, 0x4f, 0x6a, 0x7d, 0x76, 0x93, 0x97, 0x8d,
    0x83, 0x87, 0x79, 0x72, 0x80, 0x7f, 0x79, 0x7e, 0x84, 0x83, 0x84, 0x85,
    0x7e, 0x7c, 0x7d, 0x7a, 0x7b, 0x80, 0x81, 0x81, 0x83, 0x7f, 0x7e, 0x7f,
    0x7f, 0x7c, 0x76, 0x70, 0x7f, 0x97, 0x97, 0x8b, 0x87, 0x7c, 0x6e, 0x78,
    0x80, 0x7b, 0x7c, 0x7c, 0x7b, 0x7f, 0x83, 0x85, 0x86, 0x80, 0x74, 0x6a,
    0x60, 0x89, 0xb7, 0x9d, 0x8a, 0x82, 0x67, 0x52, 0x65, 0x88, 0x89, 0x88,
    0x93, 0x91, 0x85, 0x89, 0x84, 0x79, 0x79, 0x71, 0x6e, 0x75, 0x7a, 0x81,
    0x84, 0x87, 0x85, 0x86, 0x7f, 0x75, 0x61, 0x76, 0xb4, 0x97, 0x8b, 0x8b,
    0x6f, 0x52, 0x5c, 0x88, 0x80, 0x8a, 0x9e, 0x95, 0x89, 0x86, 0x79, 0x6e,
    0x78, 0x79, 0x76, 0x79, 0x7b, 0x7f, 0x85, 0x88, 0x83, 0x82, 0x78, 0x70,
    0x66, 0x82, 0xb6, 0x97, 0x8a, 0x8a, 0x63, 0x50, 0x67, 0x87, 0x84, 0x8d,
    0x9b, 0x8a, 0x84, 0x89, 0x78, 0x71, 0x7a, 0x74, 0x77, 0x83, 0x7e, 0x83,
    0x89, 0x82, 0x81, 0x84, 0x7f, 0x78, 0x77, 0x74, 0x6a, 0x79, 0xa2, 0xa0,
    0x8b, 0x88, 0x77, 0x61, 0x65, 0x7d, 0x85, 0x87, 0x96, 0x94, 0x7f, 0x79,
    0x77, 0x77, 0x80, 0x7e, 0x77, 0x75, 0x79, 0x7d, 0x86, 0x81, 0x73, 0x5e,
    0x8f, 0xc2, 0x8f, 0x94, 0x8a, 0x58, 0x44, 0x67, 0x86, 0x7c, 0x9b, 0xa4,
    0x86, 0x84, 0x8a, 0x7c, 0x7b, 0x7c, 0x6b, 0x6d, 0x76, 0x79, 0x86, 0x8b,
    0x8b, 0x8a, 0x85, 0x7c, 0x75, 0x72, 0x66, 0x72, 0x9f, 0xa2, 0x8c, 0x8c,
    0x7c, 0x60, 0x62, 0x7c, 0x84, 0x88, 0x97, 0x90, 0x83, 0x7d, 0x75, 0x75,
    0x81, 0x81, 0x7a, 0x77, 0x76, 0x7d, 0x88, 0x89, 0x82, 0x7e, 0x74, 0x64,
    0x72, 0xa7, 0xa7, 0x8a, 0x8b, 0x75, 0x56, 0x59, 0x7e, 0x8d, 0x8a, 0x98,
    0x94, 0x86, 0x84, 0x79, 0x71, 0x76, 0x76, 0x77, 0x7c, 0x7d, 0x80, 0x8a,
    0x88, 0x82, 0x7c, 0x72, 0x5c, 0x72, 0xb8, 0xa3, 0x8a, 0x92, 0x71, 0x4d,
    0x5b, 0x84, 0x81, 0x88, 0xa2, 0x92, 0x88, 0x86, 0x74, 0x71, 0x7d, 0x7a,
    0x73, 0x78, 0x76, 0x7f, 0x8d, 0x8d, 0x87, 0x80, 0x76, 0x6d, 0x66, 0x7a,
    0xa5, 0xa2, 0x90, 0x8a, 0x72, 0x58, 0x60, 0x7e, 0x86, 0x8b, 0x9b, 0x95,
    0x88, 0x7d, 0x72, 0x73, 0x7b, 0x7c, 0x76, 0x78, 0x7c, 0x81, 0x8a, 0x87,
    0x7d, 0x75, 0x62, 0x6e, 0xb0, 0xa5, 0x8b, 0x93, 0x76, 0x52, 0x55, 0x7b,
    0x81, 0x87, 0xa1, 0x98, 0x8b, 0x8b, 0x78, 0x6e, 0x76, 0x75, 0x72, 0x7a,
    0x7b, 0x7d, 0x8a, 0x8e, 0x87, 0x83, 0x7b, 0x6d, 0x66, 0x71, 0x9d, 0xa2,
    0x8f, 0x8e, 0x7d, 0x61, 0x5f, 0x7a, 0x82, 0x84, 0x96, 0x99, 0x86, 0x7b,
    0x75, 0x73, 0x7c, 0x80, 0x79, 0x77, 0x7b, 0x80, 0x86, 0x88, 0x7e, 0x75,
    0x64, 0x6c, 0xaa, 0xa3, 0x8d, 0x97, 0x7f, 0x59, 0x54, 0x76, 0x7d, 0x80,
    0x9a, 0x9c, 0x91, 0x89, 0x7a, 0x6f, 0x73, 0x77, 0x76, 0x7b, 0x7c, 0x7e,
    0x84, 0x88, 0x87, 0x7f, 0x77, 0x65, 0x63, 0xa7, 0xac, 0x89, 0x95, 0x82,
    0x58, 0x51, 0x79, 0x84, 0x81, 0x9c, 0x9e, 0x8a, 0x81, 0x76, 0x6e, 0x78,
    0x7e, 0x78, 0x79, 0x78, 0x7d, 0x8b, 0x8c, 0x84, 0x7e, 0x73, 0x63, 0x61,
    0x9d, 0xb8, 0x91, 0x90, 0x83, 0x58, 0x4d, 0x76, 0x8b, 0x87, 0x9a, 0x9b,
    0x86, 0x7e, 0x76, 0x70, 0x7a, 0x80, 0x78, 0x75, 0x76, 0x81, 0x8c, 0x8e,
    0x84, 0x76, 0x69, 0x50, 0x87, 0xc7, 0x9a, 0x8f, 0x90, 0x5f, 0x41, 0x68,
    0x8d, 0x85, 0x99, 0xa5, 0x88, 0x7a, 0x75, 0x6f, 0x7a, 0x82, 0x78, 0x78,
    0x79, 0x77, 0x8c, 0x90, 0x84, 0x7e, 0x75, 0x67, 0x5b, 0x87, 0xbb, 0x9d,
    0x8e, 0x8a, 0x64, 0x4a, 0x69, 0x8e, 0x89, 0x93, 0x9d, 0x88, 0x7a, 0x79,
    0x74, 0x7a, 0x81, 0x78, 0x72, 0x74, 0x7c, 0x8b, 0x91, 0x85, 0x73, 0x60,
    0x57, 0xae, 0xb7, 0x8c, 0x9d, 0x78, 0x49, 0x49, 0x80, 0x85, 0x88, 0xae,
    0x98, 0x82, 0x82, 0x6f, 0x6e, 0x7e, 0x7d, 0x72, 0x78, 0x74, 0x7e, 0x97,
    0x94, 0x88, 0x7d, 0x73, 0x68, 0x65, 0x6b, 0x93, 0xb3, 0x98, 0x8c, 0x82,
    0x5f, 0x57, 0x77, 0x8b, 0x87, 0x97, 0x9a, 0x7f, 0x76, 0x72, 0x72, 0x82,
    0x85, 0x7b, 0x75, 0x77, 0x80, 0x8e, 0x8c, 0x7f, 0x73, 0x66, 0x5e, 0x93,
    0xb8, 0x95, 0x8e, 0x83, 0x5c, 0x4d, 0x71, 0x8d, 0x8a, 0x9e, 0x9d, 0x85,
    0x7c, 0x73, 0x6f, 0x79, 0x7e, 0x78, 0x76, 0x78, 0x80, 0x8e, 0x8e, 0x85,
    0x77, 0x66, 0x4e, 0x93, 0xc1, 0x92, 0x99, 0x89, 0x57, 0x40, 0x6e, 0x89,
    0x82, 0xa6, 0xa5, 0x8b, 0x7e, 0x6f, 0x6b, 0x78, 0x82, 0x79, 0x7a, 0x77,
    0x76, 0x8c, 0x94, 0x89, 0x81, 0x76, 0x66, 0x5a, 0x7c, 0xb3, 0xa1, 0x90,
    0x8f, 0x6a, 0x4c, 0x62, 0x86, 0x86, 0x93, 0xa4, 0x91, 0x7e, 0x77, 0x6e,
    0x73, 0x81, 0x7d, 0x78, 0x75, 0x78, 0x88, 0x90, 0x8a, 0x7f, 0x73, 0x63,
    0x62, 0xa0, 0xb0, 0x8e, 0x92, 0x7f, 0x57, 0x4e, 0x77, 0x87, 0x88, 0xa2,
    0xa3, 0x88, 0x79, 0x71, 0x6c, 0x76, 0x7f, 0x7a, 0x79, 0x79, 0x7d, 0x8d,
    0x8f, 0x86, 0x79, 0x66, 0x55, 0x93, 0xb5, 0x90, 0x98, 0x8d, 0x5e, 0x46,
    0x6c, 0x81, 0x80, 0xa1, 0xaa, 0x91, 0x7e, 0x70, 0x68, 0x75, 0x82, 0x7d,
    0x7c, 0x79, 0x77, 0x84, 0x8f, 0x8a, 0x83, 0x7a, 0x65, 0x60, 0x8e, 0xab,
    0x94, 0x92, 0x8a, 0x63, 0x50, 0x6e, 0x85, 0x86, 0x96, 0xa2, 0x90, 0x7a,
    0x73, 0x6d, 0x73, 0x7e, 0x81, 0x7c, 0x78, 0x7d, 0x86, 0x8a, 0x84, 0x7b,
    0x63, 0x5c, 0xa3, 0xa7, 0x8a, 0x9c, 0x8b, 0x5e, 0x4e, 0x73, 0x77, 0x7a,
    0x9e, 0xaa, 0x9a, 0x85, 0x73, 0x65, 0x6c, 0x79, 0x7c, 0x7d, 0x7b, 0x7c,
    0x88, 0x8d, 0x8b, 0x81, 0x72, 0x4f, 0x75, 0xbb, 0x95, 0x8f, 0x9c, 0x6b,
    0x42, 0x62, 0x81, 0x7c, 0x98, 0xae, 0x9a, 0x84, 0x72, 0x64, 0x6c, 0x7d,
    0x80, 0x7c, 0x7b, 0x74, 0x87, 0x94, 0x8c, 0x85, 0x7c, 0x6a, 0x61, 0x64,
    0x90, 0xb8, 0x9c, 0x8c, 0x84, 0x5a, 0x4d, 0x72, 0x8e, 0x91, 0x9f, 0x9e,
    0x7b, 0x6f, 0x6f, 0x71, 0x7f, 0x85, 0x7d, 0x72, 0x79, 0x80, 0x8b, 0x85,
    0x7b, 0x58, 0x6c, 0xc8, 0xa2, 0x8a, 0x9a, 0x6a, 0x37, 0x55, 0x8a, 0x7c,
    0x93, 0xb1, 0x9b, 0x8a, 0x7c, 0x6a, 0x6d, 0x7b, 0x75, 0x74, 0x7e, 0x74,
    0x80, 0x92, 0x8d, 0x88, 0x81, 0x75, 0x5d, 0x65, 0xa4, 0xab, 0x8f, 0x91,
    0x79, 0x4e, 0x55, 0x82, 0x8a, 0x8f, 0xa6, 0x99, 0x7b, 0x75, 0x6e, 0x70,
    0x7e, 0x7e, 0x77, 0x78, 0x78, 0x88, 0x93, 0x8c, 0x82, 0x6f, 0x62, 0x61,
    0xa1, 0xb3, 0x8f, 0x92, 0x7b, 0x50, 0x50, 0x7d, 0x8b, 0x8e, 0xa5, 0x9c,
    0x83, 0x77, 0x6f, 0x70, 0x7a, 0x7d, 0x77, 0x7a, 0x79, 0x81, 0x8f, 0x8b,
    0x83, 0x7a, 0x64, 0x55, 0x9b, 0xbc, 0x8e, 0x94, 0x87, 0x52, 0x43, 0x78,
    0x89, 0x86, 0xa8, 0xa5, 0x82, 0x78, 0x70, 0x6d, 0x7b, 0x7e, 0x78, 0x78,
    0x77, 0x7f, 0x8e, 0x8f, 0x84, 0x76, 0x61, 0x56, 0xa1, 0xb7, 0x8d, 0x9c,
    0x83, 0x4d, 0x48, 0x7a, 0x82, 0x86, 0xab, 0x9e, 0x86, 0x7d, 0x70, 0x70,
    0x7d, 0x7a, 0x73, 0x79, 0x77, 0x80, 0x90, 0x8f, 0x87, 0x81, 0x72, 0x61,
    0x65, 0x91, 0xad, 0x98, 0x8f, 0x83, 0x5c, 0x54, 0x74, 0x86, 0x89, 0x9f,
    0xa1, 0x7f, 0x77, 0x71, 0x70, 0x7b, 0x7e, 0x7b, 0x77, 0x7b, 0x7e, 0x8e,
    0x87, 0x77, 0x5f, 0x66, 0xba, 0xa1, 0x90, 0xa0, 0x75, 0x46, 0x51, 0x80,
    0x6f, 0x8e, 0xad, 0x98, 0x94, 0x84, 0x6e, 0x6f, 0x7b, 0x74, 0x70, 0x7a,
    0x73, 0x7f, 0x92, 0x8f, 0x8b, 0x84, 0x74, 0x5a, 0x60, 0xa3, 0xaa, 0x8e,
    0x9c, 0x81, 0x4d, 0x52, 0x7e, 0x81, 0x89, 0xac, 0x9c, 0x7a, 0x77, 0x6e,
    0x6f, 0x7f, 0x7d, 0x75, 0x7b, 0x7f, 0x86, 0x90, 0x88, 0x7e, 0x75, 0x6f,
    0x66, 0x77, 0x9d, 0xa3, 0x95, 0x8b, 0x79, 0x5c, 0x5e, 0x7a, 0x83, 0x8b,
    0x9b, 0x9d, 0x85, 0x78, 0x71, 0x6d, 0x78, 0x7b, 0x78, 0x78, 0x7f, 0x88,
    0x8c, 0x86, 0x75, 0x53, 0x83, 0xb7, 0x8d, 0x95, 0x94, 0x6f, 0x45, 0x67,
    0x7d, 0x70, 0x91, 0xa6, 0xa5, 0x8c, 0x7c, 0x6b, 0x6b, 0x77, 0x76, 0x78,
    0x76, 0x7a, 0x88, 0x8c, 0x8d, 0x87, 0x7c, 0x5f, 0x67, 0xa8, 0x91, 0x86,
    0x97, 0x85, 0x60, 0x5c, 0x7e, 0x7c, 0x80, 0x9f, 0xa0, 0x7f, 0x79, 0x75,
    0x71, 0x7b, 0x81, 0x76, 0x73, 0x7d, 0x84, 0x8e, 0x8f, 0x87, 0x75, 0x6a,
    0x5c, 0x76, 0xad, 0xa4, 0x92, 0x94, 0x71, 0x4c, 0x62, 0x7e, 0x80, 0x8f,
    0xa4, 0x9f, 0x81, 0x72, 0x6f, 0x6e, 0x77, 0x7e, 0x79, 0x75, 0x7b, 0x88,
    0x90, 0x90, 0x7e, 0x64, 0x4f, 0x97, 0xc0, 0x87, 0x93, 0x96, 0x4f, 0x40,
    0x79, 0x87, 0x86, 0xab, 0xaa, 0x79, 0x6f, 0x6f, 0x72, 0x7e, 0x82, 0x79,
    0x6f, 0x75, 0x82, 0x91, 0x94, 0x83, 0x72, 0x55, 0x61, 0xb7, 0xad, 0x8e,
    0x9b, 0x74, 0x3c, 0x50, 0x87, 0x88, 0x96, 0xb4, 0x96, 0x6f, 0x6f, 0x6e,
    0x77, 0x85, 0x80, 0x71, 0x71, 0x77, 0x84, 0x94, 0x90, 0x82, 0x6e, 0x54,
    0x7f, 0xbb, 0x97, 0x8c, 0x90, 0x60, 0x40, 0x69, 0x8f, 0x8a, 0xa0, 0xab,
    0x84, 0x6e, 0x71, 0x6e, 0x7c, 0x86, 0x7c, 0x73, 0x72, 0x77, 0x89, 0x8f,
    0x8d, 0x81, 0x6f, 0x59, 0x8a, 0xb6, 0x8e, 0x8c, 0x89, 0x5b, 0x47, 0x74,
    0x8f, 0x8a, 0xa4, 0xa6, 0x7b, 0x6f, 0x70, 0x6f, 0x7f, 0x84, 0x78, 0x74,
    0x77, 0x7d, 0x8b, 0x92, 0x86, 0x78, 0x5f, 0x66, 0xae, 0xa6, 0x88, 0x96,
    0x76, 0x44, 0x58, 0x87, 0x84, 0x95, 0xb1, 0x92, 0x73, 0x75, 0x6b, 0x74,
    0x85, 0x7d, 0x73, 0x72, 0x79, 0x88, 0x92, 0x8f, 0x81, 0x76, 0x66, 0x61,
    0x9a, 0xac, 0x8f, 0x8f, 0x7e, 0x55, 0x53, 0x7c, 0x8c, 0x90, 0xa8, 0x97,
    0x74, 0x75, 0x6f, 0x72, 0x80, 0x7e, 0x75, 0x75, 0x80, 0x7f, 0x8e, 0x8b,
    0x75, 0x56, 0x83, 0xc1, 0x8d, 0x94, 0x96, 0x5d, 0x3b, 0x6b, 0x84, 0x77,
    0xa8, 0xae, 0x91, 0x81, 0x72, 0x67, 0x77, 0x83, 0x77, 0x75, 0x72, 0x72,
    0x88, 0x8f, 0x8d, 0x86, 0x78, 0x57, 0x80, 0xbe, 0x88, 0x8e, 0x96, 0x5d,
    0x41, 0x6c, 0x89, 0x7e, 0xac, 0xaf, 0x7b, 0x75, 0x6e, 0x6b, 0x83, 0x88,
    0x78, 0x71, 0x74, 0x77, 0x8b, 0x95, 0x8a, 0x83, 0x77, 0x69, 0x68, 0x83,
    0x9e, 0x9e, 0x90, 0x85, 0x6a, 0x59, 0x6e, 0x84, 0x8c, 0x9b, 0xa1, 0x7d,
    0x6e, 0x72, 0x72, 0x7d, 0x86, 0x79, 0x70, 0x7b, 0x7c, 0x8a, 0x8b, 0x74,
    0x58, 0xa4, 0xb2, 0x7f, 0x99, 0x8b, 0x57, 0x45, 0x7a, 0x74, 0x76, 0xa7,
    0xaa, 0x9b, 0x8a, 0x70, 0x64, 0x75, 0x7c, 0x76, 0x76, 0x73, 0x78, 0x86,
    0x86, 0x8c, 0x86, 0x76, 0x5d, 0x9e, 0xb0, 0x7a, 0x99, 0x88, 0x55, 0x48,
    0x77, 0x80, 0x80, 0xb1, 0xa9, 0x7d, 0x79, 0x70, 0x67, 0x7e, 0x86, 0x77,
    0x75, 0x7b, 0x7c, 0x8a, 0x91, 0x87, 0x7f, 0x7c, 0x6f, 0x6a, 0x75, 0x89,
    0xa1, 0x9a, 0x8a, 0x80, 0x6a, 0x63, 0x71, 0x84, 0x8d, 0x9c, 0x94, 0x75,
    0x6f, 0x71, 0x77, 0x85, 0x86, 0x79, 0x76, 0x74, 0x7d, 0x87, 0x7f, 0x6a,
    0x9d, 0xae, 0x7a, 0x84, 0x88, 0x6d, 0x5c, 0x76, 0x7d, 0x76, 0x87, 0x9e,
    0xa2, 0x8b, 0x77, 0x6e, 0x6d, 0x75, 0x7d, 0x7b, 0x7f, 0x7f, 0x83, 0x81,
    0x80, 0x7f, 0x7a, 0x5c, 0x74, 0xbf, 0x97, 0x8c, 0xa2, 0x76, 0x41, 0x58,
    0x7f, 0x73, 0x91, 0xba, 0x9b, 0x79, 0x74, 0x68, 0x6e, 0x82, 0x83, 0x72,
    0x75, 0x78, 0x83, 0x95, 0x91, 0x80, 0x74, 0x5e, 0x64, 0xa6, 0xaa, 0x8c,
    0x97, 0x7b, 0x46, 0x58, 0x80, 0x87, 0x98, 0xb0, 0x94, 0x6f, 0x6c, 0x6d,
    0x76, 0x83, 0x83, 0x75, 0x74, 0x7a, 0x80, 0x91, 0x8d, 0x7d, 0x66, 0x58,
    0x9e, 0xbe, 0x88, 0x90, 0x8c, 0x46, 0x44, 0x7f, 0x89, 0x91, 0xb5, 0x9d,
    0x6d, 0x6f, 0x6b, 0x75, 0x88, 0x83, 0x72, 0x71, 0x7c, 0x81, 0x8d, 0x8b,
    0x79, 0x5e, 0x60, 0xb5, 0xb5, 0x89, 0x9b, 0x7a, 0x3a, 0x48, 0x84, 0x83,
    0x93, 0xb8, 0x9e, 0x73, 0x73, 0x70, 0x72, 0x84, 0x7e, 0x6f, 0x6e, 0x77,
    0x83, 0x93, 0x92, 0x82, 0x73, 0x56, 0x74, 0xc0, 0x9c, 0x8d, 0x96, 0x60,
    0x3a, 0x62, 0x8e, 0x86, 0xa4, 0xb2, 0x80, 0x6c, 0x72, 0x70, 0x7e, 0x89,
    0x7c, 0x6c, 0x72, 0x7d, 0x89, 0x94, 0x8c, 0x7d, 0x71, 0x61, 0x6b, 0xa4,
    0xad, 0x8f, 0x8d, 0x76, 0x4d, 0x59, 0x86, 0x8d, 0x94, 0xac, 0x8a, 0x6a,
    0x71, 0x6e, 0x79, 0x87, 0x81, 0x70, 0x77, 0x80, 0x84, 0x8f, 0x84, 0x73,
    0x55, 0x83, 0xc1, 0x91, 0x8f, 0x95, 0x5c, 0x3d, 0x70, 0x87, 0x7e, 0xa9,
    0xab, 0x82, 0x77, 0x6f, 0x6b, 0x81, 0x83, 0x76, 0x74, 0x77, 0x7a, 0x8a,
    0x90, 0x87, 0x7f, 0x74, 0x5c, 0x76, 0xb6, 0x9c, 0x8c, 0x92, 0x67, 0x45,
    0x66, 0x8c, 0x85, 0xa1, 0xad, 0x7b, 0x71, 0x6f, 0x6c, 0x80, 0x87, 0x7a,
    0x74, 0x76, 0x7b, 0x87, 0x90, 0x84, 0x72, 0x5b, 0x86, 0xba, 0x8d, 0x91,
    0x94, 0x5c, 0x43, 0x71, 0x82, 0x7b, 0xa8, 0xac, 0x86, 0x7d, 0x70, 0x67,
    0x7c, 0x80, 0x78, 0x78, 0x76, 0x78, 0x88, 0x8d, 0x89, 0x83, 0x76, 0x5f,
    0x7a, 0xb4, 0x93, 0x89, 0x94, 0x69, 0x49, 0x69, 0x88, 0x7f, 0xa0, 0xaf,
    0x7f, 0x76, 0x70, 0x68, 0x7e, 0x86, 0x78, 0x73, 0x7b, 0x7a, 0x86, 0x8f,
    0x83, 0x7d, 0x67, 0x6d, 0xad, 0x9e, 0x84, 0x93, 0x79, 0x4b, 0x5c, 0x83,
    0x7e, 0x93, 0xae, 0x96, 0x7b, 0x76, 0x68, 0x72, 0x81, 0x7e, 0x75, 0x75,
    0x78, 0x82, 0x8e, 0x8c, 0x84, 0x75, 0x5d, 0x84, 0xb4, 0x8c, 0x8d, 0x92,
    0x64, 0x49, 0x6d, 0x84, 0x7e, 0xa1, 0xb0, 0x88, 0x77, 0x71, 0x69, 0x7a,
    0x81, 0x79, 0x72, 0x76, 0x7c, 0x85, 0x8e, 0x89, 0x7e, 0x62, 0x77, 0xb3,
    0x93, 0x83, 0x96, 0x73, 0x47, 0x62, 0x85, 0x7b, 0x96, 0xb3, 0x91, 0x77,
    0x76, 0x69, 0x73, 0x83, 0x80, 0x72, 0x77, 0x79, 0x80, 0x8d, 0x8b, 0x86,
    0x7d, 0x73, 0x68, 0x83, 0xa2, 0x92, 0x87, 0x88, 0x6e, 0x5a, 0x6e, 0x86,
    0x89, 0x97, 0xa1, 0x82, 0x70, 0x70, 0x71, 0x7b, 0x80, 0x7f, 0x75, 0x7a,
    0x7f, 0x85, 0x87, 0x7a, 0x5e, 0x86, 0xb9, 0x8c, 0x88, 0x91, 0x70, 0x4c,
    0x66, 0x80, 0x78, 0x8e, 0xa5, 0xa7, 0x8b, 0x78, 0x6b, 0x67, 0x75, 0x7d,
    0x79, 0x77, 0x7a, 0x7f, 0x84, 0x8c, 0x86, 0x74, 0x5a, 0xa2, 0xbe, 0x79,
    0x91, 0x8d, 0x4c, 0x42, 0x7a, 0x84, 0x80, 0xb3, 0xae, 0x7c, 0x76, 0x6b,
    0x6b, 0x7b, 0x88, 0x78, 0x71, 0x7d, 0x7b, 0x8a, 0x91, 0x88, 0x80, 0x7b,
    0x71, 0x6d, 0x70, 0x7d, 0x9c, 0xa6, 0x8f, 0x80, 0x75, 0x62, 0x68, 0x81,
    0x90, 0x9a, 0x93, 0x75, 0x69, 0x70, 0x7a, 0x83, 0x84, 0x7b, 0x7b, 0x7b,
    0x7f, 0x81, 0x6e, 0x59, 0xb0, 0xc3, 0x7d, 0x8e, 0x86, 0x48, 0x43, 0x85,
    0x83, 0x81, 0xa9, 0xa9, 0x8a, 0x7e, 0x6f, 0x66, 0x7a, 0x7d, 0x73, 0x73,
    0x79, 0x7e, 0x88, 0x8b, 0x8a, 0x7b, 0x6e, 0x59, 0xa8, 0xbc, 0x7d, 0x97,
    0x7f, 0x46, 0x44, 0x81, 0x8e, 0x8c, 0xb9, 0x9b, 0x6a, 0x72, 0x72, 0x71,
    0x85, 0x8a, 0x6f, 0x70, 0x7a, 0x7d, 0x91, 0x97, 0x87, 0x7a, 0x74, 0x69,
    0x6c, 0x80, 0x92, 0xa2, 0x97, 0x81, 0x73, 0x67, 0x6a, 0x7c, 0x8d, 0x97,
    0x96, 0x7c, 0x6e, 0x72, 0x79, 0x7e, 0x84, 0x7b, 0x74, 0x78, 0x7f, 0x8a,
    0x87, 0x6d, 0x61, 0xb3, 0xa9, 0x7b, 0x96, 0x80, 0x49, 0x53, 0x87, 0x77,
    0x86, 0xaf, 0xa0, 0x86, 0x7e, 0x6a, 0x6a, 0x7f, 0x7a, 0x72, 0x75, 0x76,
    0x82, 0x8b, 0x8d, 0x83, 0x7a, 0x5e, 0x75, 0xc6, 0x92, 0x88, 0x98, 0x5f,
    0x3b, 0x63, 0x8d, 0x80, 0xab, 0xb4, 0x77, 0x72, 0x73, 0x6c, 0x81, 0x8c,
    0x78, 0x6f, 0x74, 0x70, 0x86, 0x98, 0x93, 0x87, 0x7b, 0x6d, 0x66, 0x72,
    0x88, 0x9c, 0x9e, 0x8b, 0x7b, 0x6c, 0x67, 0x74, 0x85, 0x92, 0x9a, 0x89,
    0x71, 0x70, 0x76, 0x7d, 0x83, 0x7f, 0x74, 0x76, 0x7a, 0x81, 0x87, 0x78,
    0x5e, 0xa4, 0xbd, 0x7e, 0x91, 0x8a, 0x4f, 0x45, 0x81, 0x7c, 0x7a, 0xac,
    0xa3, 0x8e, 0x86, 0x6f, 0x67, 0x79, 0x79, 0x73, 0x79, 0x77, 0x7b, 0x8d,
    0x8a, 0x89, 0x81, 0x75, 0x5d, 0x72, 0xbc, 0x98, 0x8c, 0x9a, 0x66, 0x40,
    0x62, 0x8c, 0x7f, 0xa6, 0xae, 0x77, 0x72, 0x72, 0x6f, 0x81, 0x8b, 0x7b,
    0x73, 0x76, 0x6f, 0x82, 0x94, 0x8c, 0x83, 0x7a, 0x66, 0x6c, 0x98, 0xa5,
    0x92, 0x8c, 0x7a, 0x57, 0x5a, 0x7d, 0x8b, 0x94, 0xaa, 0x90, 0x6d, 0x6e,
    0x72, 0x7b, 0x83, 0x83, 0x74, 0x72, 0x78, 0x7e, 0x8b, 0x83, 0x6d, 0x66,
    0xac, 0xb1, 0x82, 0x95, 0x86, 0x49, 0x48, 0x7e, 0x7c, 0x83, 0xb2, 0xa9,
    0x81, 0x7a, 0x6e, 0x69, 0x7a, 0x7e, 0x76, 0x78, 0x7d, 0x7e, 0x8a, 0x89,
    0x84, 0x7b, 0x71, 0x5f, 0x8c, 0xb7, 0x90, 0x90, 0x8b, 0x5c, 0x45, 0x70,
    0x8c, 0x85, 0xa7, 0xa7, 0x75, 0x6f, 0x76, 0x72, 0x7e, 0x88, 0x78, 0x6d,
    0x78, 0x7c, 0x85, 0x91, 0x86, 0x73, 0x61, 0x89, 0xb0, 0x8f, 0x8d, 0x92,
    0x64, 0x45, 0x68, 0x83, 0x83, 0xa0, 0xb1, 0x86, 0x70, 0x71, 0x6d, 0x7b,
    0x84, 0x7e, 0x74, 0x78, 0x79, 0x81, 0x89, 0x86, 0x7f, 0x74, 0x67, 0x90,
    0xae, 0x8d, 0x8a, 0x89, 0x61, 0x4f, 0x6f, 0x88, 0x8a, 0x9f, 0xa6, 0x7f,
    0x6f, 0x71, 0x71, 0x79, 0x82, 0x7c, 0x71, 0x7d, 0x81, 0x87, 0x85, 0x7c,
    0x5f, 0x69, 0xbc, 0xa9, 0x88, 0x9a, 0x7b, 0x3f, 0x4d, 0x7f, 0x7c, 0x8f,
    0xb3, 0xa7, 0x7e, 0x74, 0x6c, 0x6e, 0x7c, 0x80, 0x75, 0x71, 0x75, 0x7c,
    0x8b, 0x91, 0x8b, 0x7f, 0x68, 0x5c, 0xa8, 0xb2, 0x80, 0x95, 0x81, 0x42,
    0x4b, 0x88, 0x8b, 0x99, 0xb6, 0x86, 0x66, 0x72, 0x70, 0x79, 0x8d, 0x89,
    0x72, 0x75, 0x7a, 0x78, 0x88, 0x8a, 0x82, 0x7c, 0x73, 0x6e, 0x89, 0xa9,
    0x9b, 0x84, 0x7d, 0x62, 0x57, 0x73, 0x8f, 0x95, 0x9f, 0x96, 0x71, 0x6b,
    0x72, 0x77, 0x80, 0x83, 0x77, 0x77, 0x81, 0x86, 0x82, 0x7d, 0x5e, 0x62,
    0xc0, 0xac, 0x8f, 0x9b, 0x76, 0x3d, 0x4b, 0x83, 0x77, 0x93, 0xb2, 0xa5,
    0x86, 0x79, 0x6c, 0x6b, 0x80, 0x7b, 0x71, 0x6f, 0x75, 0x81, 0x8a, 0x8b,
    0x7f, 0x73, 0x59, 0xaa, 0xc1, 0x81, 0x9c, 0x7b, 0x44, 0x3f, 0x77, 0x86,
    0x8c, 0xbc, 0xa5, 0x75, 0x72, 0x71, 0x6e, 0x83, 0x87, 0x72, 0x73, 0x79,
    0x7a, 0x8c, 0x90, 0x87, 0x82, 0x80, 0x71, 0x71, 0x79, 0x7c, 0x86, 0x8f,
    0x95, 0x8b, 0x7f, 0x7c, 0x75, 0x73, 0x7d, 0x8d, 0x8a, 0x7b, 0x73, 0x72,
    0x7d, 0x82, 0x87, 0x85, 0x7f, 0x79, 0x7a, 0x7f, 0x7b, 0x67, 0x6d, 0xb4,
    0xab, 0x7f, 0x8f, 0x7e, 0x4b, 0x58, 0x87, 0x80, 0x8a, 0xaa, 0x9b, 0x7f,
    0x77, 0x69, 0x70, 0x7f, 0x7a, 0x78, 0x7b, 0x7b, 0x84, 0x8d, 0x87, 0x7d,
    0x76, 0x68, 0x5b, 0xaa, 0xb7, 0x8a, 0x98, 0x7f, 0x49, 0x45, 0x82, 0x89,
    0x8f, 0xb7, 0x91, 0x6a, 0x71, 0x73, 0x78, 0x86, 0x84, 0x72, 0x73, 0x7b,
    0x81, 0x8d, 0x8b, 0x7d, 0x70, 0x5e, 0x7f, 0xb5, 0x99, 0x91, 0x91, 0x63,
    0x46, 0x68, 0x86, 0x83, 0xa5, 0xaa, 0x79, 0x72, 0x72, 0x6e, 0x82, 0x8d,
    0x7c, 0x70, 0x76, 0x77, 0x83, 0x90, 0x88, 0x81, 0x7c, 0x70, 0x69, 0x84,
    0x9f, 0x9c, 0x8d, 0x85, 0x6b, 0x58, 0x6d, 0x87, 0x8f, 0x9d, 0x97, 0x75,
    0x6c, 0x73, 0x78, 0x83, 0x88, 0x7b, 0x75, 0x7b, 0x7d, 0x7f, 0x84, 0x6d,
    0x5e, 0xae, 0xb2, 0x83, 0x9a, 0x87, 0x4d, 0x49, 0x7f, 0x76, 0x80, 0xad,
    0xa1, 0x89, 0x7f, 0x71, 0x6d, 0x80, 0x7e, 0x71, 0x73, 0x73, 0x78, 0x8b,
    0x91, 0x8b, 0x85, 0x7a, 0x63, 0x63, 0xa5, 0xa6, 0x8a, 0x96, 0x7b, 0x4d,
    0x55, 0x86, 0x86, 0x95, 0xac, 0x84, 0x6a, 0x76, 0x76, 0x79, 0x8c, 0x83,
    0x6d, 0x74, 0x7b, 0x7d, 0x8f, 0x8f, 0x7f, 0x78, 0x70, 0x6b, 0x89, 0xa6,
    0x96, 0x88, 0x82, 0x65, 0x5a, 0x73, 0x89, 0x8e, 0x9f, 0x98, 0x77, 0x6f,
    0x71, 0x75, 0x80, 0x84, 0x76, 0x75, 0x7d, 0x7f, 0x89, 0x87, 0x71, 0x5b,
    0x98, 0xb6, 0x88, 0x92, 0x91, 0x60, 0x42, 0x6f, 0x7d, 0x7c, 0x9d, 0xb1,
    0x98, 0x79, 0x72, 0x6b, 0x76, 0x7c, 0x7a, 0x73, 0x72, 0x7a, 0x86, 0x8d,
    0x8d, 0x83, 0x77, 0x5f, 0x8f, 0xaa, 0x84, 0x90, 0x86, 0x67, 0x51, 0x6e,
    0x89, 0x85, 0xa0, 0xa4, 0x7d, 0x6f, 0x76, 0x77, 0x7b, 0x84, 0x7a, 0x6d,
    0x77, 0x83, 0x87, 0x8c, 0x8d, 0x7e, 0x73, 0x65, 0x67, 0x9b, 0xad, 0x91,
    0x8f, 0x83, 0x54, 0x53, 0x7d, 0x88, 0x8d, 0xa9, 0x97, 0x6d, 0x6d, 0x72,
    0x75, 0x84, 0x8e, 0x7c, 0x72, 0x77, 0x7b, 0x86, 0x8c, 0x83, 0x78, 0x67,
    0x6a, 0xa8, 0xb0, 0x85, 0x8f, 0x7c, 0x42, 0x53, 0x85, 0x8f, 0x9b, 0xb2,
    0x8b, 0x65, 0x6c, 0x70, 0x7b, 0x84, 0x82, 0x74, 0x75, 0x83, 0x84, 0x8a,
    0x80, 0x74, 0x55, 0x82, 0xca, 0x97, 0x8a, 0x94, 0x5d, 0x34, 0x67, 0x8f,
    0x87, 0xa8, 0xb3, 0x7a, 0x68, 0x77, 0x74, 0x7e, 0x87, 0x77, 0x68, 0x73,
    0x7c, 0x8b, 0x96, 0x8e, 0x78, 0x6c, 0x58, 0x87, 0xbe, 0x95, 0x93, 0x88,
    0x53, 0x40, 0x6e, 0x92, 0x90, 0xaf, 0xa2, 0x6b, 0x67, 0x76, 0x78, 0x81,
    0x8e, 0x7b, 0x6a, 0x74, 0x7e, 0x89, 0x8f, 0x88, 0x7b, 0x76, 0x6b, 0x6e,
    0x96, 0xab, 0x92, 0x82, 0x79, 0x5d, 0x5b, 0x80, 0x93, 0x93, 0x9e, 0x8a,
    0x69, 0x6d, 0x79, 0x7e, 0x83, 0x82, 0x75, 0x73, 0x81, 0x85, 0x87, 0x84,
    0x72, 0x5a, 0x85, 0xbc, 0x91, 0x8c, 0x95, 0x61, 0x41, 0x6d, 0x86, 0x7e,
    0xa2, 0xaf, 0x83, 0x73, 0x76, 0x6f, 0x7d, 0x82, 0x75, 0x70, 0x77, 0x7c,
    0x88, 0x91, 0x8c, 0x7e, 0x73, 0x5c, 0x7c, 0xb6, 0x93, 0x8c, 0x8f, 0x61,
    0x47, 0x6f, 0x8f, 0x85, 0xa6, 0xa4, 0x6f, 0x6c, 0x78, 0x75, 0x80, 0x8b,
    0x7a, 0x6e, 0x79, 0x7d, 0x8a, 0x91, 0x82, 0x79, 0x73, 0x64, 0x74, 0xa7,
    0xa6, 0x8c, 0x8b, 0x74, 0x50, 0x60, 0x86, 0x8b, 0x94, 0xa8, 0x84, 0x6a,
    0x74, 0x74, 0x7d, 0x85, 0x80, 0x75, 0x76, 0x7d, 0x81, 0x8a, 0x82, 0x76,
    0x5f, 0x7e, 0xbb, 0x94, 0x8b, 0x98, 0x65, 0x42, 0x69, 0x84, 0x7b, 0xa2,
    0xb0, 0x83, 0x77, 0x74, 0x6c, 0x7d, 0x84, 0x79, 0x75, 0x7a, 0x77, 0x86,
    0x8f, 0x86, 0x84, 0x78, 0x67, 0x65, 0x9c, 0xa7, 0x8c, 0x96, 0x7f, 0x54,
    0x56, 0x81, 0x85, 0x8c, 0xae, 0x8d, 0x6c, 0x74, 0x76, 0x77, 0x85, 0x86,
    0x72, 0x74, 0x7e, 0x7d, 0x89, 0x8d, 0x7c, 0x6f, 0x67, 0x8f, 0xa9, 0x90,
    0x91, 0x89, 0x60, 0x4e, 0x71, 0x83, 0x86, 0xa5, 0xa4, 0x7c, 0x71, 0x73,
    0x73, 0x7e, 0x83, 0x79, 0x74, 0x79, 0x7d, 0x84, 0x8b, 0x84, 0x7b, 0x67,
    0x6d, 0xac, 0xa0, 0x87, 0x96, 0x7a, 0x49, 0x58, 0x83, 0x81, 0x91, 0xb2,
    0x93, 0x71, 0x74, 0x6f, 0x75, 0x83, 0x81, 0x76, 0x77, 0x78, 0x7f, 0x8d,
    0x8b, 0x84, 0x79, 0x6b, 0x63, 0x94, 0xab, 0x8e, 0x91, 0x85, 0x5b, 0x51,
    0x79, 0x87, 0x87, 0xa8, 0x9c, 0x71, 0x72, 0x78, 0x75, 0x7e, 0x86, 0x74,
    0x6f, 0x7f, 0x81, 0x86, 0x8c, 0x82, 0x73, 0x65, 0x82, 0xa9, 0x95, 0x8a,
    0x8f, 0x6f, 0x4d, 0x65, 0x85, 0x87, 0x97, 0xa9, 0x88, 0x6d, 0x74, 0x74,
    0x7a, 0x80, 0x7e, 0x76, 0x77, 0x7c, 0x83, 0x8a, 0x89, 0x80, 0x70, 0x62,
    0x8f, 0xa9, 0x8b, 0x8d, 0x8c, 0x67, 0x52, 0x70, 0x87, 0x84, 0x9a, 0xa9,
    0x82, 0x6c, 0x70, 0x73, 0x77, 0x84, 0x83, 0x72, 0x78, 0x82, 0x85, 0x8e,
    0x87, 0x76, 0x5e, 0x6b, 0xad, 0xa2, 0x87, 0x9a, 0x7c, 0x47, 0x57, 0x82,
    0x82, 0x90, 0xb0, 0x97, 0x6f, 0x71, 0x72, 0x75, 0x7f, 0x84, 0x76, 0x70,
    0x7c, 0x83, 0x8d, 0x91, 0x88, 0x79, 0x6f, 0x61, 0x6c, 0xa4, 0xad, 0x8e,
    0x8d, 0x79, 0x4f, 0x5c, 0x87, 0x8e, 0x98, 0xa4, 0x7e, 0x65, 0x72, 0x7a,
    0x7e, 0x85, 0x80, 0x72, 0x79, 0x7e, 0x85, 0x88, 0x7c, 0x60, 0x6b, 0xbd,
    0xa7, 0x81, 0x99, 0x78, 0x3e, 0x55, 0x88, 0x7e, 0x91, 0xb7, 0x96, 0x71,
    0x76, 0x71, 0x74, 0x83, 0x7f, 0x6f, 0x74, 0x7c, 0x81, 0x8f, 0x90, 0x87,
    0x7a, 0x75, 0x61, 0x6c, 0xa5, 0xa7, 0x8f, 0x8e, 0x74, 0x4f, 0x5f, 0x89,
    0x8a, 0x98, 0xa6, 0x7d, 0x66, 0x75, 0x7a, 0x7a, 0x88, 0x81, 0x6f, 0x79,
    0x81, 0x82, 0x8a, 0x85, 0x71, 0x5a, 0x8f, 0xb5, 0x8b, 0x8e, 0x90, 0x5f,
    0x45, 0x73, 0x86, 0x80, 0xa5, 0xa8, 0x80, 0x75, 0x72, 0x6f, 0x7e, 0x84,
    0x77, 0x75, 0x78, 0x78, 0x87, 0x90, 0x8a, 0x84, 0x79, 0x67, 0x63, 0x92,
    0xa9, 0x91, 0x91, 0x84, 0x5a, 0x54, 0x7f, 0x88, 0x8d, 0xa8, 0x8c, 0x6b,
    0x71, 0x78, 0x7a, 0x85, 0x83, 0x75, 0x77, 0x7e, 0x7e, 0x89, 0x88, 0x7a,
    0x6d, 0x65, 0x9d, 0xaa, 0x8a, 0x93, 0x85, 0x55, 0x51, 0x7d, 0x81, 0x86,
    0xab, 0x9e, 0x77, 0x76, 0x72, 0x72, 0x80, 0x80, 0x75, 0x75, 0x79, 0x7e,
    0x8b, 0x8f, 0x85, 0x7a, 0x69, 0x60, 0x9f, 0xa9, 0x89, 0x98, 0x82, 0x4f,
    0x52, 0x80, 0x82, 0x8f, 0xb3, 0x90, 0x6f, 0x73, 0x70, 0x78, 0x84, 0x80,
    0x75, 0x78, 0x79, 0x80, 0x8d, 0x89, 0x7e, 0x76, 0x61, 0x77, 0xaf, 0x99,
    0x8c, 0x95, 0x6c, 0x49, 0x67, 0x84, 0x7f, 0x9d, 0xac, 0x83, 0x75, 0x74,
    0x6d, 0x7b, 0x84, 0x7b, 0x74, 0x78, 0x79, 0x88, 0x91, 0x88, 0x7f, 0x73,
    0x5d, 0x75, 0xae, 0x9b, 0x8e, 0x97, 0x6e, 0x49, 0x64, 0x86, 0x7f, 0x9e,
    0xae, 0x7e, 0x6e, 0x75, 0x73, 0x7c, 0x86, 0x7a, 0x72, 0x79, 0x7c, 0x85,
    0x8c, 0x88, 0x7b, 0x68, 0x68, 0xa1, 0xa4, 0x89, 0x99, 0x80, 0x4f, 0x54,
    0x7d, 0x80, 0x8c, 0xb0, 0x99, 0x74, 0x75, 0x71, 0x74, 0x80, 0x80, 0x76,
    0x76, 0x79, 0x80, 0x8c, 0x8b, 0x82, 0x7a, 0x67, 0x66, 0xa4, 0xa6, 0x89,
    0x95, 0x7e, 0x4f, 0x55, 0x80, 0x82, 0x8e, 0xb0, 0x94, 0x70, 0x74, 0x72,
    0x74, 0x83, 0x83, 0x73, 0x74, 0x7b, 0x81, 0x8c, 0x8e, 0x80, 0x74, 0x65,
    0x72, 0xa7, 0x9c, 0x8c, 0x95, 0x78, 0x4e, 0x5c, 0x81, 0x82, 0x92, 0xaf,
    0x90, 0x6f, 0x74, 0x72, 0x74, 0x81, 0x82, 0x74, 0x76, 0x7f, 0x82, 0x89,
    0x8c, 0x82, 0x72, 0x61, 0x83, 0xa7, 0x8e, 0x8d, 0x91, 0x70, 0x53, 0x69,
    0x85, 0x83, 0x94, 0xa7, 0x85, 0x6d, 0x74, 0x77, 0x79, 0x81, 0x81, 0x75,
    0x76, 0x7f, 0x83, 0x88, 0x87, 0x7a, 0x61, 0x6f, 0xaf, 0xa1, 0x87, 0x9a,
    0x7c, 0x47, 0x56, 0x7e, 0x7e, 0x8e, 0xb1, 0x9f, 0x79, 0x72, 0x6e, 0x6f,
    0x7a, 0x85, 0x77, 0x71, 0x7d, 0x82, 0x8b, 0x91, 0x8a, 0x79, 0x6e, 0x5d,
    0x71, 0xaf, 0xa4, 0x8b, 0x93, 0x70, 0x47, 0x65, 0x89, 0x88, 0xa1, 0xa7,
    0x77, 0x68, 0x75, 0x75, 0x7d, 0x8b, 0x7e, 0x6f, 0x77, 0x80, 0x86, 0x91,
    0x86, 0x71, 0x58, 0x77, 0xb7, 0x9b, 0x8c, 0x9d, 0x6d, 0x3b, 0x61, 0x87,
    0x80, 0x9f, 0xb6, 0x86, 0x6b, 0x73, 0x6e, 0x77, 0x86, 0x7f, 0x72, 0x78,
    0x80, 0x85, 0x8b, 0x8b, 0x7e, 0x73, 0x65, 0x68, 0xa6, 0xad, 0x8f, 0x91,
    0x76, 0x4c, 0x55, 0x84, 0x8c, 0x95, 0xae, 0x89, 0x67, 0x73, 0x76, 0x77,
    0x86, 0x84, 0x73, 0x74, 0x7b, 0x82, 0x8d, 0x8b, 0x7c, 0x68, 0x5f, 0x9d,
    0xac, 0x8a, 0x98, 0x86, 0x4f, 0x4c, 0x7c, 0x83, 0x89, 0xaf, 0x9f, 0x74,
    0x73, 0x73, 0x71, 0x80, 0x85, 0x75, 0x74, 0x7a, 0x7d, 0x8b, 0x91, 0x8b,
    0x7c, 0x75, 0x63, 0x68, 0x9d, 0xa6, 0x92, 0x90, 0x7b, 0x55, 0x5c, 0x83,
    0x87, 0x94, 0xa5, 0x84, 0x6d, 0x74, 0x75, 0x79, 0x88, 0x82, 0x74, 0x79,
    0x7c, 0x80, 0x8b, 0x88, 0x7b, 0x69, 0x62, 0x9b, 0xab, 0x8c, 0x97, 0x88,
    0x52, 0x4f, 0x7c, 0x7f, 0x89, 0xad, 0x9c, 0x76, 0x75, 0x70, 0x71, 0x82,
    0x82, 0x77, 0x78, 0x7b, 0x7b, 0x8b, 0x8e, 0x85, 0x7d, 0x71, 0x5c, 0x7a,
    0xaf, 0x9a, 0x91, 0x93, 0x68, 0x49, 0x6a, 0x87, 0x83, 0xa3, 0xa5, 0x78,
    0x72, 0x74, 0x70, 0x7f, 0x89, 0x7b, 0x74, 0x7a, 0x7a, 0x85, 0x8f, 0x82,
    0x77, 0x65, 0x69, 0xaa, 0xa2, 0x8b, 0x9a, 0x78, 0x48, 0x5a, 0x81, 0x7d,
    0x94, 0xb0, 0x90, 0x77, 0x77, 0x6c, 0x76, 0x85, 0x7e, 0x77, 0x77, 0x74,
    0x7f, 0x91, 0x8f, 0x87, 0x7c, 0x6b, 0x5a, 0x7a, 0xae, 0x9c, 0x92, 0x93,
    0x68, 0x49, 0x6a, 0x88, 0x83, 0xa2, 0xa3, 0x78, 0x71, 0x72, 0x72, 0x82,
    0x8a, 0x7c, 0x74, 0x79, 0x7a, 0x86, 0x90, 0x86, 0x7b, 0x6c, 0x5e, 0x8b,
    0xac, 0x92, 0x95, 0x8e, 0x5e, 0x4d, 0x72, 0x83, 0x85, 0xa5, 0xa2, 0x7b,
    0x73, 0x71, 0x71, 0x81, 0x85, 0x7a, 0x75, 0x77, 0x7c, 0x8a, 0x8e, 0x85,
    0x7a, 0x66, 0x5c, 0x9e, 0xae, 0x8a, 0x99, 0x88, 0x51, 0x4b, 0x7b, 0x83,
    0x88, 0xaf, 0x9d, 0x76, 0x75, 0x70, 0x71, 0x82, 0x86, 0x78, 0x74, 0x79,
    0x7c, 0x8d, 0x90, 0x87, 0x7b, 0x70, 0x60, 0x70, 0xa5, 0xa3, 0x91, 0x92,
    0x77, 0x51, 0x5d, 0x83, 0x85, 0x92, 0xa8, 0x89, 0x6d, 0x71, 0x76, 0x7b,
    0x87, 0x85, 0x74, 0x73, 0x7d, 0x82, 0x8b, 0x8b, 0x7f, 0x70, 0x60, 0x7b,
    0xa8, 0x99, 0x8d, 0x94, 0x73, 0x4c, 0x63, 0x85, 0x84, 0x92, 0xa8, 0x89,
    0x6f, 0x74, 0x73, 0x7a, 0x84, 0x81, 0x75, 0x78, 0x7d, 0x84, 0x8c, 0x87,
    0x7c, 0x72, 0x5c, 0x79, 0xb0, 0x99, 0x8d, 0x93, 0x75, 0x4e, 0x5e, 0x84,
    0x85, 0x8f, 0xa7, 0x94, 0x70, 0x70, 0x74, 0x78, 0x80, 0x84, 0x78, 0x72,
    0x7f, 0x87, 0x89, 0x8b, 0x7d, 0x6c, 0x57, 0x7c, 0xbb, 0x99, 0x8e, 0x9a,
    0x68, 0x40, 0x64, 0x88, 0x81, 0x9a, 0xae, 0x86, 0x6f, 0x72, 0x72, 0x7c,
    0x87, 0x80, 0x71, 0x75, 0x7d, 0x84, 0x90, 0x8e, 0x81, 0x7a, 0x72, 0x6b,
    0x6d, 0x80, 0x9d, 0xa0, 0x90, 0x84, 0x74, 0x64, 0x6d, 0x82, 0x89, 0x91,
    0x91, 0x79, 0x6f, 0x78, 0x7e, 0x83, 0x88, 0x7b, 0x75, 0x7e, 0x80, 0x83,
    0x80, 0x70, 0x55, 0x93, 0xbc, 0x8c, 0x93, 0x90, 0x5e, 0x43, 0x70, 0x82,
    0x7e, 0xa0, 0xa8, 0x8b, 0x78, 0x76, 0x70, 0x7c, 0x81, 0x76, 0x70, 0x7a,
    0x7d, 0x87, 0x8e, 0x89, 0x7b, 0x75, 0x5d, 0x68, 0xbc, 0xa0, 0x8d, 0x9a,
    0x69, 0x44, 0x5a, 0x8b, 0x85, 0x9a, 0xaf, 0x81, 0x69, 0x76, 0x78, 0x7a,
    0x8e, 0x85, 0x6b, 0x71, 0x7e, 0x83, 0x8e, 0x8e, 0x81, 0x77, 0x77, 0x71,
    0x6d, 0x7e, 0x96, 0x9d, 0x91, 0x87, 0x79, 0x66, 0x6c, 0x7c, 0x81, 0x8d,
    0x94, 0x82, 0x75, 0x79, 0x7b, 0x7d, 0x85, 0x7d, 0x77, 0x7d, 0x82, 0x84,
    0x83, 0x7b, 0x70, 0x60, 0x77, 0xb1, 0x9f, 0x8d, 0x98, 0x73, 0x48, 0x62,
    0x82, 0x7d, 0x93, 0xa6, 0x8e, 0x79, 0x78, 0x72, 0x7b, 0x84, 0x7c, 0x78,
    0x79, 0x76, 0x7e, 0x8c, 0x88, 0x82, 0x7a, 0x63, 0x64, 0xac, 0xa6, 0x86,
    0x9a, 0x7b, 0x4a, 0x56, 0x86, 0x81, 0x8f, 0xae, 0x88, 0x6e, 0x79, 0x77,
    0x7a, 0x8b, 0x82, 0x6e, 0x76, 0x7d, 0x83, 0x8d, 0x87, 0x7d, 0x76, 0x73,
    0x67, 0x73, 0xa1, 0xa6, 0x8f, 0x8e, 0x7b, 0x56, 0x5f, 0x81, 0x82, 0x87,
    0xa3, 0x90, 0x74, 0x78, 0x77, 0x79, 0x83, 0x83, 0x78, 0x75, 0x78, 0x80,
    0x8e, 0x8a, 0x7e, 0x78, 0x69, 0x63, 0x92, 0xa9, 0x92, 0x94, 0x88, 0x5b,
    0x54, 0x76, 0x81, 0x86, 0xa2, 0x9b, 0x7c, 0x77, 0x74, 0x76, 0x82, 0x80,
    0x7b, 0x79, 0x78, 0x7c, 0x88, 0x89, 0x7f, 0x7b, 0x6d, 0x5f, 0x97, 0xad,
    0x8b, 0x98, 0x8a, 0x58, 0x4f, 0x77, 0x7e, 0x83, 0xa9, 0x9e, 0x7c, 0x79,
    0x74, 0x72, 0x81, 0x83, 0x79, 0x77, 0x7a, 0x7d, 0x89, 0x8c, 0x82, 0x7c,
    0x77, 0x6b, 0x65, 0x8e, 0xaa, 0x94, 0x8f, 0x89, 0x61, 0x53, 0x74, 0x85,
    0x85, 0xa0, 0x9d, 0x79, 0x73, 0x75, 0x75, 0x7f, 0x88, 0x7d, 0x75, 0x79,
    0x7c, 0x87, 0x8b, 0x84, 0x7c, 0x73, 0x68, 0x6e, 0x95, 0xa4, 0x94, 0x90,
    0x81, 0x5d, 0x5a, 0x77, 0x83, 0x89, 0xa0, 0x9a, 0x79, 0x74, 0x76, 0x76,
    0x7e, 0x83, 0x7b, 0x76, 0x7b, 0x81, 0x86, 0x87, 0x7d, 0x74, 0x61, 0x74,
    0xb1, 0x9d, 0x8c, 0x98, 0x74, 0x48, 0x5c, 0x81, 0x7d, 0x91, 0xaa, 0x96,
    0x7b, 0x78, 0x72, 0x73, 0x7e, 0x7e, 0x79, 0x79, 0x7c, 0x80, 0x87, 0x89,
    0x84, 0x80, 0x7a, 0x71, 0x6d, 0x75, 0x90, 0x9c, 0x94, 0x8a, 0x7d, 0x69,
    0x66, 0x79, 0x84, 0x8c, 0x9a, 0x8c, 0x74, 0x70, 0x76, 0x7b, 0x83, 0x88,
    0x80, 0x79, 0x7b, 0x7f, 0x81, 0x7f, 0x7b, 0x6a, 0x6a, 0xa0, 0xa4, 0x89,
    0x92, 0x88, 0x5f, 0x54, 0x73, 0x7f, 0x85, 0x9e, 0xa5, 0x88, 0x74, 0x72,
    0x72, 0x76, 0x7f, 0x81, 0x7a, 0x7a, 0x80, 0x84, 0x86, 0x86, 0x84, 0x7b,
    0x6e, 0x62, 0x77, 0xa4, 0xa0, 0x8e, 0x8f, 0x73, 0x52, 0x64, 0x84, 0x87,
    0x93, 0xa7, 0x8a, 0x6c, 0x6e, 0x72, 0x7a, 0x88, 0x8b, 0x79, 0x75, 0x7b,
    0x7f, 0x84, 0x86, 0x7f, 0x75, 0x65, 0x67, 0xa7, 0xad, 0x8a, 0x95, 0x80,
    0x48, 0x52, 0x82, 0x88, 0x90, 0xaa, 0x97, 0x73, 0x71, 0x71, 0x75, 0x81,
    0x86, 0x7e, 0x76, 0x79, 0x7e, 0x85, 0x8b, 0x87, 0x7e, 0x74, 0x67, 0x67,
    0x90, 0xa9, 0x95, 0x8f, 0x84, 0x5d, 0x57, 0x7b, 0x89, 0x8b, 0xa1, 0x93,
    0x70, 0x6f, 0x76, 0x7a, 0x84, 0x89, 0x7d, 0x75, 0x79, 0x7c, 0x85, 0x86,
    0x7c, 0x78, 0x69, 0x68, 0xa1, 0xab, 0x8c, 0x93, 0x7f, 0x51, 0x52, 0x7e,
    0x86, 0x8c, 0xa7, 0x9a, 0x79, 0x75, 0x73, 0x72, 0x7e, 0x81, 0x7d, 0x7c,
    0x79, 0x7b, 0x87, 0x89, 0x83, 0x82, 0x7b, 0x6f, 0x68, 0x7a, 0x9d, 0x9b,
    0x8f, 0x8d, 0x73, 0x5b, 0x6c, 0x83, 0x83, 0x92, 0x9e, 0x81, 0x71, 0x75,
    0x76, 0x7e, 0x88, 0x83, 0x77, 0x7a, 0x7a, 0x7e, 0x87, 0x83, 0x7a, 0x76,
    0x63, 0x79, 0xaf, 0x99, 0x8c, 0x96, 0x6f, 0x4a, 0x68, 0x82, 0x7d, 0x98,
    0xa6, 0x89, 0x7a, 0x79, 0x6f, 0x78, 0x82, 0x7d, 0x7c, 0x7d, 0x77, 0x80,
    0x8a, 0x83, 0x7f, 0x82, 0x78, 0x68, 0x6b, 0x94, 0xa4, 0x8e, 0x92, 0x84,
    0x5b, 0x5d, 0x7f, 0x81, 0x87, 0xa3, 0x91, 0x74, 0x76, 0x74, 0x78, 0x86,
    0x87, 0x7c, 0x7a, 0x75, 0x78, 0x88, 0x85, 0x81, 0x7e, 0x6e, 0x61, 0x91,
    0xab, 0x8c, 0x96, 0x8e, 0x5b, 0x50, 0x75, 0x7f, 0x83, 0xa4, 0xa1, 0x81,
    0x79, 0x71, 0x6f, 0x7e, 0x82, 0x7e, 0x7f, 0x7a, 0x79, 0x83, 0x85, 0x82,
    0x82, 0x7a, 0x6c, 0x63, 0x8e, 0xac, 0x90, 0x94, 0x8f, 0x5c, 0x4f, 0x77,
    0x84, 0x81, 0xa2, 0x9f, 0x79, 0x77, 0x74, 0x72, 0x83, 0x88, 0x7d, 0x78,
    0x78, 0x75, 0x82, 0x8a, 0x84, 0x81, 0x7b, 0x6a, 0x66, 0x97, 0xa4, 0x8e,
    0x96, 0x86, 0x59, 0x56, 0x7a, 0x81, 0x87, 0xa5, 0x9b, 0x79, 0x75, 0x72,
    0x73, 0x82, 0x88, 0x7c, 0x77, 0x78, 0x79, 0x85, 0x89, 0x83, 0x7c, 0x73,
    0x5f, 0x82, 0xaf, 0x92, 0x91, 0x96, 0x68, 0x49, 0x6b, 0x82, 0x7e, 0x9c,
    0xa8, 0x87, 0x77, 0x75, 0x6f, 0x79, 0x85, 0x81, 0x7a, 0x78, 0x76, 0x7e,
    0x88, 0x86, 0x84, 0x81, 0x75, 0x63, 0x70, 0x9e, 0xa1, 0x8f, 0x94, 0x7c,
    0x55, 0x5f, 0x7e, 0x81, 0x8e, 0xa5, 0x90, 0x74, 0x74, 0x72, 0x77, 0x86,
    0x87, 0x7a, 0x77, 0x77, 0x7c, 0x86, 0x86, 0x7f, 0x77, 0x67, 0x6d, 0xa6,
    0xa3, 0x8b, 0x9a, 0x7f, 0x4e, 0x55, 0x7b, 0x7e, 0x8b, 0xa9, 0x9b, 0x7d,
    0x77, 0x72, 0x73, 0x7e, 0x81, 0x7d, 0x78, 0x76, 0x7c, 0x85, 0x88, 0x88,
    0x84, 0x7b, 0x6f, 0x65, 0x78, 0x9f, 0x9d, 0x8f, 0x8e, 0x76, 0x5a, 0x66,
    0x80, 0x86, 0x91, 0xa0, 0x89, 0x70, 0x71, 0x75, 0x7d, 0x88, 0x87, 0x7b,
    0x76, 0x77, 0x7d, 0x83, 0x85, 0x7e, 0x70, 0x5e, 0x87, 0xb4, 0x93, 0x91,
    0x99, 0x67, 0x44, 0x65, 0x80, 0x80, 0x9a, 0xab, 0x92, 0x79, 0x72, 0x6f,
    0x75, 0x80, 0x85, 0x7c, 0x76, 0x78, 0x7e, 0x84, 0x8b, 0x89, 0x83, 0x78,
    0x6a, 0x62, 0x7d, 0xa9, 0x9e, 0x8e, 0x8b, 0x69, 0x54, 0x6e, 0x87, 0x89,
    0x9c, 0x9c, 0x77, 0x6c, 0x74, 0x79, 0x86, 0x8c, 0x7f, 0x73, 0x73, 0x78,
    0x85, 0x8b, 0x85, 0x7a, 0x6a, 0x5b, 0x93, 0xb6, 0x8f, 0x94, 0x90, 0x54,
    0x44, 0x76, 0x86, 0x88, 0xa8, 0xa2, 0x7c, 0x74, 0x73, 0x71, 0x7f, 0x86,
    0x7e, 0x79, 0x77, 0x77, 0x83, 0x8a, 0x89, 0x87, 0x80, 0x73, 0x69, 0x69,
    0x88, 0xa3, 0x97, 0x8f, 0x83, 0x66, 0x60, 0x78, 0x86, 0x89, 0x9a, 0x93,
    0x75, 0x70, 0x76, 0x7d, 0x87, 0x88, 0x7c, 0x74, 0x77, 0x7d, 0x85, 0x87,
    0x7f, 0x77, 0x67, 0x65, 0xa3, 0xaa, 0x8a, 0x99, 0x81, 0x4d, 0x54, 0x7e,
    0x80, 0x8c, 0xa8, 0x95, 0x7e, 0x7b, 0x71, 0x72, 0x81, 0x7f, 0x7a, 0x7d,
    0x75, 0x78, 0x8a, 0x8a, 0x85, 0x88, 0x7d, 0x70, 0x71, 0x6c, 0x78, 0x98,
    0x9c, 0x90, 0x8a, 0x78, 0x66, 0x6e, 0x7e, 0x80, 0x91, 0x95, 0x7c, 0x74,
    0x77, 0x7b, 0x85, 0x89, 0x81, 0x76, 0x77, 0x78, 0x7f, 0x88, 0x85, 0x7e,
    0x74, 0x65, 0x76, 0xa0, 0x9d, 0x91, 0x94, 0x75, 0x52, 0x64, 0x7f, 0x81,
    0x92, 0x9f, 0x8d, 0x7d, 0x76, 0x71, 0x7a, 0x85, 0x81, 0x7c, 0x79, 0x76,
    0x7d, 0x88, 0x87, 0x86, 0x82, 0x77, 0x70, 0x6a, 0x79, 0x99, 0x9b, 0x92,
    0x8d, 0x74, 0x5f, 0x6e, 0x7f, 0x81, 0x91, 0x99, 0x81, 0x76, 0x77, 0x78,
    0x84, 0x87, 0x7e, 0x78, 0x77, 0x77, 0x81, 0x89, 0x84, 0x80, 0x79, 0x69,
    0x65, 0x92, 0xa5, 0x90, 0x95, 0x88, 0x5d, 0x58, 0x7a, 0x81, 0x84, 0x9a,
    0x95, 0x82, 0x7b, 0x74, 0x75, 0x82, 0x82, 0x7c, 0x7a, 0x76, 0x79, 0x85,
    0x89, 0x86, 0x83, 0x7e, 0x74, 0x6e, 0x6d, 0x80, 0x98, 0x98, 0x91, 0x89,
    0x72, 0x65, 0x72, 0x7d, 0x80, 0x91, 0x94, 0x7f, 0x76, 0x78, 0x7c, 0x83,
    0x85, 0x7f, 0x78, 0x77, 0x7b, 0x82, 0x86, 0x83, 0x7c, 0x75, 0x66, 0x75,
    0xa0, 0x9d, 0x90, 0x93, 0x78, 0x55, 0x63, 0x7e, 0x7f, 0x8b, 0x9f, 0x92,
    0x7d, 0x78, 0x75, 0x78, 0x82, 0x81, 0x7a, 0x79, 0x78, 0x7d, 0x87, 0x88,
    0x83, 0x82, 0x7a, 0x70, 0x6c, 0x73, 0x8f, 0x9e, 0x94, 0x8f, 0x7f, 0x67,
    0x67, 0x78, 0x7f, 0x86, 0x98, 0x8e, 0x79, 0x77, 0x78, 0x7d, 0x85, 0x85,
    0x7b, 0x75, 0x79, 0x7d, 0x84, 0x87, 0x82, 0x7d, 0x78, 0x70, 0x6e, 0x87,
    0x9f, 0x96, 0x8c, 0x86, 0x6d, 0x60, 0x72, 0x82, 0x84, 0x8d, 0x98, 0x87,
    0x75, 0x77, 0x79, 0x7e, 0x84, 0x81, 0x78, 0x77, 0x7a, 0x82, 0x87, 0x85,
    0x80, 0x7b, 0x73, 0x68, 0x79, 0x99, 0x99, 0x90, 0x8d, 0x7a, 0x63, 0x68,
    0x7d, 0x83, 0x87, 0x95, 0x8e, 0x78, 0x75, 0x7b, 0x7f, 0x82, 0x83, 0x7b,
    0x75, 0x78, 0x7f, 0x86, 0x87, 0x81, 0x7a, 0x77, 0x6d, 0x6d, 0x8d, 0xa2,
    0x94, 0x8c, 0x85, 0x6a, 0x60, 0x74, 0x82, 0x85, 0x8f, 0x97, 0x85, 0x76,
    0x76, 0x7b, 0x80, 0x83, 0x81, 0x77, 0x75, 0x7c, 0x81, 0x87, 0x88, 0x82,
    0x7b, 0x74, 0x68, 0x6b, 0x93, 0xa8, 0x95, 0x8d, 0x81, 0x61, 0x5f, 0x7a,
    0x84, 0x86, 0x97, 0x90, 0x77, 0x76, 0x7a, 0x7e, 0x85, 0x86, 0x7b, 0x74,
    0x77, 0x7c, 0x86, 0x8a, 0x83, 0x7e, 0x79, 0x72, 0x6a, 0x76, 0x95, 0xa1,
    0x93, 0x8c, 0x7d, 0x63, 0x66, 0x7b, 0x81, 0x86, 0x96, 0x8d, 0x79, 0x77,
    0x7d, 0x80, 0x83, 0x82, 0x78, 0x75, 0x7a, 0x7f, 0x87, 0x87, 0x7e, 0x7a,
    0x73, 0x67, 0x7a, 0x9f, 0x9c, 0x92, 0x8f, 0x75, 0x5b, 0x67, 0x7d, 0x80,
    0x8b, 0x97, 0x8e, 0x7f, 0x7a, 0x78, 0x7c, 0x83, 0x7e, 0x78, 0x77, 0x78,
    0x7e, 0x87, 0x87, 0x83, 0x83, 0x7b, 0x73, 0x71, 0x72, 0x83, 0x95, 0x99,
    0x91, 0x83, 0x74, 0x6b, 0x70, 0x79, 0x82, 0x90, 0x91, 0x83, 0x78, 0x78,
    0x7d, 0x83, 0x84, 0x7e, 0x77, 0x76, 0x7b, 0x83, 0x86, 0x82, 0x80, 0x79,
    0x6c, 0x68, 0x86, 0xa3, 0x98, 0x94, 0x8d, 0x68, 0x58, 0x71, 0x7d, 0x7f,
    0x92, 0x96, 0x88, 0x81, 0x7a, 0x75, 0x80, 0x82, 0x7a, 0x78, 0x77, 0x77,
    0x81, 0x8a, 0x87, 0x84, 0x80, 0x77, 0x73, 0x72, 0x73, 0x84, 0x96, 0x97,
    0x90, 0x86, 0x75, 0x6a, 0x71, 0x7a, 0x80, 0x8f, 0x91, 0x81, 0x79, 0x79,
    0x7d, 0x83, 0x83, 0x7d, 0x78, 0x78, 0x7b, 0x81, 0x86, 0x81, 0x7d, 0x7a,
    0x6b, 0x6c, 0x90, 0xa1, 0x95, 0x93, 0x86, 0x61, 0x5b, 0x74, 0x7d, 0x84,
    0x97, 0x98, 0x86, 0x7d, 0x76, 0x75, 0x80, 0x81, 0x7a, 0x79, 0x79, 0x7a,
    0x84, 0x88, 0x82, 0x81, 0x81, 0x77, 0x73, 0x71, 0x78, 0x91, 0x98, 0x92,
    0x8c, 0x7c, 0x6a, 0x6d, 0x79, 0x7c, 0x87, 0x96, 0x8b, 0x7c, 0x79, 0x78,
    0x7d, 0x84, 0x83, 0x7b, 0x78, 0x78, 0x7d, 0x84, 0x85, 0x81, 0x80, 0x7b,
    0x72, 0x6e, 0x7d, 0x96, 0x9a, 0x93, 0x8b, 0x75, 0x62, 0x6b, 0x7a, 0x7f,
    0x8b, 0x97, 0x8f, 0x7f, 0x78, 0x76, 0x7c, 0x82, 0x80, 0x7a, 0x79, 0x78,
    0x7d, 0x85, 0x85, 0x82, 0x81, 0x7b, 0x74, 0x70, 0x77, 0x8e, 0x99, 0x93,
    0x8c, 0x7e, 0x69, 0x69, 0x78, 0x7f, 0x85, 0x94, 0x8f, 0x7d, 0x78, 0x77,
    0x7c, 0x84, 0x84, 0x7d, 0x77, 0x76, 0x7c, 0x83, 0x86, 0x83, 0x83, 0x7f,
    0x76, 0x71, 0x73, 0x84, 0x94, 0x97, 0x8f, 0x83, 0x73, 0x6a, 0x71, 0x7b,
    0x82, 0x8d, 0x94, 0x88, 0x79, 0x76, 0x7a, 0x80, 0x83, 0x80, 0x78, 0x75,
    0x7a, 0x80, 0x84, 0x85, 0x82, 0x7e, 0x76, 0x6d, 0x74, 0x92, 0x9d, 0x91,
    0x8d, 0x7e, 0x64, 0x64, 0x7a, 0x82, 0x84, 0x92, 0x93, 0x81, 0x79, 0x79,
    0x7b, 0x81, 0x83, 0x7a, 0x74, 0x77, 0x7c, 0x83, 0x88, 0x87, 0x83, 0x81,
    0x7b, 0x76, 0x75, 0x77, 0x81, 0x8a, 0x8d, 0x8e, 0x88, 0x7f, 0x78, 0x75,
    0x76, 0x7c, 0x88, 0x8d, 0x85, 0x7a, 0x78, 0x7c, 0x80, 0x83, 0x81, 0x7b,
    0x7a, 0x7c, 0x7f, 0x81, 0x81, 0x7e, 0x75, 0x65, 0x7b, 0xa2, 0x9a, 0x90,
    0x92, 0x78, 0x57, 0x63, 0x7b, 0x7f, 0x8a, 0x99, 0x92, 0x81, 0x7c, 0x78,
    0x79, 0x81, 0x80, 0x76, 0x73, 0x79, 0x7f, 0x87, 0x8a, 0x85, 0x84, 0x80,
    0x79, 0x79, 0x78, 0x76, 0x78, 0x82, 0x86, 0x88, 0x94, 0x91, 0x80, 0x78,
    0x73, 0x70, 0x7b, 0x8b, 0x88, 0x7d, 0x7a, 0x7a, 0x7f, 0x85, 0x86, 0x7f,
    0x7b, 0x7b, 0x7b, 0x7d, 0x7e, 0x7f, 0x7d, 0x75, 0x6a, 0x81, 0xa0, 0x99,
    0x93, 0x8f, 0x70, 0x57, 0x68, 0x7b, 0x7f, 0x8f, 0x99, 0x90, 0x83, 0x7a,
    0x74, 0x7a, 0x80, 0x7d, 0x79, 0x78, 0x79, 0x80, 0x87, 0x85, 0x82, 0x83,
    0x7e, 0x77, 0x75, 0x70, 0x7d, 0x8e, 0x91, 0x92, 0x8a, 0x7a, 0x70, 0x74,
    0x78, 0x7b, 0x88, 0x91, 0x89, 0x7e, 0x77, 0x79, 0x80, 0x83, 0x7f, 0x7a,
    0x79, 0x7b, 0x80, 0x83, 0x83, 0x82, 0x80, 0x7b, 0x73, 0x6e, 0x79, 0x8f,
    0x9b, 0x96, 0x8c, 0x7a, 0x68, 0x69, 0x75, 0x7d, 0x86, 0x93, 0x93, 0x83,
    0x78, 0x75, 0x7b, 0x81, 0x81, 0x7c, 0x78, 0x77, 0x7d, 0x85, 0x87, 0x85,
    0x82, 0x7e, 0x78, 0x72, 0x6f, 0x78, 0x8c, 0x95, 0x95, 0x8f, 0x7e, 0x70,
    0x6e, 0x72, 0x79, 0x84, 0x92, 0x8e, 0x81, 0x79, 0x78, 0x7f, 0x83, 0x82,
    0x7c, 0x77, 0x78, 0x7e, 0x83, 0x84, 0x84, 0x82, 0x7b, 0x73, 0x6e, 0x77,
    0x8d, 0x9b, 0x99, 0x8e, 0x7b, 0x67, 0x66, 0x73, 0x7e, 0x88, 0x93, 0x94,
    0x85, 0x77, 0x74, 0x7a, 0x81, 0x82, 0x7d, 0x78, 0x76, 0x7e, 0x85, 0x84,
    0x84, 0x83, 0x7d, 0x77, 0x70, 0x6e, 0x85, 0x97, 0x96, 0x93, 0x85, 0x6e,
    0x67, 0x73, 0x7a, 0x80, 0x8e, 0x93, 0x88, 0x7e, 0x77, 0x78, 0x81, 0x84,
    0x7e, 0x78, 0x75, 0x78, 0x82, 0x88, 0x85, 0x84, 0x82, 0x79, 0x73, 0x6f,
    0x74, 0x8a, 0x99, 0x97, 0x8e, 0x7f, 0x6d, 0x6a, 0x73, 0x7b, 0x84, 0x90,
    0x92, 0x85, 0x79, 0x75, 0x7b, 0x84, 0x85, 0x7e, 0x78, 0x75, 0x79, 0x82,
    0x86, 0x85, 0x83, 0x81, 0x7a, 0x70, 0x6a, 0x7c, 0x95, 0x98, 0x94, 0x8c,
    0x76, 0x66, 0x6e, 0x78, 0x7d, 0x88, 0x93, 0x8f, 0x80, 0x78, 0x77, 0x7f,
    0x84, 0x7f, 0x79, 0x76, 0x78, 0x81, 0x86, 0x85, 0x83, 0x81, 0x7e, 0x79,
    0x73, 0x71, 0x80, 0x90, 0x91, 0x90, 0x88, 0x78, 0x6f, 0x73, 0x77, 0x7d,
    0x89, 0x92, 0x8b, 0x7e, 0x76, 0x79, 0x81, 0x84, 0x81, 0x79, 0x76, 0x79,
    0x7d, 0x83, 0x87, 0x84, 0x80, 0x7b, 0x6f, 0x68, 0x80, 0x99, 0x98, 0x92,
    0x8b, 0x72, 0x60, 0x6e, 0x7c, 0x80, 0x8b, 0x94, 0x8f, 0x81, 0x78, 0x77,
    0x7d, 0x82, 0x7f, 0x79, 0x75, 0x78, 0x81, 0x85, 0x86, 0x85, 0x82, 0x7f,
    0x7b, 0x76, 0x72, 0x77, 0x85, 0x8a, 0x8d, 0x90, 0x88, 0x7b, 0x76, 0x75,
    0x75, 0x7d, 0x8a, 0x8d, 0x83, 0x7a, 0x7a, 0x7f, 0x84, 0x83, 0x7e, 0x7a,
    0x79, 0x7a, 0x7d, 0x82, 0x82, 0x82, 0x80, 0x79, 0x6f, 0x75, 0x8a, 0x96,
    0x94, 0x8d, 0x80, 0x6d, 0x68, 0x73, 0x7d, 0x83, 0x8e, 0x94, 0x8a, 0x7c,
    0x77, 0x7a, 0x7f, 0x82, 0x7d, 0x76, 0x74, 0x7b, 0x83, 0x88, 0x89, 0x85,
    0x81, 0x7b, 0x74, 0x6e, 0x70, 0x82, 0x90, 0x93, 0x93, 0x8a, 0x79, 0x70,
    0x72, 0x75, 0x7c, 0x89, 0x91, 0x8a, 0x7d, 0x77, 0x7c, 0x81, 0x83, 0x80,
    0x79, 0x76, 0x7a, 0x7f, 0x83, 0x85, 0x83, 0x7e, 0x7a, 0x74, 0x6d, 0x7a,
    0x93, 0x99, 0x93, 0x8a, 0x79, 0x67, 0x6b, 0x78, 0x7f, 0x86, 0x90, 0x92,
    0x85, 0x79, 0x77, 0x7d, 0x82, 0x80, 0x7b, 0x76, 0x76, 0x7e, 0x86, 0x88,
    0x85, 0x84, 0x7f, 0x7a, 0x76, 0x71, 0x74, 0x83, 0x8c, 0x8e, 0x92, 0x8a,
    0x7b, 0x75, 0x73, 0x72, 0x7b, 0x89, 0x8f, 0x88, 0x7e, 0x78, 0x7d, 0x83,
    0x83, 0x7f, 0x7b, 0x78, 0x79, 0x7e, 0x83, 0x84, 0x83, 0x82, 0x7c, 0x75,
    0x70, 0x7a, 0x89, 0x90, 0x92, 0x8c, 0x7d, 0x71, 0x71, 0x75, 0x7a, 0x85,
    0x8b, 0x8e, 0x89, 0x7c, 0x77, 0x7c, 0x81, 0x80, 0x7d, 0x78, 0x78, 0x7e,
    0x84, 0x84, 0x84, 0x82, 0x7f, 0x7a, 0x76, 0x71, 0x75, 0x85, 0x8f, 0x92,
    0x92, 0x85, 0x75, 0x70, 0x72, 0x76, 0x7f, 0x89, 0x8e, 0x8c, 0x82, 0x79,
    0x7b, 0x81, 0x81, 0x7e, 0x7a, 0x75, 0x79, 0x81, 0x86, 0x86, 0x85, 0x81,
    0x7c, 0x7a, 0x77, 0x75, 0x79, 0x82, 0x86, 0x8c, 0x91, 0x89, 0x7e, 0x79,
    0x73, 0x72, 0x7b, 0x87, 0x8d, 0x89, 0x80, 0x79, 0x7c, 0x81, 0x82, 0x7f,
    0x7c, 0x79, 0x7b, 0x7f, 0x80, 0x82, 0x82, 0x80, 0x7c, 0x76, 0x72, 0x7a,
    0x88, 0x91, 0x94, 0x8c, 0x7d, 0x71, 0x6e, 0x72, 0x7a, 0x84, 0x8d, 0x92,
    0x8b, 0x7f, 0x78, 0x7a, 0x80, 0x80, 0x7c, 0x77, 0x77, 0x7d, 0x83, 0x87,
    0x85, 0x82, 0x80, 0x7d, 0x79, 0x76, 0x75, 0x7b, 0x85, 0x86, 0x88, 0x8d,
    0x88, 0x7e, 0x7b, 0x76, 0x73, 0x7b, 0x89, 0x8c, 0x87, 0x7f, 0x79, 0x7c,
    0x81, 0x80, 0x7e, 0x7c, 0x7c, 0x7e, 0x81, 0x81, 0x80, 0x80, 0x7e, 0x7a,
    0x78, 0x74, 0x7a, 0x88, 0x8f, 0x92, 0x8c, 0x80, 0x74, 0x70, 0x72, 0x77,
    0x82, 0x8b, 0x91, 0x8e, 0x83, 0x7a, 0x78, 0x7c, 0x7e, 0x7c, 0x7a, 0x7a,
    0x7d, 0x81, 0x85, 0x85, 0x83, 0x81, 0x7d, 0x78, 0x77, 0x75, 0x78, 0x83,
    0x86, 0x86, 0x8d, 0x8b, 0x80, 0x7b, 0x78, 0x73, 0x79, 0x84, 0x8c, 0x8a,
    0x83, 0x7a, 0x77, 0x7d, 0x82, 0x82, 0x7f, 0x7c, 0x7c, 0x7e, 0x80, 0x81,
    0x81, 0x7f, 0x7d, 0x7c, 0x79, 0x77, 0x7d, 0x84, 0x88, 0x8e, 0x8d, 0x82,
    0x7a, 0x76, 0x73, 0x76, 0x81, 0x89, 0x8e, 0x8e, 0x82, 0x76, 0x77, 0x7c,
    0x7f, 0x80, 0x7e, 0x7b, 0x7b, 0x7f, 0x82, 0x83, 0x81, 0x80, 0x7e, 0x7c,
    0x7a, 0x79, 0x7a, 0x80, 0x83, 0x83, 0x89, 0x8b, 0x85, 0x7e, 0x7b, 0x76,
    0x77, 0x80, 0x8a, 0x8a, 0x83, 0x7b, 0x78, 0x7d, 0x83, 0x83, 0x80, 0x7c,
    0x7b, 0x7d, 0x7f, 0x82, 0x80, 0x7e, 0x7d, 0x7b, 0x77, 0x75, 0x7e, 0x89,
    0x8e, 0x90, 0x89, 0x7d, 0x73, 0x72, 0x76, 0x7b, 0x84, 0x8b, 0x8e, 0x8a,
    0x80, 0x78, 0x79, 0x7d, 0x81, 0x7f, 0x7a, 0x78, 0x7a, 0x7f, 0x84, 0x85,
    0x82, 0x80, 0x7f, 0x7d, 0x7b, 0x7b, 0x7b, 0x7d, 0x80, 0x80, 0x80, 0x80,
    0x87, 0x8d, 0x86, 0x80, 0x7e, 0x7a, 0x79, 0x82, 0x84, 0x7e, 0x7b, 0x7d,
    0x7f, 0x82, 0x84, 0x81, 0x7e, 0x7d, 0x7d, 0x7e, 0x7e, 0x7d, 0x7d, 0x7d,
    0x79, 0x75, 0x7d, 0x88, 0x8a, 0x8f, 0x8e, 0x81, 0x75, 0x74, 0x74, 0x76,
    0x7f, 0x88, 0x8c, 0x8e, 0x87, 0x7c, 0x78, 0x7c, 0x7e, 0x7e, 0x7c, 0x7a,
    0x79, 0x7d, 0x83, 0x86, 0x85, 0x81, 0x81, 0x7f, 0x79, 0x79, 0x7b, 0x7c,
    0x7f, 0x81, 0x7f, 0x7f, 0x89, 0x8f, 0x87, 0x80, 0x7d, 0x77, 0x77, 0x82,
    0x86, 0x80, 0x7d, 0x7b, 0x7c, 0x83, 0x86, 0x82, 0x7f, 0x7d, 0x7c, 0x7f,
    0x7f, 0x7d, 0x7e, 0x7e, 0x7b, 0x7b, 0x7b, 0x7e, 0x83, 0x85, 0x88, 0x8c,
    0x86, 0x7e, 0x7a, 0x76, 0x72, 0x79, 0x84, 0x8a, 0x8f, 0x8a, 0x7d, 0x77,
    0x7a, 0x7e, 0x80, 0x80, 0x7b, 0x79, 0x7c, 0x80, 0x83, 0x85, 0x82, 0x80,
    0x7f, 0x7b, 0x7a, 0x7a, 0x7b, 0x7e, 0x81, 0x81, 0x83, 0x8b, 0x8b, 0x83,
    0x7e, 0x79, 0x76, 0x7b, 0x84, 0x87, 0x82, 0x7d, 0x79, 0x7d, 0x84, 0x86,
    0x83, 0x7e, 0x7a, 0x79, 0x7b, 0x7f, 0x81, 0x81, 0x80, 0x7d, 0x7d, 0x7c,
    0x7c, 0x7f, 0x82, 0x81, 0x83, 0x88, 0x86, 0x81, 0x7f, 0x7a, 0x75, 0x7a,
    0x82, 0x87, 0x89, 0x85, 0x7d, 0x7a, 0x7e, 0x80, 0x7f, 0x7d, 0x7a, 0x79,
    0x7c, 0x83, 0x85, 0x84, 0x81, 0x7d, 0x7d, 0x7c, 0x7c, 0x7c, 0x7d, 0x7f,
    0x80, 0x7f, 0x82, 0x89, 0x8b, 0x85, 0x80, 0x7a, 0x75, 0x79, 0x83, 0x88,
    0x84, 0x7f, 0x7b, 0x7c, 0x81, 0x83, 0x80, 0x7e, 0x7c, 0x7c, 0x7e, 0x80,
    0x80, 0x7f, 0x7f, 0x7f, 0x7e, 0x7b, 0x7a, 0x7e, 0x81, 0x82, 0x88, 0x8c,
    0x86, 0x7f, 0x7b, 0x75, 0x74, 0x7d, 0x86, 0x8b, 0x8c, 0x83, 0x7a, 0x79,
    0x7d, 0x80, 0x81, 0x7e, 0x7a, 0x7a, 0x7d, 0x81, 0x85, 0x85, 0x80, 0x7f,
    0x7e, 0x7c, 0x7c, 0x7c, 0x7d, 0x7f, 0x81, 0x7f, 0x7d, 0x7f, 0x84, 0x8a,
    0x89, 0x83, 0x7f, 0x7a, 0x79, 0x7f, 0x81, 0x7e, 0x7c, 0x7d, 0x80, 0x82,
    0x83, 0x81, 0x80, 0x7f, 0x7e, 0x7d, 0x7d, 0x7c, 0x7d, 0x7f, 0x7e, 0x7b,
    0x7c, 0x82, 0x82, 0x82, 0x87, 0x88, 0x82, 0x7f, 0x7e, 0x78, 0x76, 0x7e,
    0x84, 0x88, 0x8a, 0x85, 0x7c, 0x7a, 0x7d, 0x7e, 0x7f, 0x7e, 0x7c, 0x7c,
    0x7f, 0x80, 0x81, 0x83, 0x80, 0x7f, 0x81, 0x7e, 0x7b, 0x7c, 0x7d, 0x7d,
    0x7e, 0x7f, 0x80, 0x86, 0x8c, 0x89, 0x82, 0x7d, 0x78, 0x78, 0x7f, 0x85,
    0x82, 0x7f, 0x7c, 0x7d, 0x82, 0x84, 0x82, 0x7f, 0x7c, 0x7b, 0x7e, 0x80,
    0x80, 0x7f, 0x7e, 0x7e, 0x7f, 0x7e, 0x7d, 0x7f, 0x81, 0x81, 0x80, 0x7e,
    0x7e, 0x84, 0x88, 0x84, 0x7f, 0x7d, 0x7b, 0x7d, 0x84, 0x85, 0x80, 0x7c,
    0x7c, 0x7d, 0x80, 0x81, 0x7f, 0x7e, 0x7e, 0x7f, 0x80, 0x80, 0x7f, 0x7f,
    0x7e, 0x7c, 0x7c, 0x7d, 0x7e, 0x81, 0x82, 0x80, 0x81, 0x83, 0x85, 0x85,
    0x81, 0x7c, 0x7a, 0x7b, 0x81, 0x87, 0x86, 0x81, 0x7c, 0x7a, 0x7d, 0x81,
    0x83, 0x80, 0x7c, 0x7b, 0x7d, 0x7f, 0x81, 0x80, 0x7f, 0x7f, 0x7f, 0x7e,
    0x7d, 0x7e, 0x7f, 0x80, 0x80, 0x7e, 0x7d, 0x7f, 0x84, 0x88, 0x86, 0x82,
    0x7f, 0x7d, 0x7e, 0x81, 0x80, 0x7c, 0x7b, 0x7d, 0x80, 0x82, 0x83, 0x80,
    0x7e, 0x7e, 0x7f, 0x7e, 0x7f, 0x7f, 0x7e, 0x7f, 0x7e, 0x7d, 0x7d, 0x7f,
    0x82, 0x81, 0x7f, 0x7e, 0x7e, 0x7f, 0x84, 0x88, 0x84, 0x80, 0x7f, 0x7d,
    0x7f, 0x81, 0x7f, 0x7c, 0x7c, 0x7f, 0x80, 0x81, 0x80, 0x7e, 0x7e, 0x7f,
    0x7f, 0x7f, 0x7f, 0x7f, 0x7e, 0x7e, 0x7d, 0x7b, 0x7e, 0x81, 0x82, 0x81,
    0x80, 0x7f, 0x80, 0x84, 0x86, 0x82, 0x7f, 0x7e, 0x7e, 0x80, 0x83, 0x80,
    0x7d, 0x7c, 0x7d, 0x7f, 0x81, 0x80, 0x7e, 0x7e, 0x7f, 0x80, 0x80, 0x7f,
    0x7e, 0x7e, 0x7e, 0x7e, 0x7e, 0x7f, 0x7f, 0x81, 0x82, 0x80, 0x7e, 0x7e,
    0x7e, 0x7f, 0x82, 0x87, 0x88, 0x84, 0x82, 0x7e, 0x79, 0x79, 0x7c, 0x7d,
    0x80, 0x82, 0x80, 0x7f, 0x80, 0x80, 0x81, 0x81, 0x7f, 0x7d, 0x7d, 0x7d,
    0x7e, 0x7e, 0x7c, 0x7d, 0x82, 0x84, 0x83, 0x82, 0x80, 0x7e, 0x7e, 0x7e,
    0x7e, 0x81, 0x86, 0x86, 0x84, 0x80, 0x7a, 0x78, 0x7d, 0x80, 0x80, 0x7f,
    0x7e, 0x7e, 0x7f, 0x81, 0x81, 0x80, 0x7f, 0x7f, 0x7e, 0x7d, 0x7d, 0x7c,
    0x7c, 0x80, 0x83, 0x83, 0x82, 0x82, 0x81, 0x80, 0x81, 0x81, 0x80, 0x81,
    0x80, 0x82, 0x82, 0x7f, 0x7b, 0x7c, 0x7e, 0x80, 0x80, 0x7f, 0x7e, 0x7e,
    0x7f, 0x80, 0x80, 0x80, 0x7f, 0x7e, 0x7e, 0x7e, 0x7c, 0x7c, 0x7f, 0x81,
    0x81, 0x81, 0x80, 0x80, 0x82, 0x84, 0x83, 0x81, 0x7f, 0x7e, 0x7f, 0x81,
    0x81, 0x7f, 0x7d, 0x7d, 0x7e, 0x81, 0x81, 0x7f, 0x7e, 0x7f, 0x7f, 0x80,
    0x7f, 0x7e, 0x7e, 0x7f, 0x7f, 0x7f, 0x7f, 0x7e, 0x7f, 0x80, 0x81, 0x81,
    0x81, 0x80, 0x80, 0x81, 0x81, 0x81, 0x80, 0x80, 0x80, 0x7f, 0x7f, 0x7e,
    0x7e, 0x80, 0x80, 0x7f, 0x7f, 0x7e, 0x7e, 0x7d, 0x80, 0x82, 0x81, 0x80,
    0x7f, 0x7e, 0x7d, 0x7d, 0x7d, 0x7e, 0x7f, 0x81, 0x82, 0x82, 0x81, 0x83,
    0x82, 0x80, 0x7f, 0x7f, 0x80, 0x82, 0x82, 0x7f, 0x7d, 0x7d, 0x7e, 0x80,
    0x81, 0x80, 0x7e, 0x7e, 0x7f, 0x7f, 0x80, 0x7f, 0x7f, 0x7e, 0x7e, 0x7e,
    0x7b, 0x79, 0x7e, 0x82, 0x83, 0x87, 0x8b, 0x85, 0x7e, 0x7b, 0x78, 0x75,
    0x7b, 0x83, 0x87, 0x89, 0x86, 0x7e, 0x7b, 0x7c, 0x7f, 0x80, 0x80, 0x7c,
    0x7a, 0x7c, 0x7f, 0x82, 0x83, 0x82, 0x81, 0x80, 0x7f, 0x7e, 0x7e, 0x7e,
    0x7f, 0x7f, 0x80, 0x80, 0x81, 0x81, 0x81, 0x80, 0x81, 0x81, 0x80, 0x7f,
    0x7e, 0x7d, 0x7e, 0x7f, 0x7f, 0x80, 0x81, 0x80, 0x81, 0x80, 0x7e, 0x7e,
    0x7f, 0x7f, 0x7f, 0x7f, 0x7f, 0x7f, 0x80, 0x80, 0x80, 0x80, 0x80, 0x80,
    0x7f, 0x7e, 0x7f, 0x7f, 0x7f, 0x80, 0x80, 0x7f, 0x7f, 0x81, 0x80, 0x80,
    0x80, 0x7f, 0x7e, 0x7e, 0x7f, 0x7f, 0x7f, 0x7f, 0x7f, 0x7f, 0x7f, 0x7f,
    0x7f, 0x7f, 0x7f, 0x7f, 0x7f, 0x7f, 0x7f, 0x80, 0x80, 0x82, 0x83, 0x82,
    0x81, 0x80, 0x80, 0x80, 0x7f, 0x7e, 0x7d, 0x7e, 0x7f, 0x80, 0x80, 0x80,
    0x7f, 0x7f, 0x80, 0x80, 0x7f, 0x7f, 0x7d, 0x7b, 0x7b, 0x78, 0x7a, 0x84,
    0x89, 0x8a, 0x8c, 0x87, 0x7c, 0x76, 0x76, 0x75, 0x7a, 0x82, 0x87, 0x89,
    0x89, 0x83, 0x7d, 0x7c, 0x7c, 0x7c, 0x7e, 0x7d, 0x7c, 0x7e, 0x7f, 0x80,
    0x82, 0x84, 0x83, 0x81, 0x7f, 0x7d, 0x7d, 0x7e, 0x7f, 0x7f, 0x7f, 0x7f,
    0x7f, 0x81, 0x81, 0x81, 0x81, 0x81, 0x80, 0x7e, 0x7e, 0x7d, 0x7d, 0x7f,
    0x80, 0x80, 0x7f, 0x7f, 0x80, 0x81, 0x81, 0x80, 0x7e, 0x7e, 0x7e, 0x7f,
    0x7f, 0x7f, 0x80, 0x80, 0x81, 0x81, 0x80, 0x7f, 0x80, 0x7f, 0x7e, 0x7f,
    0x7e, 0x7f, 0x80, 0x80, 0x7f, 0x7f, 0x7f, 0x7f, 0x80, 0x81, 0x80, 0x7f,
    0x7e, 0x7f, 0x7f, 0x7f, 0x80, 0x7f, 0x7f, 0x7f, 0x7f, 0x80, 0x7f, 0x80,
    0x80, 0x80, 0x80, 0x81, 0x80, 0x80, 0x80, 0x7f, 0x7f, 0x7f, 0x7f, 0x7f,
    0x7f, 0x7f, 0x80, 0x7f, 0x7f, 0x7f, 0x7f, 0x7f, 0x7f, 0x7e, 0x7f, 0x7f,
    0x7f, 0x7e, 0x7d, 0x7a, 0x7a, 0x81, 0x88, 0x8b, 0x8b, 0x85, 0x7c, 0x74,
    0x74, 0x78, 0x7d, 0x84, 0x88, 0x88, 0x85, 0x82, 0x7f, 0x7c, 0x7c, 0x7c,
    0x7b, 0x7c, 0x7c, 0x7e, 0x80, 0x82, 0x82, 0x83, 0x83, 0x81, 0x80, 0x7e,
    0x7d, 0x7d, 0x7e, 0x7e, 0x7f, 0x80, 0x81, 0x82, 0x82, 0x82, 0x81, 0x80,
    0x7f, 0x7e, 0x7e, 0x7d, 0x7e, 0x7e, 0x7f, 0x80, 0x80, 0x80, 0x80, 0x81,
    0x80, 0x7f, 0x7f, 0x7e, 0x7e, 0x80, 0x80, 0x80, 0x80, 0x80, 0x80, 0x80,
    0x81, 0x80, 0x80, 0x7f, 0x7e, 0x7e, 0x7f, 0x7f, 0x80, 0x80, 0x7f, 0x7f,
    0x80, 0x7f, 0x7f, 0x7f, 0x7f, 0x7f, 0x80, 0x7f, 0x7f, 0x7f, 0x7f, 0x7f,
    0x80, 0x81, 0x80, 0x81, 0x81, 0x80, 0x80, 0x80, 0x7f, 0x7f, 0x7f, 0x7f,
    0x7f, 0x80, 0x81, 0x80, 0x80, 0x80, 0x7f, 0x7e, 0x7e, 0x7e, 0x7e, 0x7f,
    0x80, 0x7f, 0x7f, 0x80, 0x7f, 0x7f, 0x7f, 0x7d, 0x7b, 0x7d, 0x82, 0x85,
    0x86, 0x86, 0x82, 0x7c, 0x7a, 0x7b, 0x7d, 0x81, 0x85, 0x85, 0x82, 0x7f,
    0x7d, 0x7d, 0x7e, 0x80, 0x80, 0x7f, 0x7e, 0x7d, 0x7f, 0x80, 0x81, 0x81,
    0x80, 0x7f, 0x7f, 0x7f, 0x7e, 0x7f, 0x80, 0x80, 0x7f, 0x80, 0x7f, 0x80,
    0x81, 0x81, 0x80, 0x80, 0x80, 0x7f, 0x7f, 0x7f, 0x7f, 0x7f, 0x80, 0x7f,
    0x7f, 0x7f, 0x7f, 0x80, 0x81, 0x81, 0x7f, 0x7e, 0x7e, 0x7f, 0x7f, 0x80,
    0x80, 0x80, 0x80, 0x80, 0x7f, 0x7f, 0x7f, 0x7f, 0x80, 0x80, 0x7f, 0x7f,
    0x7f, 0x7f, 0x80, 0x80, 0x7f, 0x80, 0x80, 0x7f, 0x7f, 0x7f, 0x7f, 0x7f,
    0x81, 0x80, 0x7f, 0x7f, 0x7f, 0x7f, 0x80, 0x80, 0x80, 0x81, 0x80, 0x7f,
    0x7f, 0x7f, 0x7e, 0x7f, 0x80, 0x7f, 0x7f, 0x80, 0x80, 0x80, 0x80, 0x7f,
    0x7f, 0x7f, 0x7f, 0x80, 0x80, 0x80, 0x7f, 0x7f, 0x7f, 0x7f, 0x7f, 0x80,
    0x80, 0x80, 0x80, 0x80, 0x7f, 0x7f, 0x7f, 0x7f, 0x7f, 0x7f, 0x7f, 0x80,
    0x80, 0x80, 0x80, 0x80, 0x7f, 0x7f, 0x7f, 0x7f, 0x7f, 0x80, 0x80, 0x80,
    0x80, 0x80, 0x80, 0x80, 0x7f, 0x7f, 0x7f, 0x7f, 0x7f, 0x80, 0x80, 0x7f,
    0x7f, 0x7f, 0x7f, 0x80, 0x80, 0x7f, 0x7f, 0x7f, 0x7f, 0x7f, 0x7f, 0x7f,
    0x7f, 0x80, 0x80, 0x80, 0x80, 0x7f, 0x7f, 0x7f, 0x7f, 0x80, 0x80, 0x80,
    0x80, 0x80, 0x7f, 0x7f, 0x80, 0x80, 0x7f, 0x7f, 0x7f, 0x7f, 0x7f, 0x7f,
    0x7f, 0x7f, 0x7f, 0x7f, 0x80, 0x7f, 0x7f, 0x7f, 0x7f, 0x7f, 0x7f, 0x7f,
    0x7f, 0x80, 0x80, 0x80, 0x80, 0x80, 0x7f, 0x7f, 0x7f, 0x80, 0x80, 0x7f,
    0x7f, 0x7f, 0x7f, 0x7f, 0x7f, 0x7f, 0x7f, 0x7f, 0x7f, 0x7f, 0x80, 0x80,
    0x80, 0x80, 0x7f, 0x7f, 0x7f, 0x7f, 0x80, 0x80, 0x80, 0x7f, 0x80, 0x80,
    0x80, 0x7f, 0x7f, 0x7f, 0x7f, 0x7f, 0x80, 0x7f, 0x7f, 0x7f, 0x7f, 0x7f,
    0x7f, 0x7f, 0x7f, 0x80, 0x80, 0x80, 0x80, 0x80, 0x7f, 0x80, 0x7f, 0x7f,
    0x7f, 0x80, 0x80, 0x80, 0x80, 0x7f, 0x7f, 0x80, 0x80, 0x80, 0x80, 0x7f,
    0x7f, 0x7f, 0x7f, 0x7f, 0x7f, 0x7f, 0x7f, 0x80, 0x80, 0x80, 0x80, 0x80,
    0x7f, 0x7f, 0x7f, 0x7f, 0x7f, 0x7f, 0x7f, 0x7f, 0x80, 0x80, 0x80, 0x80,
    0x7f, 0x7f, 0x7f, 0x7f, 0x7f, 0x7f, 0x7f, 0x7f, 0x7f, 0x7f, 0x7f, 0x80,
    0x80, 0x80, 0x80, 0x80, 0x7f, 0x7f, 0x7f, 0x7f, 0x7f, 0x7f, 0x80, 0x80,
    0x80, 0x80, 0x7f, 0x7f, 0x80, 0x80, 0x80, 0x7f, 0x7f, 0x7f, 0x7f, 0x7f,
    0x7f, 0x7f, 0x80, 0x80, 0x80, 0x80, 0x80, 0x7f, 0x7f, 0x7f, 0x7f, 0x7f,
    0x80, 0x80, 0x7f, 0x7f, 0x80, 0x80, 0x80, 0x7f, 0x7f, 0x7f, 0x7f, 0x80,
    0x80, 0x7f, 0x7f, 0x7f, 0x7f, 0x7f, 0x80, 0x80, 0x80, 0x80, 0x7f, 0x7f,
    0x7f, 0x7f, 0x7f, 0x80, 0x80, 0x7f, 0x7f, 0x7f, 0x7f, 0x80, 0x7f, 0x7f,
    0x7f, 0x7f, 0x80, 0x80, 0x7f, 0x7f, 0x7f, 0x7f, 0x80, 0x7f, 0x7f, 0x7f,
    0x7f, 0x80, 0x80, 0x80, 0x80, 0x80, 0x7f, 0x7f, 0x7f, 0x7f, 0x7f, 0x80,
    0x80, 0x7f, 0x7f, 0x7f, 0x7f, 0x80, 0x80, 0x7f, 0x7f, 0x7f, 0x7f, 0x7f,
    0x7f, 0x7f, 0x80, 0x80, 0x80, 0x80, 0x80, 0x7f, 0x7f, 0x7f, 0x7f, 0x7f,
    0x80, 0x80, 0x7f, 0x7f, 0x7f, 0x7f, 0x80, 0x80, 0x80, 0x80, 0x7f, 0x7f,
    0x7f, 0x7f, 0x7f, 0x7f, 0x7f, 0x7f, 0x80, 0x80, 0x80, 0x80, 0x80, 0x80,
    0x80, 0x7f, 0x7f, 0x7f, 0x7f, 0x7f, 0x7f, 0x80, 0x80, 0x80, 0x80, 0x7f,
    0x7f, 0x80, 0x80, 0x7f, 0x7f, 0x7f, 0x7f, 0x7f, 0x7f, 0x80, 0x80, 0x80,
    0x80, 0x7f, 0x7f, 0x7f, 0x7f, 0x7f, 0x7f, 0x7f, 0x7f, 0x7f, 0x80, 0x80,
    0x80, 0x80, 0x80, 0x7f, 0x7f, 0x7f, 0x7f, 0x7f, 0x80, 0x80, 0x7f, 0x7f,
    0x80, 0x80, 0x80, 0x80, 0x7f, 0x7f, 0x7f, 0x7f, 0x7f, 0x7f, 0x7f, 0x7f,
    0x80, 0x80, 0x80, 0x80, 0x7f, 0x7f, 0x7f, 0x7f, 0x80, 0x80, 0x7f, 0x7f,
    0x7f, 0x7f, 0x7f, 0x80, 0x80, 0x80, 0x7f, 0x7f, 0x7f, 0x7f, 0x7f, 0x7f,
    0x7f, 0x7f, 0x7f, 0x7f, 0x7f, 0x7f, 0x7f, 0x7f, 0x7f, 0x7f, 0x7f, 0x80,
    0x80, 0x80, 0x7f, 0x7f, 0x7f, 0x7f, 0x7f, 0x80, 0x80, 0x80, 0x80, 0x80,
    0x80, 0x7f, 0x7f, 0x7f, 0x7f, 0x80, 0x7f, 0x7f, 0x7f, 0x7f, 0x7f, 0x80,
    0x80, 0x80, 0x7f, 0x7f, 0x7f, 0x7f, 0x7f, 0x7f, 0x7f, 0x7f, 0x7f, 0x7f,
    0x80, 0x80, 0x80, 0x80, 0x7f, 0x7f, 0x7f, 0x7f, 0x7f, 0x7f, 0x7f, 0x7f,
    0x7f, 0x7f, 0x80, 0x80, 0x80, 0x80, 0x80, 0x7f, 0x7f, 0x7f, 0x7f, 0x7f,
    0x7f, 0x7f, 0x80, 0x80, 0x80, 0x80, 0x80, 0x80, 0x7f, 0x7f, 0x7f, 0x7f,
    0x7f, 0x80, 0x80, 0x80, 0x80, 0x7f, 0x7f, 0x7f, 0x7f, 0x7f, 0x7f, 0x7f,
    0x7f, 0x7f, 0x7f, 0x7f, 0x7f, 0x7f, 0x80, 0x80, 0x7f, 0x7f, 0x7f, 0x7f,
    0x7f, 0x80, 0x80, 0x80, 0x80, 0x7f, 0x7f, 0x7f, 0x7f, 0x80, 0x80, 0x80,
    0x7f, 0x7f, 0x7f, 0x7f, 0x7f, 0x7f, 0x7f, 0x7f, 0x7f, 0x7f, 0x7f, 0x80,
    0x7f, 0x7f, 0x7f, 0x7f, 0x80, 0x80, 0x80, 0x7f, 0x7f, 0x7f, 0x7f, 0x7f,
    0x80, 0x80, 0x80, 0x80, 0x7f, 0x80, 0x80, 0x7f, 0x7f, 0x7f, 0x7f, 0x7f,
    0x7f, 0x80, 0x80, 0x80, 0x7f, 0x7f, 0x7f, 0x7f, 0x7f, 0x7f, 0x7f, 0x7f,
    0x7f, 0x7f, 0x7f, 0x80, 0x80, 0x80, 0x80, 0x7f, 0x7f, 0x80, 0x7f, 0x7f,
    0x7f, 0x7f, 0x7f, 0x7f, 0x7f, 0x7f, 0x7f, 0x80, 0x80, 0x80, 0x80, 0x7f,
    0x7f, 0x7f, 0x7f, 0x80, 0x80, 0x80, 0x7f, 0x7f, 0x7f, 0x7f, 0x7f, 0x7f,
    0x7f, 0x7f, 0x7f, 0x7f, 0x7f, 0x7f, 0x80, 0x80, 0x7f, 0x80, 0x80, 0x7f,
    0x7f, 0x7f, 0x7f, 0x7f, 0x7f, 0x7f, 0x80, 0x7f, 0x7f, 0x7f, 0x7f, 0x7f,
    0x80, 0x80, 0x7f, 0x7f, 0x7f, 0x7f, 0x7f, 0x80, 0x7f, 0x7f, 0x7f, 0x7f,
    0x7f, 0x7f, 0x7f, 0x7f, 0x7f, 0x80, 0x80, 0x7f, 0x7f, 0x7f, 0x7f, 0x7f,
    0x7f, 0x7f, 0x7f, 0x7f, 0x7f, 0x80, 0x80, 0x80, 0x80, 0x7f, 0x80, 0x7f,
    0x7f, 0x7f, 0x7f, 0x7f, 0x7f, 0x80, 0x80, 0x80, 0x80, 0x7f, 0x7f, 0x7f,
    0x7f, 0x7f, 0x7f, 0x7f, 0x7f, 0x80, 0x80, 0x80, 0x80, 0x7f, 0x7f, 0x7f,
    0x7f, 0x7f, 0x7f, 0x80, 0x80, 0x80, 0x7f, 0x7f, 0x7f, 0x7f, 0x7f, 0x80,
    0x80, 0x7f, 0x7f, 0x7f, 0x7f, 0x7f, 0x80, 0x7f, 0x7f, 0x7f, 0x7f, 0x7f,
    0x7f, 0x7f, 0x80, 0x7f, 0x7f, 0x7f, 0x7f, 0x7f, 0x7f, 0x7f, 0x7f, 0x7f,
    0x7f, 0x7f, 0x7f, 0x7f, 0x7f, 0x7f, 0x7f, 0x7f, 0x7f, 0x7f, 0x7f, 0x7f,
    0x7f, 0x7f, 0x7f, 0x7f, 0x7f, 0x7f, 0x7f, 0x7f, 0x80, 0x7f, 0x80, 0x80,
    0x7f, 0x80, 0x80, 0x7f, 0x7f, 0x7f, 0x7f, 0x80, 0x80, 0x7f, 0x7f, 0x7f,
    0x80, 0x80, 0x7f, 0x7f, 0x7f, 0x7f, 0x7f, 0x80, 0x80, 0x7f, 0x7f, 0x7f,
    0x7f, 0x7f, 0x7f, 0x80, 0x7f, 0x7f, 0x7f, 0x7f, 0x7f, 0x7f, 0x80, 0x7f,
    0x7f, 0x7f, 0x7f, 0x7f, 0x7f, 0x7f, 0x7f, 0x7f, 0x7f, 0x7f, 0x7f, 0x7f,
    0x80, 0x80, 0x80, 0x7f, 0x7f, 0x7f, 0x7f, 0x7f, 0x7f, 0x80, 0x80, 0x7f,
    0x7f, 0x7f, 0x7f, 0x80, 0x80, 0x7f, 0x7f, 0x7f, 0x7f, 0x7f, 0x7f, 0x7f,
    0x80, 0x80, 0x80, 0x80, 0x7f, 0x7f, 0x7f, 0x7f, 0x7f, 0x80, 0x80, 0x80,
    0x80, 0x80, 0x7f, 0x7f, 0x7f, 0x7f, 0x7f, 0x7f, 0x7f, 0x7f, 0x7f, 0x7f,
    0x80, 0x7f, 0x80, 0x7f, 0x7f, 0x7f, 0x7f, 0x7f, 0x7f, 0x7f, 0x7f, 0x80,
    0x7f, 0x7f, 0x7f, 0x7f, 0x7f, 0x7f, 0x7f, 0x7f, 0x7f, 0x7f, 0x7f, 0x7f,
    0x7f, 0x7f, 0x7f, 0x7f, 0x7f, 0x7f, 0x7f, 0x80, 0x7f, 0x7f, 0x7f, 0x7f,
    0x7f, 0x7f, 0x80, 0x7f, 0x80, 0x7f, 0x80, 0x7f, 0x7f, 0x7f, 0x7f, 0x7f,
    0x7f, 0x7f, 0x80, 0x80, 0x80, 0x7f, 0x7f, 0x7f, 0x7f, 0x7f, 0x7f, 0x7f,
    0x7f, 0x7f, 0x7f, 0x7f, 0x80, 0x80, 0x7f, 0x7f, 0x7f, 0x7f, 0x7f, 0x7f,
    0x7f, 0x7f, 0x7f, 0x7f, 0x7f, 0x7f, 0x80, 0x80, 0x7f, 0x7f, 0x7f, 0x7f,
    0x7f, 0x7f, 0x7f, 0x7f, 0x7f, 0x80, 0x7f, 0x7f, 0x7f, 0x7f, 0x7f, 0x7f,
    0x7f, 0x7f, 0x7f, 0x7f, 0x7f, 0x80, 0x80, 0x7f, 0x7f, 0x7f, 0x7f, 0x7f,
    0x7f, 0x7f, 0x7f, 0x7f, 0x7f, 0x7f, 0x7f, 0x7f, 0x7f, 0x7f, 0x7f, 0x7f,
    0x7f, 0x7f, 0x7f, 0x7f, 0x7f, 0x7f, 0x7f, 0x7f, 0x7f, 0x7f, 0x7f, 0x7f,
    0x7f, 0x7f, 0x7f, 0x7f, 0x7f, 0x7f, 0x7f, 0x7f, 0x7f, 0x7f, 0x7f, 0x7f,
    0x7f, 0x7f, 0x7f, 0x7f, 0x7f, 0x7f, 0x7f, 0x7f, 0x7f, 0x7f, 0x7f, 0x7f,
    0x7f, 0x7f, 0x7f, 0x7f, 0x7f, 0x7f, 0x7f, 0x7f, 0x7f, 0x7f, 0x80, 0x7f,
    0x7f, 0x7f, 0x7f, 0x7f, 0x7f, 0x7f, 0x7f, 0x7f, 0x7f, 0x7f, 0x7f, 0x7f,
    0x7f, 0x7f, 0x7f, 0x7f, 0x7f, 0x7f, 0x7f, 0x7f, 0x7f, 0x7f, 0x7f, 0x7f,
    0x7f, 0x7f, 0x7f, 0x7f, 0x7f, 0x7f, 0x7f, 0x7f, 0x7f, 0x7f, 0x7f, 0x7f,
    0x7f, 0x7f, 0x7f, 0x7f, 0x7f, 0x7f, 0x7f, 0x7f, 0x7f, 0x7f, 0x7f, 0x7f,
    0x7f, 0x7f, 0x7f, 0x7f, 0x7f, 0x7f, 0x7f, 0x7f, 0x7f, 0x7f, 0x7f, 0x7f,
    0x7f, 0x7f, 0x7f, 0x7f, 0x7f, 0x7f, 0x7f, 0x7f, 0x7f, 0x7f, 0x7f, 0x80,
    0x7f, 0x7f, 0x7f, 0x7f, 0x7f, 0x7f, 0x7f, 0x7f, 0x7f, 0x7f, 0x7f, 0x7f,
    0x7f, 0x7f, 0x7f, 0x7f, 0x7f, 0x7f, 0x7f, 0x7f, 0x7f, 0x7f, 0x7f, 0x7f,
    0x7f, 0x7f, 0x7f, 0x7f, 0x7f, 0x7f, 0x7f, 0x7f, 0x7f, 0x7f, 0x7f, 0x7f,
    0x7f, 0x7f, 0x7f, 0x7f, 0x7f, 0x7f, 0x7f, 0x7f, 0x7f, 0x7f, 0x7f, 0x7f,
    0x7f, 0x7f, 0x7f, 0x7f, 0x7f, 0x7f, 0x7f, 0x7f, 0x7f, 0x7f, 0x7f, 0x7f,
    0x7f, 0x7f, 0x7f, 0x7f, 0x7f, 0x7f, 0x7f, 0x7f, 0x7f, 0x7f, 0x7f, 0x7f,
    0x7f, 0x7f, 0x7f, 0x7f, 0x7f, 0x7f, 0x7f, 0x7f, 0x7f, 0x7f, 0x7f, 0x7f,
    0x7f, 0x7f, 0x7f, 0x7f, 0x7f, 0x7f, 0x7f, 0x7f, 0x7f, 0x80, 0x80, 0x7f,
    0x7f, 0x7f, 0x7f, 0x7f, 0x7f, 0x7f, 0x7f, 0x7f, 0x7f, 0x7f, 0x7f, 0x7f,
    0x7f, 0x7f, 0x80, 0x7f, 0x7f, 0x7f, 0x7f, 0x7f, 0x80, 0x7f, 0x7f, 0x7f,
    0x7f, 0x7f, 0x7f, 0x7f, 0x80, 0x7f, 0x7f, 0x7f, 0x7f, 0x80, 0x7f, 0x7f,
    0x7f, 0x7f, 0x7f, 0x7f, 0x7f, 0x7f, 0x7f, 0x80, 0x7f, 0x7f, 0x7f, 0x80,
    0x7f, 0x7f, 0x7f, 0x7f, 0x7f, 0x7f, 0x7f, 0x7f, 0x7f, 0x7f, 0x80, 0x7f,
    0x7f, 0x7f, 0x7f, 0x7f, 0x7f, 0x7f, 0x7f, 0x80, 0x80, 0x7f, 0x7f, 0x7f,
    0x7f, 0x80, 0x7f, 0x80, 0x7f, 0x7f, 0x7f, 0x7f, 0x7f, 0x7f, 0x7f, 0x7f,
    0x7f, 0x80, 0x7f, 0x7f, 0x7f, 0x7f, 0x80, 0x7f, 0x7f, 0x7f, 0x7f, 0x7f,
    0x7f, 0x7f, 0x7f, 0x7f, 0x7f, 0x7f, 0x7f, 0x7f, 0x7f, 0x7f, 0x80, 0x7f,
    0x80, 0x7f, 0x7f, 0x7f, 0x7f, 0x80, 0x7f, 0x7f, 0x7f, 0x7f, 0x7f, 0x7f,
    0x7f, 0x7f, 0x7f, 0x7f, 0x7f, 0x7f, 0x7f, 0x7f, 0x7f, 0x7f, 0x7f, 0x7f,
    0x7f, 0x7f, 0x7f, 0x7f, 0x7f, 0x7f, 0x80, 0x7f, 0x7f, 0x7f, 0x7f, 0x7f,
    0x7f, 0x7f, 0x7f, 0x7f, 0x7f, 0x7f, 0x7f, 0x80, 0x7f, 0x7f, 0x7f, 0x80,
    0x7f, 0x7f, 0x7f, 0x7f, 0x7f, 0x7f, 0x7f, 0x7f, 0x7f, 0x7f, 0x7f, 0x7f,
    0x7f, 0x7f, 0x7f, 0x7f, 0x7f, 0x80, 0x7f, 0x80, 0x80, 0x7f, 0x7f, 0x80,
    0x7f, 0x7f, 0x7f, 0x7f, 0x80, 0x80, 0x7f, 0x7f, 0x7f, 0x7f, 0x7f, 0x7f,
    0x7f, 0x7f, 0x7f, 0x7f, 0x7f, 0x7f, 0x80, 0x7f, 0x7f, 0x7f, 0x7f, 0x80,
    0x7f, 0x7f, 0x7f, 0x7f, 0x7f, 0x7f, 0x7f, 0x7f, 0x7f, 0x7f, 0x7f, 0x7f,
    0x7f, 0x7f, 0x7f, 0x7f, 0x7f, 0x7f, 0x7f, 0x7f, 0x7f, 0x80, 0x80, 0x7f,
    0x7f, 0x7f, 0x7f, 0x7f, 0x7f, 0x7f, 0x7f, 0x7f, 0x7f, 0x7f, 0x7f, 0x7f,
    0x7f, 0x7f, 0x7f, 0x7f, 0x7f, 0x7f, 0x7f, 0x7f, 0x7f, 0x7f, 0x7f, 0x7f,
    0x80, 0x80, 0x7f, 0x7f, 0x7f, 0x7f, 0x7f, 0x7f, 0x7f, 0x7f, 0x7f, 0x7f,
    0x7f, 0x7f, 0x7f, 0x7f, 0x7f, 0x7f, 0x7f, 0x7f, 0x7f, 0x7f, 0x7f, 0x7f,
    0x7f, 0x7f, 0x7f, 0x7f, 0x7f, 0x7f, 0x80, 0x7f, 0x7f, 0x7f, 0x7f, 0x7f,
    0x7f, 0x7f, 0x7f, 0x7f, 0x7f, 0x7f, 0x7f, 0x7f, 0x7f, 0x7f, 0x7f, 0x7f,
    0x7f, 0x7f, 0x7f, 0x7f, 0x7f, 0x7f, 0x7f, 0x7f, 0x7f, 0x7f, 0x80, 0x80,
    0x7f, 0x7f, 0x7f, 0x7f, 0x7f, 0x7f, 0x7f, 0x7f, 0x7f, 0x7f, 0x7f, 0x7f,
    0x7f, 0x7f, 0x7f, 0x7f, 0x7f, 0x7f, 0x7f, 0x7f, 0x7f, 0x7f, 0x7f, 0x7f,
    0x7f, 0x7f, 0x7f, 0x80, 0x7f, 0x7f, 0x7f, 0x7f, 0x7f, 0x80, 0x80, 0x80,
    0x7f, 0x7f, 0x7f, 0x7f, 0x80, 0x80, 0x7f, 0x7f, 0x7f, 0x7f, 0x7f, 0x7f,
    0x7f, 0x7f, 0x80, 0x7f, 0x7f, 0x7f, 0x7f, 0x80, 0x7f, 0x7f, 0x7f, 0x7f,
    0x7f, 0x7f, 0x7f, 0x7f, 0x7f, 0x80, 0x80, 0x7f, 0x80, 0x7f, 0x7f, 0x7f,
    0x7f, 0x7f, 0x7f, 0x7f, 0x7f, 0x7f, 0x7f, 0x7f, 0x7f, 0x80, 0x7f, 0x7f,
    0x7f, 0x7f, 0x7f, 0x7f, 0x7f, 0x7f, 0x7f, 0x7f, 0x7f, 0x7f, 0x80, 0x7f,
    0x7f, 0x7f, 0x7f, 0x7f, 0x7f, 0x7f, 0x7f, 0x7f, 0x7f, 0x7f, 0x7f, 0x7f,
    0x7f, 0x7f, 0x7f, 0x7f, 0x7f, 0x7f, 0x7f, 0x7f, 0x7f, 0x7f, 0x7f, 0x7f,
    0x7f, 0x7f, 0x7f, 0x7f, 0x7f, 0x7f, 0x7f, 0x7f, 0x7f, 0x7f, 0x7f, 0x7f,
    0x7f, 0x7f, 0x7f, 0x7f, 0x7f, 0x7f, 0x7f, 0x7f, 0x7f, 0x7f, 0x7f, 0x7f,
    0x7f, 0x7f, 0x80, 0x7f, 0x7f, 0x7f, 0x7f, 0x7f, 0x7f, 0x7f, 0x7f, 0x7f,
    0x7f, 0x7f, 0x7f, 0x7f, 0x7f, 0x7f, 0x7f, 0x7f, 0x7f, 0x7f, 0x7f, 0x7f,
    0x7f, 0x7f, 0x7f, 0x7f, 0x7f, 0x7f, 0x7f, 0x7f, 0x7f, 0x7f, 0x7f, 0x80,
    0x7f, 0x7f, 0x80, 0x7f, 0x7f, 0x7f, 0x7f, 0x7f, 0x7f, 0x7f, 0x7f, 0x7f,
    0x7f, 0x7f, 0x7f, 0x7f, 0x7f, 0x7f, 0x7f, 0x7f, 0x7f, 0x7f, 0x7f, 0x7f,
    0x7f, 0x80, 0x7f, 0x7f, 0x7f, 0x7f, 0x7f, 0x7f, 0x80, 0x80, 0x7f, 0x7f,
    0x7f, 0x7f, 0x7f, 0x7f, 0x80, 0x7f, 0x7f, 0x7f, 0x7f, 0x7f, 0x7f, 0x7f,
    0x7f, 0x7f, 0x7f, 0x7f, 0x7f, 0x7f, 0x7f, 0x7f, 0x7f, 0x80, 0x7f, 0x7f,
    0x7f, 0x7f, 0x7f, 0x7f, 0x7f, 0x7f, 0x7f, 0x7f, 0x7f, 0x7f, 0x7f, 0x7f,
    0x7f, 0x7f, 0x7f, 0x7f, 0x7f, 0x7f, 0x7f, 0x7f, 0x7f, 0x7f, 0x7f, 0x7f,
    0x7f, 0x7f, 0x7f, 0x7f, 0x7f, 0x7f, 0x7f, 0x7f, 0x7f, 0x7f, 0x7f, 0x7f,
    0x7f, 0x7f, 0x7f, 0x7f, 0x7f, 0x7f, 0x7f, 0x7f, 0x7f, 0x7f, 0x7f, 0x7f,
    0x7f, 0x7f, 0x7f, 0x80, 0x7f, 0x7f, 0x7f, 0x7f, 0x7f, 0x7f, 0x7f, 0x7f,
    0x7f, 0x7f, 0x80, 0x7f, 0x7f, 0x7f, 0x7f, 0x7f, 0x7f, 0x7f, 0x7f, 0x7f,
    0x7f, 0x7f, 0x7f, 0x7f, 0x7f, 0x7f, 0x7f, 0x7f, 0x7f, 0x7f, 0x7f, 0x7f,
    0x7f, 0x7f, 0x7f, 0x7f, 0x7f, 0x7f, 0x7f, 0x7f, 0x7f, 0x7f, 0x7f, 0x7f,
    0x7f, 0x7f, 0x7f, 0x7f, 0x7f, 0x7f, 0x7f, 0x7f, 0x7f, 0x7f, 0x7f, 0x7f,
    0x7f, 0x7f, 0x7f, 0x7f, 0x7f, 0x7f, 0x7f, 0x7f, 0x7f, 0x7f, 0x7f, 0x7f,
    0x7f, 0x7f, 0x7f, 0x7f, 0x7f, 0x7f, 0x7f, 0x7f, 0x7f, 0x7f, 0x7f, 0x7f,
    0x7f, 0x7f, 0x7f, 0x7f, 0x7f, 0x7f, 0x7f, 0x7f, 0x7f, 0x80, 0x7f, 0x7f,
    0x7f, 0x7f, 0x80, 0x7f, 0x7f, 0x7f, 0x7f, 0x7f, 0x7f, 0x7f, 0x7f, 0x7f,
    0x7f, 0x7f, 0x7f, 0x7f, 0x7f, 0x7f, 0x7f, 0x7f, 0x7f, 0x7f, 0x7f, 0x7f,
    0x7f, 0x7f, 0x7f, 0x7f, 0x7f, 0x7f, 0x7f, 0x7f, 0x7f, 0x7f, 0x7f, 0x7f,
    0x7f, 0x7f, 0x7f, 0x7f, 0x7f, 0x7f, 0x7f, 0x7f, 0x7f, 0x7f, 0x7f, 0x7f,
    0x7f, 0x7f, 0x7f, 0x7f, 0x7f, 0x7f, 0x7f, 0x7f, 0x7f, 0x7f, 0x7f, 0x7f,
    0x7f, 0x7f, 0x7f, 0x7f, 0x7f, 0x7f, 0x7f, 0x7f, 0x7f, 0x7f, 0x7f, 0x7f,
    0x7f, 0x80, 0x7f, 0x7f, 0x7f, 0x7f, 0x7f, 0x7f, 0x7f, 0x7f, 0x7f, 0x7f,
    0x7f, 0x7f, 0x7f, 0x7f, 0x80, 0x7f, 0x7f, 0x7f, 0x7f, 0x7f, 0x7f, 0x7f,
    0x7f, 0x7f, 0x7f, 0x7f, 0x7f, 0x7f, 0x7f, 0x7f, 0x7f, 0x7f, 0x7f, 0x7f,
    0x7f, 0x7f, 0x7f, 0x7f, 0x7f, 0x7f, 0x7f, 0x7f, 0x7f, 0x7f, 0x7f, 0x7f,
    0x7f, 0x7f, 0x7f, 0x7f, 0x7f, 0x7f, 0x7f, 0x7f, 0x7f, 0x7f, 0x7f, 0x7f,
    0x7f, 0x7f, 0x7f, 0x7f, 0x7f, 0x7f, 0x7f, 0x7f, 0x7f, 0x7f, 0x7f, 0x7f,
    0x7f, 0x7f, 0x7f, 0x7f, 0x7f, 0x7f, 0x7f, 0x7f, 0x7f, 0x7f, 0x7f, 0x7f,
    0x7f, 0x7f, 0x7f, 0x7f, 0x7f, 0x7f, 0x7f, 0x7f, 0x7f, 0x7f, 0x7f, 0x7f,
    0x7f, 0x7f, 0x7f, 0x7f, 0x7f, 0x7f, 0x7f, 0x7f, 0x7f, 0x7f, 0x7f, 0x7f,
    0x7f, 0x7f, 0x7f, 0x7f, 0x7f, 0x7f, 0x7f, 0x7f, 0x7f, 0x7f, 0x7f, 0x7f,
    0x7f, 0x7f, 0x7f, 0x7f, 0x7f, 0x80, 0x7f, 0x80, 0x7f, 0x7f, 0x7f, 0x7f,
    0x7f, 0x7f, 0x7f, 0x7f, 0x7f, 0x7f, 0x7f, 0x7f, 0x7f, 0x7f, 0x7f, 0x7f,
    0x7f, 0x7f, 0x7f, 0x7f, 0x80, 0x7f, 0x7f, 0x7f, 0x7f, 0x7f, 0x7f, 0x80,
    0x7f, 0x7f, 0x7f, 0x7f, 0x7f, 0x7f, 0x7f, 0x7f, 0x7f, 0x7f, 0x80, 0x7f,
    0x7f, 0x7f, 0x7f, 0x7f, 0x7f, 0x7f, 0x7f, 0x7f, 0x7f, 0x7f, 0x7f, 0x7f,
    0x7f, 0x7f, 0x7f, 0x7f, 0x7f, 0x7f, 0x7f, 0x80, 0x7f, 0x7f, 0x7f, 0x7f,
    0x7f, 0x7f, 0x7f, 0x7f, 0x7f, 0x7f, 0x80, 0x7f, 0x7f, 0x7f, 0x7f, 0x7f,
    0x7f, 0x7f, 0x7f, 0x7f, 0x7f, 0x7f, 0x80, 0x7f, 0x7f, 0x7f, 0x7f, 0x80,
    0x7f, 0x7f, 0x7f, 0x80, 0x80, 0x7f, 0x7f, 0x7f, 0x7f, 0x7f, 0x7f, 0x7f,
    0x7f, 0x7f, 0x7f, 0x7f, 0x7f, 0x7f, 0x7f, 0x7f, 0x7f, 0x7f, 0x7f, 0x7f,
    0x7f, 0x7f, 0x7f, 0x7f, 0x7f, 0x7f, 0x7f, 0x7f, 0x7f, 0x7f, 0x7f, 0x7f,
    0x7f, 0x7f, 0x7f, 0x7f, 0x7f, 0x7f, 0x7f, 0x7f, 0x7f, 0x7f, 0x7f, 0x7f,
    0x7f, 0x7f, 0x7f, 0x7f, 0x7f, 0x7f, 0x7f, 0x7f, 0x7f, 0x7f, 0x7f, 0x7f,
    0x7f, 0x7f, 0x7f, 0x7f, 0x7f, 0x7f, 0x7f, 0x7f, 0x7f, 0x7f, 0x7f, 0x7f,
    0x7f, 0x7f, 0x7f, 0x7f, 0x7f, 0x7f, 0x7f, 0x7f, 0x7f, 0x7f, 0x7f, 0x7f,
    0x7f, 0x7f, 0x7f, 0x7f, 0x7f, 0x7f, 0x7f, 0x7f, 0x7f, 0x7f, 0x7f, 0x7f,
    0x7f, 0x7f, 0x7f, 0x7f, 0x7f, 0x7f, 0x7f, 0x7f, 0x7f, 0x7f, 0x7f, 0x7f,
    0x7f, 0x7f, 0x7f, 0x7f, 0x7f, 0x7f, 0x7f, 0x7f, 0x7f, 0x7f, 0x7f, 0x7f,
    0x7f, 0x7f, 0x7f, 0x7f, 0x7f, 0x7f, 0x7f, 0x7f, 0x7f, 0x7f, 0x7f, 0x7f,
    0x7f, 0x7f, 0x7f, 0x7f, 0x7f, 0x7f, 0x7f, 0x7f, 0x7f, 0x7f, 0x7f, 0x7f,
    0x7f, 0x7f, 0x7f, 0x7f, 0x7f, 0x7f, 0x7f, 0x7f, 0x7f, 0x7f, 0x7f, 0x7f,
    0x7f, 0x7f, 0x7f, 0x7f, 0x7f, 0x7f, 0x7f, 0x7f, 0x7f, 0x7f, 0x7f, 0x7f,
    0x7f, 0x7f, 0x7f, 0x7f, 0x7f, 0x7f, 0x7f, 0x7f, 0x7f, 0x7f, 0x7f, 0x7f,
    0x7f, 0x7f, 0x7f, 0x7f, 0x7f, 0x7f, 0x7f, 0x7f, 0x7f, 0x7f, 0x7f, 0x7f,
    0x7f, 0x7f, 0x7f, 0x7f, 0x7f, 0x7f, 0x7f, 0x7f, 0x7f, 0x7f, 0x7f, 0x7f,
    0x7f, 0x7f, 0x7f, 0x7f, 0x7f, 0x7f, 0x7f, 0x7f, 0x7f, 0x7f, 0x7f, 0x7f,
    0x7f, 0x7f, 0x7f, 0x7f, 0x7f, 0x7f, 0x7f, 0x7f, 0x7f, 0x7f, 0x7f, 0x7f,
    0x7f, 0x7f, 0x7f, 0x7f, 0x7f, 0x7f, 0x7f, 0x7f, 0x7f, 0x7f, 0x7f, 0x7f,
    0x7f, 0x7f, 0x7f, 0x7f, 0x7f, 0x7f, 0x7f, 0x7f, 0x7f, 0x7f, 0x7f, 0x7f,
    0x7f, 0x7f, 0x7f, 0x7f, 0x7f, 0x7f, 0x7f, 0x7f, 0x7f, 0x7f, 0x7f, 0x7f,
    0x7f, 0x7f, 0x7f, 0x7f, 0x7f, 0x7f, 0x7f, 0x7f, 0x7f, 0x7f, 0x7f, 0x7f,
    0x7f, 0x7f, 0x7f, 0x7f, 0x7f, 0x7f, 0x7f, 0x7f, 0x7f, 0x7f, 0x7f, 0x7f,
    0x7f, 0x7f, 0x7f, 0x7f, 0x7f, 0x7f, 0x7f, 0x7f, 0x7f, 0x7f, 0x7f, 0x7f,
    0x7f, 0x7f, 0x7f, 0x7f, 0x7f, 0x7f, 0x7f, 0x7f, 0x7f, 0x7f, 0x7f, 0x7f,
    0x7f, 0x7f, 0x7f, 0x7f, 0x7f, 0x7f, 0x7f, 0x7f, 0x7f, 0x7f, 0x7f, 0x7f,
    0x7f, 0x7f, 0x7f, 0x7f, 0x7f, 0x7f, 0x7f, 0x7f, 0x7f, 0x7f, 0x7f, 0x7f,
    0x7f, 0x7f, 0x7f, 0x7f, 0x7f, 0x7f, 0x7f, 0x7f, 0x7f, 0x7f, 0x7f, 0x7f,
    0x7f, 0x7f, 0x7f, 0x7f, 0x7f, 0x7f, 0x7f, 0x7f, 0x7f, 0x7f, 0x7f, 0x7f,
    0x7f, 0x7f, 0x7f, 0x7f, 0x7f, 0x7f, 0x80, 0x7f, 0x7f, 0x7f, 0x7f, 0x7f,
    0x7f, 0x7f, 0x7f, 0x7f, 0x7f, 0x7f, 0x7f, 0x7f, 0x7f, 0x7f, 0x7f, 0x7f,
    0x7f, 0x7f, 0x7f, 0x7f, 0x7f, 0x7f, 0x7f, 0x7f, 0x7f, 0x7f, 0x7f, 0x7f,
    0x7f, 0x7f, 0x7f, 0x7f, 0x7f, 0x7f, 0x7f, 0x7f, 0x7f, 0x7f, 0x7f, 0x7f,
    0x7f, 0x7f, 0x7f, 0x7f, 0x7f, 0x7f, 0x7f, 0x7f, 0x7f, 0x7f, 0x7f, 0x7f,
    0x7f, 0x7f, 0x7f, 0x7f, 0x7f, 0x7f, 0x7f, 0x7f, 0x7f, 0x7f, 0x7f, 0x7f,
    0x7f, 0x7f, 0x7f, 0x7f, 0x7f, 0x7f, 0x7f, 0x7f, 0x7f, 0x80, 0x7f, 0x7f,
    0x7f, 0x7f, 0x7f, 0x7f, 0x7f, 0x7f, 0x7f, 0x7f, 0x7f, 0x7f, 0x7f, 0x7f,
    0x7f, 0x7f, 0x7f, 0x7f, 0x7f, 0x7f, 0x7f, 0x7f, 0x7f, 0x7f, 0x7f, 0x7f,
    0x7f, 0x7f, 0x7f, 0x7f, 0x7f, 0x7f, 0x7f, 0x7f, 0x7f, 0x7f, 0x7f, 0x7f,
    0x7f, 0x7f, 0x7f, 0x7f, 0x7f, 0x7f, 0x7f, 0x7f, 0x7f, 0x7f, 0x7f, 0x7f,
    0x7f, 0x7f, 0x80, 0x7f, 0x80, 0x7f, 0x80, 0x7f, 0x7f, 0x80, 0x7f, 0x80,
    0x7f, 0x7f, 0x80, 0x7f, 0x7f, 0x80, 0x80, 0x7f, 0x7f, 0x80, 0x80, 0x80,
    0x80, 0x7f, 0x7f, 0x7f, 0x7f, 0x7f, 0x7f, 0x80, 0x80, 0x7f, 0x80, 0x80,
    0x7f, 0x7f, 0x7f, 0x7f, 0x7f, 0x80, 0x7f, 0x7f, 0x7f, 0x7f, 0x7f, 0x7f,
    0x80, 0x80, 0x7f, 0x7f, 0x7f, 0x7f, 0x80, 0x7f, 0x7f, 0x7f, 0x7f, 0x7f,
    0x7f, 0x7f, 0x7f, 0x7f, 0x7f, 0x7f, 0x7f, 0x80, 0x7f, 0x7f, 0x7f, 0x7f,
    0x7f, 0x7f, 0x7f, 0x7f, 0x7f, 0x7f, 0x80, 0x7f, 0x7f, 0x7f, 0x7f, 0x7f,
    0x7f, 0x7f, 0x7f, 0x7f, 0x7f, 0x80, 0x7f, 0x7f, 0x7f, 0x7f, 0x7f, 0x7f,
    0x7f, 0x7f, 0x7f, 0x7f, 0x7f, 0x7f, 0x7f, 0x7f, 0x7f, 0x7f, 0x7f, 0x7f,
    0x7f, 0x7f, 0x7f, 0x7f, 0x7f, 0x7f, 0x7f, 0x7f, 0x7f, 0x7f, 0x7f, 0x7f,
    0x7f, 0x7f, 0x7f, 0x7f, 0x7f, 0x7f, 0x7f, 0x7f, 0x7f, 0x7f, 0x7f, 0x7f,
    0x7f, 0x7f, 0x7f, 0x7f, 0x7f, 0x7f, 0x7f, 0x7f, 0x7f, 0x7f, 0x7f, 0x7f,
    0x7f, 0x7f, 0x7f, 0x7f, 0x7f, 0x7f, 0x7f, 0x7f, 0x7f, 0x7f, 0x7f, 0x7f,
    0x7f, 0x7f, 0x7f, 0x7f, 0x7f, 0x7f, 0x7f, 0x7f, 0x7f, 0x7f, 0x7f, 0x7f,
    0x80, 0x7f, 0x7f, 0x7f, 0x80, 0x7f, 0x7f, 0x7f, 0x7f, 0x7f, 0x7f, 0x7f,
    0x7f, 0x7f, 0x7f, 0x7f, 0x7f, 0x7f, 0x7f, 0x7f, 0x7f, 0x7f, 0x7f, 0x7f,
    0x7f, 0x80, 0x7f, 0x80, 0x7f, 0x7f, 0x7f, 0x7f, 0x80, 0x7f, 0x7f, 0x7f,
    0x7f, 0x7f, 0x7f, 0x7f, 0x7f, 0x80, 0x80, 0x7f, 0x7f, 0x7f, 0x7f, 0x7f,
    0x7f, 0x7f, 0x7f, 0x7f, 0x7f, 0x80, 0x7f, 0x7f, 0x7f, 0x7f, 0x7f, 0x7f,
    0x7f, 0x7f, 0x7f, 0x7f, 0x7f, 0x7f, 0x7f, 0x7f, 0x7f, 0x7f, 0x7f, 0x7f,
    0x7f, 0x7f, 0x7f, 0x7f, 0x7f, 0x7f, 0x80, 0x7f, 0x7f, 0x80, 0x7f, 0x7f,
    0x7f, 0x7f, 0x7f, 0x7f, 0x7f, 0x7f, 0x7f, 0x7f, 0x7f, 0x7f, 0x7f, 0x7f,
    0x7f, 0x7f, 0x7f, 0x7f, 0x7f, 0x7f, 0x7f, 0x7f, 0x7f, 0x7f, 0x7f, 0x7f,
    0x7f, 0x7f, 0x7f, 0x7f, 0x7f, 0x7f, 0x7f, 0x7f, 0x7f, 0x7f, 0x7f, 0x7f,
    0x7f, 0x7f, 0x7f, 0x7f, 0x7f, 0x7f, 0x7f, 0x7f, 0x7f, 0x7f, 0x7f, 0x7f,
    0x7f, 0x7f, 0x7f, 0x7f, 0x7f, 0x7f, 0x7f, 0x7f, 0x7f, 0x7f, 0x7f, 0x7f,
    0x7f, 0x7f, 0x7f, 0x7f, 0x7f, 0x7f, 0x7f, 0x80, 0x7f, 0x7f, 0x7f, 0x7f,
    0x7f, 0x7f, 0x7f, 0x7f, 0x7f, 0x7f, 0x7f, 0x7f, 0x7f, 0x7f, 0x7f, 0x7f,
    0x7f, 0x7f, 0x7f, 0x7f, 0x7f, 0x7f, 0x7f, 0x7f, 0x7f, 0x7f, 0x7f, 0x7f,
    0x7f, 0x7f, 0x7f, 0x7f, 0x7f, 0x7f, 0x7f, 0x7f, 0x7f, 0x7f, 0x7f, 0x7f,
    0x7f, 0x7f, 0x7f, 0x7f, 0x7f, 0x7f, 0x7f, 0x7f, 0x7f, 0x7f, 0x7f, 0x7f,
    0x7f, 0x7f, 0x80, 0x7f, 0x7f, 0x7f, 0x7f, 0x7f, 0x7f, 0x7f, 0x7f, 0x7f,
    0x7f, 0x7f, 0x7f, 0x7f, 0x7f, 0x7f, 0x7f, 0x7f, 0x7f, 0x7f, 0x7f, 0x7f,
    0x7f, 0x7f, 0x7f, 0x7f, 0x7f, 0x7f, 0x7f, 0x7f, 0x7f, 0x7f, 0x7f, 0x7f,
    0x7f, 0x7f, 0x80, 0x7f, 0x7f, 0x7f, 0x7f, 0x7f, 0x7f, 0x7f, 0x7f, 0x7f,
    0x7f, 0x7f, 0x7f, 0x7f, 0x7f, 0x7f, 0x7f, 0x7f, 0x7f, 0x7f, 0x7f, 0x7f,
    0x7f, 0x7f, 0x7f, 0x7f, 0x80, 0x7f, 0x7f, 0x7f, 0x7f, 0x7f, 0x7f, 0x7f,
    0x7f, 0x7f, 0x7f, 0x7f, 0x7f, 0x7f, 0x7f, 0x7f, 0x7f, 0x7f, 0x7f, 0x7f,
    0x7f, 0x7f, 0x7f, 0x7f, 0x7f, 0x7f, 0x7f, 0x7f, 0x7f, 0x7f, 0x7f, 0x7f,
    0x7f, 0x7f, 0x7f, 0x7f, 0x7f, 0x7f, 0x7f, 0x7f, 0x7f, 0x7f, 0x7f, 0x7f,
    0x80, 0x7f, 0x7f, 0x7f, 0x7f, 0x7f, 0x7f, 0x7f, 0x7f, 0x7f, 0x7f, 0x7f,
    0x7f, 0x7f, 0x7f, 0x7f, 0x7f, 0x7f, 0x7f, 0x7f, 0x7f, 0x7f, 0x7f, 0x7f,
    0x7f, 0x7f, 0x7f, 0x7f, 0x7f, 0x7f, 0x7f, 0x7f, 0x7f, 0x7f, 0x7f, 0x7f,
    0x7f, 0x7f, 0x7f, 0x7f, 0x7f, 0x7f, 0x7f, 0x80, 0x7f, 0x7f, 0x7f, 0x7f,
    0x7f, 0x7f, 0x7f, 0x7f, 0x80, 0x7f, 0x7f, 0x7f, 0x7f, 0x7f, 0x7f, 0x80,
    0x7f, 0x7f, 0x7f, 0x7f, 0x7f, 0x7f, 0x7f, 0x7f, 0x7f, 0x7f, 0x7f, 0x7f,
    0x7f, 0x7f, 0x7f, 0x7f, 0x80, 0x7f, 0x7f, 0x7f, 0x7f, 0x7f, 0x7f, 0x7f,
    0x7f, 0x7f, 0x7f, 0x7f, 0x7f, 0x7f, 0x7f, 0x7f, 0x7f, 0x7f, 0x7f, 0x7f,
    0x7f, 0x7f, 0x7f, 0x7f, 0x7f, 0x7f, 0x80, 0x7f, 0x7f, 0x7f, 0x7f, 0x7f,
    0x7f, 0x7f, 0x7f, 0x7f, 0x7f, 0x7f, 0x7f, 0x7f, 0x7f, 0x7f, 0x7f, 0x7f,
    0x7f, 0x7f, 0x7f, 0x7f, 0x7f, 0x7f, 0x7f, 0x7f, 0x7f, 0x7f, 0x7f, 0x7f,
    0x7f, 0x7f, 0x7f, 0x7f, 0x7f, 0x7f, 0x7f, 0x7f, 0x7f, 0x80, 0x7f, 0x7f,
    0x7f, 0x7f, 0x7f, 0x7f, 0x7f, 0x7f, 0x7f, 0x7f, 0x7f, 0x7f, 0x7f, 0x7f,
    0x7f, 0x7f, 0x7f, 0x7f, 0x7f, 0x7f, 0x7f, 0x7f, 0x7f, 0x7f, 0x7f, 0x7f,
    0x7f, 0x7f, 0x7f, 0x7f, 0x7f, 0x7f, 0x7f, 0x7f, 0x7f, 0x7f, 0x7f, 0x7f,
    0x7f, 0x7f, 0x7f, 0x7f, 0x7f, 0x7f, 0x7f, 0x7f, 0x7f, 0x7f, 0x80, 0x7f,
    0x7f, 0x7f, 0x7f, 0x7f, 0x7f, 0x7f, 0x7f, 0x7f, 0x7f, 0x7f, 0x7f, 0x7f,
    0x7f, 0x7f, 0x7f, 0x7f, 0x7f, 0x7f, 0x7f, 0x7f, 0x7f, 0x7f, 0x80, 0x7f,
    0x7f, 0x7f, 0x7f, 0x7f, 0x7f, 0x7f, 0x7f, 0x7f, 0x7f, 0x7f, 0x7f, 0x7f,
    0x7f, 0x7f, 0x7f, 0x7f, 0x7f, 0x7f, 0x7f, 0x7f, 0x7f, 0x7f, 0x7f, 0x7f,
    0x7f, 0x7f, 0x7f, 0x7f, 0x7f, 0x7f, 0x7f, 0x7f, 0x7f, 0x7f, 0x7f, 0x7f,
    0x7f, 0x7f, 0x7f, 0x7f, 0x7f, 0x7f, 0x7f, 0x7f, 0x80, 0x7f, 0x7f, 0x7f,
    0x7f, 0x7f, 0x7f, 0x7f, 0x7f, 0x7f, 0x7f, 0x7f, 0x7f, 0x7f, 0x7f, 0x7f,
    0x7f, 0x7f, 0x7f, 0x7f, 0x7f, 0x7f, 0x7f, 0x7f, 0x7f, 0x7f, 0x7f, 0x7f,
    0x7f, 0x7f, 0x7f, 0x7f, 0x7f, 0x7f, 0x7f, 0x7f, 0x7f, 0x7f, 0x80, 0x7f,
    0x7f, 0x7f, 0x7f, 0x7f, 0x7f, 0x7f, 0x7f, 0x7f, 0x7f, 0x7f, 0x7f, 0x7f,
    0x7f, 0x7f, 0x7f, 0x7f, 0x7f, 0x7f, 0x7f, 0x7f, 0x7f, 0x7f, 0x7f, 0x7f,
    0x7f, 0x7f, 0x7f, 0x7f, 0x7f, 0x7f, 0x7f, 0x7f, 0x7f, 0x7f, 0x7f, 0x7f,
    0x7f, 0x7f, 0x80, 0x7f, 0x7f, 0x7f, 0x7f, 0x7f, 0x7f, 0x7f, 0x7f, 0x7f,
    0x7f, 0x7f, 0x7f, 0x7f, 0x7f, 0x7f, 0x7f, 0x7f, 0x7f, 0x7f, 0x7f, 0x7f,
    0x7f, 0x7f, 0x7f, 0x7f, 0x7f, 0x7f, 0x7f, 0x7f, 0x7f, 0x7f, 0x7f, 0x7f,
    0x7f, 0x7f, 0x7f, 0x7f, 0x7f, 0x7f, 0x7f, 0x7f, 0x7f, 0x7f, 0x7f, 0x7f,
    0x80, 0x7f, 0x7f, 0x7f, 0x7f, 0x7f, 0x7f, 0x7f, 0x7f, 0x7f, 0x7f, 0x7f,
    0x7f, 0x7f, 0x7f, 0x7f, 0x7f, 0x7f, 0x7f, 0x7f, 0x7f, 0x7f, 0x7f, 0x7f,
    0x7f, 0x7f, 0x7f, 0x7f, 0x7f, 0x7f, 0x7f, 0x7f, 0x7f, 0x7f, 0x7f, 0x7f,
    0x7f, 0x7f, 0x7f, 0x7f, 0x7f, 0x7f, 0x7f, 0x7f, 0x7f, 0x7f, 0x7f, 0x7f,
    0x7f, 0x7f, 0x7f, 0x7f, 0x7f, 0x7f, 0x7f, 0x7f, 0x7f, 0x80, 0x7f, 0x7f,
    0x7f, 0x7f, 0x7f, 0x7f, 0x7f, 0x7f, 0x7f, 0x7f, 0x7f, 0x7f, 0x7f, 0x7f,
    0x7f, 0x7f, 0x7f, 0x7f, 0x7f, 0x7f, 0x7f, 0x7f, 0x7f, 0x7f, 0x7f, 0x7f,
    0x7f, 0x7f, 0x7f, 0x7f, 0x7f, 0x7f, 0x7f, 0x7f, 0x7f, 0x7f, 0x7f, 0x7f,
    0x7f, 0x7f, 0x7f, 0x7f, 0x7f, 0x7f, 0x7f, 0x7f, 0x7f, 0x7f, 0x7f, 0x7f,
    0x7f, 0x7f, 0x7f, 0x7f, 0x7f, 0x7f, 0x7f, 0x7f, 0x7f, 0x7f, 0x7f, 0x7f,
    0x7f, 0x7f, 0x7f, 0x7f, 0x7f, 0x7f, 0x7f, 0x7f, 0x7f, 0x7f, 0x7f, 0x7f,
    0x7f, 0x7f, 0x7f, 0x7f, 0x7f, 0x7f, 0x7f, 0x7f, 0x7f, 0x7f, 0x7f, 0x7f,
    0x7f, 0x7f, 0x7f, 0x7f, 0x7f, 0x7f, 0x7f, 0x7f, 0x7f, 0x7f, 0x7f, 0x7f,
    0x7f, 0x7f, 0x7f, 0x7f, 0x7f, 0x7f, 0x7f, 0x7f, 0x7f, 0x7f, 0x7f, 0x7f,
    0x7f, 0x7f, 0x7f, 0x7f, 0x7f, 0x7f, 0x7f, 0x7f, 0x7f, 0x7f, 0x7f, 0x7f,
    0x7f, 0x7f, 0x7f, 0x7f, 0x7f, 0x7f, 0x7f, 0x7f, 0x7f, 0x7f, 0x7f, 0x7f,
    0x7f, 0x7f, 0x7f, 0x7f, 0x7f, 0x7f, 0x7f, 0x7f, 0x7f, 0x7f, 0x7f, 0x7f,
    0x7f, 0x7f, 0x7f, 0x7f, 0x7f, 0x7f, 0x7f, 0x7f, 0x7f, 0x7f, 0x7f, 0x7f,
    0x7f, 0x7f, 0x80, 0x7f, 0x7f, 0x7f, 0x7f, 0x7f, 0x7f, 0x7f, 0x7f, 0x7f,
    0x7f, 0x7f, 0x7f, 0x7f, 0x7f, 0x7f, 0x7f, 0x7f, 0x7f, 0x7f, 0x80, 0x80,
    0x7f, 0x7f, 0x7f, 0x7f, 0x7f, 0x7f, 0x7f, 0x7f, 0x80, 0x7f, 0x7f, 0x7f,
    0x7f, 0x7f, 0x7f, 0x7f, 0x7f, 0x7f, 0x7f, 0x7f, 0x7f, 0x7f, 0x7f, 0x7f,
    0x7f, 0x7f, 0x7f, 0x7f, 0x7f, 0x7f, 0x7f, 0x7f, 0x7f, 0x7f, 0x7f, 0x7f,
    0x80, 0x7f, 0x7f, 0x7f, 0x80, 0x7f, 0x7f, 0x7f, 0x7f, 0x7f, 0x7f, 0x7f,
    0x7f, 0x7f, 0x7f, 0x7f, 0x7f, 0x7f, 0x80, 0x7f, 0x7f, 0x7f, 0x7f, 0x80,
    0x7f, 0x7f, 0x7f, 0x7f, 0x7f, 0x7f, 0x7f, 0x7f, 0x7f, 0x7f, 0x7f, 0x7f,
    0x7f, 0x7f, 0x7f, 0x80, 0x80, 0x7f, 0x7f, 0x7f, 0x7f, 0x7f, 0x7f, 0x7f,
    0x7f, 0x7f, 0x7f, 0x7f, 0x7f, 0x7f, 0x7f, 0x7f, 0x7f, 0x7f, 0x7f, 0x7f,
    0x7f, 0x7f, 0x7f, 0x7f, 0x7f, 0x7f, 0x7f, 0x7f, 0x7f, 0x7f, 0x7f, 0x7f,
    0x7f, 0x80, 0x7f, 0x7f, 0x7f, 0x7f, 0x7f, 0x7f, 0x7f, 0x7f, 0x7f, 0x7f,
    0x7f, 0x7f, 0x7f, 0x7f, 0x7f, 0x7f, 0x7f, 0x7f, 0x7f, 0x7f, 0x7f, 0x7f,
    0x7f, 0x7f, 0x7f, 0x7f, 0x7f, 0x7f, 0x7f, 0x7f, 0x7f, 0x7f, 0x7f, 0x7f,
    0x7f, 0x7f, 0x7f, 0x7f, 0x7f, 0x7f, 0x7f, 0x7f, 0x7f, 0x7f, 0x7f, 0x7f,
    0x7f, 0x7f, 0x7f, 0x7f, 0x7f, 0x7f, 0x7f, 0x7f, 0x7f, 0x7f, 0x7f, 0x7f,
    0x7f, 0x7f, 0x7f, 0x7f, 0x7f, 0x7f, 0x7f, 0x7f, 0x7f, 0x7f, 0x7f, 0x7f,
    0x7f, 0x7f, 0x7f, 0x7f, 0x7f, 0x7f, 0x7f, 0x7f, 0x7f, 0x7f, 0x7f, 0x7f,
    0x7f, 0x7f, 0x7f, 0x7f, 0x7f, 0x7f, 0x7f, 0x7f, 0x7f, 0x7f, 0x7f, 0x7f,
    0x7f, 0x7f, 0x7f, 0x7f, 0x7f, 0x7f, 0x7f, 0x7f, 0x7f, 0x7f, 0x7f, 0x7f,
    0x7f, 0x7f, 0x7f, 0x7f, 0x7f, 0x7f, 0x7f, 0x7f, 0x7f, 0x7f, 0x7f, 0x7f,
    0x7f, 0x7f, 0x7f, 0x7f, 0x7f, 0x7f, 0x7f, 0x7f, 0x7f, 0x7f, 0x7f, 0x7f,
    0x7f, 0x7f, 0x7f, 0x7f, 0x7f, 0x7f, 0x7f, 0x7f, 0x7f, 0x7f, 0x7f, 0x7f,
    0x7f, 0x7f, 0x7f, 0x7f, 0x7f, 0x7f, 0x7f, 0x7f, 0x7f, 0x7f, 0x7f, 0x7f,
    0x7f, 0x7f, 0x7f, 0x7f, 0x7f, 0x7f, 0x7f, 0x7f, 0x7f, 0x7f, 0x7f, 0x7f,
    0x7f, 0x7f, 0x7f, 0x7f, 0x7f, 0x7f, 0x7f, 0x7f, 0x7f, 0x7f, 0x7f, 0x7f,
    0x7f, 0x7f, 0x7f, 0x7f, 0x7f, 0x7f, 0x7f, 0x7f, 0x7f, 0x7f, 0x7f, 0x7f,
    0x7f, 0x7f, 0x7f, 0x7f, 0x7f, 0x7f, 0x7f, 0x7f, 0x7f, 0x7f, 0x7f, 0x7f,
    0x7f, 0x7f, 0x7f, 0x7f, 0x7f, 0x7f, 0x7f, 0x7f, 0x7f, 0x7f, 0x7f, 0x7f,
    0x7f, 0x7f, 0x7f, 0x7f, 0x7f, 0x7f, 0x7f, 0x7f, 0x7f, 0x7f, 0x7f, 0x7f,
    0x7f, 0x7f, 0x7f, 0x7f, 0x7f, 0x7f, 0x7f, 0x7f, 0x7f, 0x7f, 0x7f, 0x7f,
    0x7f, 0x7f, 0x7f, 0x7f, 0x7f, 0x7f, 0x7f, 0x7f, 0x7f, 0x7f, 0x7f, 0x7f,
    0x7f, 0x7f, 0x7f, 0x7f, 0x7f, 0x7f, 0x7f, 0x7f, 0x7f, 0x7f, 0x7f, 0x7f,
    0x7f, 0x7f, 0x7f, 0x7f, 0x7f, 0x7f, 0x7f, 0x7f, 0x7f, 0x7f, 0x7f, 0x7f,
    0x7f, 0x7f, 0x7f, 0x7f, 0x7f, 0x7f, 0x7f, 0x7f, 0x7f, 0x7f, 0x7f, 0x7f,
    0x7f, 0x7f, 0x7f, 0x7f, 0x7f, 0x7f, 0x7f, 0x7f, 0x7f, 0x7f, 0x7f, 0x7f,
    0x7f, 0x7f, 0x7f, 0x7f, 0x7f, 0x7f, 0x7f, 0x7f, 0x7f, 0x7f, 0x7f, 0x7f,
    0x7f, 0x7f, 0x7f, 0x7f, 0x7f, 0x7f, 0x7f, 0x7f, 0x7f, 0x7f, 0x7f, 0x7f,
    0x7f, 0x7f, 0x7f, 0x7f, 0x7f, 0x7f, 0x7f, 0x7f, 0x7f, 0x7f, 0x7f, 0x7f,
    0x7f, 0x7f, 0x7f, 0x7f, 0x7f, 0x7f, 0x7f, 0x7f, 0x7f, 0x7f, 0x7f, 0x7f,
    0x7f, 0x7f, 0x7f, 0x7f, 0x7f, 0x7f, 0x7f, 0x7f, 0x7f, 0x7f, 0x7f, 0x7f,
    0x7f, 0x7f, 0x7f, 0x7f, 0x7f, 0x7f, 0x7f, 0x7f, 0x7f, 0x7f, 0x7f, 0x7f,
    0x7f, 0x7f, 0x7f, 0x7f, 0x7f, 0x7f, 0x7f, 0x7f, 0x7f, 0x7f, 0x7f, 0x7f,
    0x7f, 0x7f, 0x7f, 0x7f, 0x7f, 0x7f, 0x7f, 0x7f, 0x7f, 0x7f, 0x7f, 0x7f,
    0x7f, 0x7f, 0x7f, 0x7f, 0x7f, 0x7f, 0x7f, 0x7f, 0x7f, 0x7f, 0x7f, 0x7f,
    0x7f, 0x7f, 0x7f, 0x7f, 0x7f, 0x7f, 0x7f, 0x7f, 0x7f, 0x7f, 0x7f, 0x7f,
    0x7f, 0x7f, 0x7f, 0x7f, 0x7f, 0x7f, 0x7f, 0x7f, 0x7f, 0x7f, 0x7f, 0x7f,
    0x7f, 0x7f, 0x7f, 0x7f, 0x7f, 0x7f, 0x7f, 0x7f, 0x7f, 0x7f, 0x7f, 0x7f,
    0x7f, 0x7f, 0x7f, 0x7f, 0x7f, 0x7f, 0x7f, 0x7f, 0x7f, 0x7f, 0x7f, 0x7f,
    0x7f, 0x7f, 0x7f, 0x7f, 0x7f, 0x7f, 0x7f, 0x7f, 0x7f, 0x7f, 0x80, 0x7f,
    0x7f, 0x7f, 0x7f, 0x7f, 0x7f, 0x7f, 0x7f, 0x7f, 0x7f, 0x7f, 0x7f, 0x7f,
    0x7f, 0x7f, 0x7f, 0x7f, 0x7f, 0x7f, 0x7f, 0x7f, 0x7f, 0x7f, 0x7f, 0x7f,
    0x7f, 0x7f, 0x7f, 0x7f, 0x7f, 0x7f, 0x7f, 0x7f, 0x7f, 0x7f, 0x7f, 0x7f,
    0x7f, 0x7f, 0x7f, 0x7f, 0x7f, 0x7f, 0x7f, 0x7f, 0x7f, 0x7f, 0x7f, 0x7f,
    0x7f, 0x7f, 0x7f, 0x7f, 0x7f, 0x7f, 0x7f, 0x7f, 0x7f, 0x7f, 0x7f, 0x7f,
    0x7f, 0x7f, 0x7f, 0x7f, 0x7f, 0x7f, 0x7f, 0x7f, 0x7f, 0x7f, 0x80, 0x7f,
    0x7f, 0x7f, 0x80, 0x7f, 0x7f, 0x7f, 0x7f, 0x7f, 0x7f, 0x7f, 0x7f, 0x7f,
    0x7f, 0x7f, 0x7f, 0x7f, 0x7f, 0x7f, 0x7f, 0x7f, 0x7f, 0x7f, 0x7f, 0x7f,
    0x7f, 0x7f, 0x7f, 0x80, 0x7f, 0x7f, 0x80, 0x7f, 0x7f, 0x7f, 0x7f, 0x7f,
    0x7f, 0x7f, 0x7f, 0x7f, 0x7f, 0x7f, 0x7f, 0x7f, 0x7f, 0x7f, 0x7f, 0x7f,
    0x7f, 0x7f, 0x7f, 0x7f, 0x7f, 0x7f, 0x80, 0x7f, 0x7f, 0x7f, 0x7f, 0x7f,
    0x7f, 0x7f, 0x7f, 0x7f, 0x7f, 0x7f, 0x7f, 0x7f, 0x7f, 0x7f, 0x7f, 0x7f,
    0x7f, 0x7f, 0x7f, 0x7f, 0x7f, 0x7f, 0x7f, 0x7f, 0x7f, 0x7f, 0x7f, 0x7f,
    0x7f, 0x7f, 0x7f, 0x7f, 0x7f, 0x7f, 0x7f, 0x7f, 0x7f, 0x7f, 0x7f, 0x80,
    0x7f, 0x7f, 0x7f, 0x7f, 0x7f, 0x7f, 0x7f, 0x7f, 0x7f, 0x7f, 0x7f, 0x7f,
    0x7f, 0x7f, 0x7f, 0x7f, 0x7f, 0x7f, 0x7f, 0x7f, 0x7f, 0x7f, 0x7f, 0x7f,
    0x7f, 0x7f, 0x7f, 0x7f, 0x7f, 0x7f, 0x7f, 0x80, 0x80, 0x7f, 0x80, 0x7f,
    0x7f, 0x80, 0x7f, 0x7f, 0x7f, 0x7f, 0x7f, 0x7f, 0x7f, 0x7f, 0x7f, 0x7f,
    0x7f, 0x80, 0x7f, 0x7f, 0x7f, 0x7f, 0x7f, 0x7f, 0x7f, 0x7f, 0x7f, 0x7f,
    0x7f, 0x7f, 0x7f, 0x7f, 0x7f, 0x7f, 0x7f, 0x7f, 0x7f, 0x7f, 0x7f, 0x7f,
    0x7f, 0x80, 0x7f, 0x7f, 0x7f, 0x7f, 0x7f, 0x80, 0x7f, 0x7f, 0x7f, 0x7f,
    0x7f, 0x7f, 0x7f, 0x7f, 0x7f, 0x7f, 0x7f, 0x7f, 0x7f, 0x7f, 0x7f, 0x7f,
    0x7f, 0x7f, 0x7f, 0x7f, 0x7f, 0x7f, 0x7f, 0x7f, 0x7f, 0x7f, 0x7f, 0x7f,
    0x7f, 0x7f, 0x7f, 0x7f, 0x7f, 0x7f, 0x7f, 0x7f, 0x7f, 0x7f, 0x7f, 0x7f,
    0x7f, 0x80, 0x80, 0x7f, 0x7f, 0x80, 0x80, 0x7f, 0x7f, 0x80, 0x80, 0x7f,
    0x7f, 0x7f, 0x7f, 0x7f, 0x7f, 0x7f, 0x80, 0x80, 0x80, 0x7f, 0x80, 0x7f,
    0x7f, 0x7f, 0x7f, 0x7f, 0x7f, 0x7f, 0x7f, 0x7f, 0x7f, 0x7f, 0x7f, 0x7f,
    0x7f, 0x7f, 0x80, 0x7f, 0x7f, 0x7f, 0x7f, 0x7f, 0x80, 0x7f, 0x7f, 0x7f,
    0x7f, 0x7f, 0x7f, 0x80, 0x80, 0x7f, 0x80, 0x7f, 0x7f, 0x7f, 0x7f, 0x7f,
    0x7f, 0x80, 0x7f, 0x7f, 0x7f, 0x7f, 0x7f, 0x80, 0x7f, 0x7f, 0x7f, 0x7f,
    0x7f, 0x80, 0x7f, 0x7f, 0x7f, 0x7f, 0x80, 0x7f, 0x7f, 0x7f, 0x80, 0x7f,
    0x7f, 0x7f, 0x7f, 0x7f, 0x7f, 0x7f, 0x7f, 0x80, 0x7f, 0x7f, 0x80, 0x7f,
    0x7f, 0x80, 0x80, 0x80, 0x80, 0x80, 0x7f, 0x80, 0x80, 0x7f, 0x7f, 0x7f,
    0x7f, 0x7f, 0x7f, 0x7f, 0x7f, 0x7f, 0x7f, 0x7f, 0x7f, 0x7f, 0x7f, 0x7f,
    0x7f, 0x80, 0x80, 0x7f, 0x80, 0x7f, 0x7f, 0x7f, 0x7f, 0x80, 0x80, 0x80,
    0x80, 0x80, 0x80, 0x80, 0x7f, 0x7f, 0x7f, 0x7f, 0x80, 0x7f, 0x7f, 0x7f,
    0x7f, 0x80, 0x80, 0x7f, 0x7f, 0x7f, 0x7f, 0x7f, 0x7f, 0x7f, 0x7f, 0x7f,
    0x7f, 0x7f, 0x7f, 0x7f, 0x7f, 0x7f, 0x7f, 0x80, 0x7f, 0x7f, 0x7f, 0x7f,
    0x7f, 0x80, 0x80, 0x7f, 0x7f, 0x7f, 0x7f, 0x7f, 0x7f, 0x80, 0x7f, 0x7f,
    0x7f, 0x7f, 0x7f, 0x7f, 0x80, 0x7f, 0x7f, 0x7f, 0x7f, 0x7f, 0x80, 0x80,
    0x80, 0x7f, 0x7f, 0x80, 0x7f, 0x7f, 0x80, 0x7f, 0x7f, 0x7f, 0x7f, 0x7f,
    0x7f, 0x7f, 0x7f, 0x7f, 0x80, 0x80, 0x7f, 0x7f, 0x7f, 0x80, 0x7f, 0x7f,
    0x7f, 0x7f, 0x7f, 0x7f, 0x7f, 0x7f, 0x80, 0x80, 0x7f, 0x7f, 0x7f, 0x7f,
    0x7f, 0x7f, 0x80, 0x7f, 0x7f, 0x7f, 0x7f, 0x80, 0x80, 0x80, 0x7f, 0x7f,
    0x7f, 0x80, 0x80, 0x7f, 0x7f, 0x7f, 0x7f, 0x7f, 0x7f, 0x7f, 0x7f, 0x7f,
    0x7f, 0x7f, 0x7f, 0x7f, 0x7f, 0x80, 0x7f, 0x7f, 0x7f, 0x7f, 0x7f, 0x80,
    0x7f, 0x80, 0x80, 0x7f, 0x7f, 0x80, 0x80, 0x80, 0x7f, 0x7f, 0x7f, 0x7f,
    0x7f, 0x80, 0x7f, 0x80, 0x7f, 0x7f, 0x7f, 0x7f, 0x7f, 0x7f, 0x7f, 0x7f,
    0x7f, 0x7f, 0x80, 0x7f, 0x7f, 0x7f, 0x7f, 0x7f, 0x7f, 0x7f, 0x7f, 0x7f,
    0x7f, 0x7f, 0x7f, 0x7f, 0x7f, 0x7f, 0x80, 0x7f, 0x80, 0x7f, 0x7f, 0x7f,
    0x7f, 0x7f, 0x7f, 0x7f, 0x7f, 0x7f, 0x80, 0x7f, 0x7f, 0x7f, 0x7f, 0x7f,
    0x80, 0x7f, 0x7f, 0x7f, 0x7f, 0x80, 0x7f, 0x7f, 0x7f, 0x7f, 0x7f, 0x7f,
    0x7f, 0x7f, 0x7f, 0x80, 0x80, 0x80, 0x7f, 0x80, 0x7f, 0x7f, 0x7f, 0x80,
    0x7f, 0x7f, 0x80, 0x7f, 0x7f, 0x80, 0x7f, 0x7f, 0x80, 0x7f, 0x7f, 0x7f,
    0x7f, 0x7f, 0x80, 0x7f, 0x80, 0x80, 0x80, 0x7f, 0x7f, 0x7f, 0x80, 0x7f,
    0x7f, 0x7f, 0x80, 0x80, 0x80, 0x7f, 0x7f, 0x80, 0x7f, 0x7f, 0x80, 0x7f,
    0x7f, 0x7f, 0x80, 0x7f, 0x80, 0x7f, 0x7f, 0x7f, 0x80, 0x7f, 0x7f, 0x80,
    0x7f, 0x80, 0x80, 0x80, 0x80, 0x7f, 0x80, 0x80, 0x80, 0x7f, 0x80, 0x80,
    0x80, 0x80, 0x80, 0x80, 0x7f, 0x80, 0x7f, 0x7f, 0x80, 0x80, 0x80, 0x80,
    0x7f, 0x7f, 0x80, 0x80, 0x7f, 0x7f, 0x80, 0x80, 0x80, 0x7f, 0x80, 0x80,
    0x80, 0x80, 0x7f, 0x7f, 0x80, 0x7f, 0x80, 0x80, 0x7f, 0x7f, 0x7f, 0x80,
    0x80, 0x80, 0x7f, 0x80
  };
  unsigned int SOUND_LEN = 40000;


uint8_t dsp_read() {
    while (!(inb(DSP_READ_STATUS) & 0x80));
    return inb(DSP_READ);
}

void dsp_write(uint8_t value) {
    while (inb(DSP_WRITE) & 0x80);
    outb(DSP_WRITE, value);
}

void sb16_reset() {
    outb(DSP_RESET, 1);
    io_wait();
    outb(DSP_RESET, 0);
    while (!(inb(DSP_READ_STATUS) & 0x80));
    if (inb(DSP_READ) != 0xAA) {
        // failed
    }
}

void dsp_set_sample_rate(uint16_t rate) {
    dsp_write(0x41);
    dsp_write(rate >> 8);
    dsp_write(rate & 0xFF);
}

void dma_setup(uint8_t* buf, size_t length) {
    outb(DMA_MASK, DMA_CHANNEL | 0x04); // mask
    outb(DMA_CLEAR, 0x00); // clear flip-flop
    outb(DMA_MODE, 0x48); // single-cycle, read, autoinit, 8-bit

    uint32_t addr = (uint32_t)buf;
    uint16_t offset = addr >> 0;
    uint8_t page = addr >> 16;

    outb(DMA_ADDR, offset & 0xFF);
    outb(DMA_ADDR, (offset >> 8) & 0xFF);

    outb(DMA_PAGE, page);

    uint16_t count = length - 1;
    outb(DMA_COUNT, count & 0xFF);
    outb(DMA_COUNT, (count >> 8) & 0xFF);

    outb(DMA_MASK, DMA_CHANNEL); // unmask
}

void play_wav(const unsigned char* data, size_t length) {
    sb16_reset();
    dsp_set_sample_rate(40100);
    dma_setup(data, length);

    dsp_write(0xC6); // 8-bit DAC (Direct Memory Access)
    dsp_write(0x02); // Mono
    dsp_write((length - 1) & 0xFF); // Lower byte of data length
    dsp_write((length - 1) >> 8); // Upper byte of data length
}

void play_monkey_sound() {
    play_wav(sound_buffer, SOUND_LEN);
}

// end monkey
